{
"type": "FeatureCollection",
"name": "block",
"crs": { "type": "name", "properties": { "name": "urn:ogc:def:crs:EPSG::32618" } },
"features": [
{ "type": "Feature", "properties": { "OBJECTID": 1, "Block_Groups_TOTPOP10": 2058, "Block_Groups_PopOver65": 119, "Block_Groups_Over65Density": 57823.12925170068, "Shape_Length": 8344.8878198497587, "Shape_Area": 1849573.5703927302 }, "geometry": { "type": "Polygon", "coordinates": [ [ [ -656544.578712068032473, 4881628.401260897517204 ], [ -656682.686295947059989, 4881661.374952614307404 ], [ -656737.765577808720991, 4881669.434390053153038 ], [ -656806.058484166162089, 4881670.783704690635204 ], [ -657028.942872929153964, 4881623.184291851706803 ], [ -657065.916918481700122, 4881640.108968367800117 ], [ -657112.776002905564383, 4881695.518738270737231 ], [ -657146.89622624614276, 4881720.202534859068692 ], [ -657332.758311094949022, 4881742.723083202727139 ], [ -657368.072392471367493, 4881751.857675278559327 ], [ -657390.270493629388511, 4881771.470956252887845 ], [ -657477.303267862880602, 4881682.282656363211572 ], [ -657518.409632784314454, 4881662.407909101806581 ], [ -657557.238893528468907, 4881655.645005071535707 ], [ -657681.163805021671578, 4881674.920150325633585 ], [ -657825.867661220021546, 4881687.301909916102886 ], [ -658123.343767021782696, 4881747.99644055403769 ], [ -658146.667455148650333, 4881743.794993952848017 ], [ -658285.855109452502802, 4881683.936157610267401 ], [ -658322.142134898109362, 4881674.483718479983509 ], [ -658444.117832758463919, 4881674.672680022194982 ], [ -658580.951496068853885, 4881697.708924359641969 ], [ -658711.747620715759695, 4881673.169500139541924 ], [ -658751.029291940853, 4881672.494640816934407 ], [ -658921.775343964109197, 4881695.430488543584943 ], [ -658798.934225815813988, 4882302.191363899037242 ], [ -659008.855449908180162, 4882337.952391130849719 ], [ -659095.102817344479263, 4882335.695565694011748 ], [ -659603.523904359899461, 4882421.908404701389372 ], [ -659614.151084447046742, 4882382.483175807632506 ], [ -659625.285300251096487, 4882340.144163594581187 ], [ -659658.718019319232553, 4882208.627619358710945 ], [ -659814.331998714013025, 4881452.922090403735638 ], [ -658389.065037596970797, 4881259.097739124670625 ], [ -657558.889306578086689, 4881117.121932455338538 ], [ -657393.732146157417446, 4881096.696812079288065 ], [ -657255.357616366818547, 4881065.166333664208651 ], [ -657143.972943451721221, 4881147.137751884758472 ], [ -656938.753526689484715, 4881275.103890079073608 ], [ -656772.970890284981579, 4881358.137612007558346 ], [ -656588.565304391784593, 4881435.688908187672496 ], [ -656581.920293119503185, 4881465.300859346054494 ], [ -656544.578712068032473, 4881628.401260897517204 ] ] ] } },
{ "type": "Feature", "properties": { "OBJECTID": 2, "Block_Groups_TOTPOP10": 2466, "Block_Groups_PopOver65": 239, "Block_Groups_Over65Density": 96918.085969180858, "Shape_Length": 9295.3838471293493, "Shape_Area": 3468286.9646748397 }, "geometry": { "type": "Polygon", "coordinates": [ [ [ -674349.222007843898609, 4853632.02950990665704 ], [ -674646.182804007083178, 4854146.183074960485101 ], [ -674646.8194584348239, 4854159.868544445373118 ], [ -674898.806284035090357, 4853549.276461899280548 ], [ -674922.17272767261602, 4853402.517151544801891 ], [ -674969.24759304500185, 4853401.690039076842368 ], [ -675003.288914475822821, 4853423.475501589477062 ], [ -675008.754296662751585, 4853396.524236155673862 ], [ -674995.11922435509041, 4853383.58310422860086 ], [ -674975.798350197030231, 4853377.190976439975202 ], [ -675000.306385625386611, 4853293.228062437847257 ], [ -675047.305149706546217, 4853167.184216836467385 ], [ -675137.37166678160429, 4852950.60669329110533 ], [ -675271.704682731768116, 4852562.983186586759984 ], [ -675285.607496243435889, 4852505.066213914193213 ], [ -675303.44477771804668, 4852173.25467392988503 ], [ -675340.772996566491202, 4852028.901673845946789 ], [ -675305.962797173531726, 4851959.453816575929523 ], [ -675297.507649825653061, 4851873.486112862825394 ], [ -675289.53075827518478, 4851463.958805425092578 ], [ -675322.454237438272685, 4851249.412225298583508 ], [ -675459.796458081109449, 4850441.187429727055132 ], [ -674590.133213953813538, 4850282.609649764373899 ], [ -674576.303516435204074, 4850348.856091721914709 ], [ -674585.062068545259535, 4850411.4981126813218 ], [ -674690.919209270272404, 4850581.620109000243247 ], [ -674636.25601500691846, 4850612.823345182463527 ], [ -674566.896038762992248, 4850624.109410191886127 ], [ -674417.439482952468097, 4850604.069136729463935 ], [ -674308.491422643652186, 4850560.165864463895559 ], [ -674297.647687955060974, 4850761.22078859899193 ], [ -674295.660340376431122, 4851080.749216879718006 ], [ -674288.925726558780298, 4851167.084881423972547 ], [ -674038.055435726419091, 4852639.487945280969143 ], [ -673955.855985093163326, 4853067.111848245374858 ], [ -673939.792341127758846, 4853102.771925303153694 ], [ -673975.752942833350971, 4853130.919526970945299 ], [ -674108.925422238186002, 4853278.604704214259982 ], [ -674349.222007843898609, 4853632.02950990665704 ] ] ] } },
{ "type": "Feature", "properties": { "OBJECTID": 3, "Block_Groups_TOTPOP10": 2771, "Block_Groups_PopOver65": 178, "Block_Groups_Over65Density": 64236.737639841216, "Shape_Length": 7740.3911948906098, "Shape_Area": 2150244.7155174147 }, "geometry": { "type": "Polygon", "coordinates": [ [ [ -675902.477191149257123, 4865868.101215262897313 ], [ -675924.179586232639849, 4865877.934696827083826 ], [ -675945.332900984445587, 4865895.202228533104062 ], [ -676096.697981639765203, 4865743.297802040353417 ], [ -676148.640370848355815, 4865705.725433920510113 ], [ -676230.368448443012312, 4865662.085699142888188 ], [ -676300.697887711692601, 4865636.025163423269987 ], [ -676347.163465995108709, 4865625.355584461241961 ], [ -676439.032630479196087, 4865614.37402733322233 ], [ -676499.228580014314502, 4865615.906280932947993 ], [ -676596.323906351812184, 4865639.733749347738922 ], [ -676674.557468349346891, 4865680.584240752272308 ], [ -677085.523950644768775, 4865991.506542090326548 ], [ -677168.847366655943915, 4866037.776792956516147 ], [ -677224.23781296168454, 4866058.053090182133019 ], [ -677303.12686222535558, 4866077.940712966024876 ], [ -677382.475229082163423, 4866086.613424517214298 ], [ -677944.709537442773581, 4866095.824046107009053 ], [ -678091.210438050096855, 4865799.984548768959939 ], [ -678132.063530072337016, 4865743.900613756850362 ], [ -678200.870974485063925, 4865696.497596885077655 ], [ -678575.199811337748542, 4865497.950046234764159 ], [ -678625.424885949352756, 4865448.784552440047264 ], [ -678642.335567261790857, 4865417.109650624915957 ], [ -678653.674903262406588, 4865378.42863121535629 ], [ -678712.594909618608654, 4865095.017544221132994 ], [ -677909.726256384979934, 4864970.428300900384784 ], [ -677461.124012624844909, 4864899.130413102917373 ], [ -676946.525644093053415, 4864816.273593125864863 ], [ -676398.54555743932724, 4864729.857624243013561 ], [ -676391.143190855626017, 4864767.723702411167324 ], [ -676319.947326762368903, 4864824.519306904636323 ], [ -676297.054209331516176, 4864855.89999561663717 ], [ -676284.703478873241693, 4864900.428193458355963 ], [ -676292.207207350526005, 4864956.725752699188888 ], [ -676352.006504872115329, 4865175.843721479177475 ], [ -676375.768271234119311, 4865234.24066739436239 ], [ -676432.010181659832597, 4865271.226969038136303 ], [ -676489.094139662804082, 4865294.805189072154462 ], [ -676511.256157574243844, 4865293.424301826395094 ], [ -676567.201357180019841, 4865276.134095832705498 ], [ -676610.591236160136759, 4865282.999478215351701 ], [ -676564.201048319693655, 4865405.145993208512664 ], [ -676539.768072356469929, 4865445.290284064598382 ], [ -676505.399636681191623, 4865473.146007620729506 ], [ -676455.486606681719422, 4865486.222671710886061 ], [ -676171.785627519944683, 4865444.702183291316032 ], [ -676135.657152203610167, 4865448.150848997756839 ], [ -676114.76196721708402, 4865459.54521666560322 ], [ -676093.373593591153622, 4865486.667801484465599 ], [ -676055.245961027918383, 4865647.912604970857501 ], [ -676041.502412562025711, 4865683.15378599986434 ], [ -675922.101723984116688, 4865816.57335159368813 ], [ -675902.477191149257123, 4865868.101215262897313 ] ] ] } },
{ "type": "Feature", "properties": { "OBJECTID": 4, "Block_Groups_TOTPOP10": 1529, "Block_Groups_PopOver65": 191, "Block_Groups_Over65Density": 124918.24722040549, "Shape_Length": 17444.867633271679, "Shape_Area": 12498385.41555668 }, "geometry": { "type": "Polygon", "coordinates": [ [ [ -663907.232167735463008, 4886376.101195923052728 ], [ -661881.221515086013824, 4886030.353166919201612 ], [ -661777.224429568741471, 4886682.114403771236539 ], [ -661642.42945618997328, 4887583.455400889739394 ], [ -661109.07204644032754, 4890878.22849440947175 ], [ -661721.045231332303956, 4890979.934931342490017 ], [ -662876.232902678661048, 4891189.484296870417893 ], [ -663504.491714023752138, 4891297.210552012547851 ], [ -663551.9228039260488, 4891292.769302727654576 ], [ -663586.849403760861605, 4891282.389556464739144 ], [ -663621.844725203700364, 4891263.024395114742219 ], [ -663645.03130097524263, 4891242.341058578342199 ], [ -663676.582324281102046, 4891195.379344698973 ], [ -663713.944952654186636, 4891089.449045242741704 ], [ -663747.476451884722337, 4891022.587322163395584 ], [ -663773.780593207105994, 4890992.701164456084371 ], [ -663956.586898702662438, 4890829.753940389491618 ], [ -664096.951281795511022, 4890879.084490262903273 ], [ -664430.537099395412952, 4890981.017842636443675 ], [ -664505.568038551136851, 4891016.661360380239785 ], [ -664568.359636744717136, 4891074.907088208943605 ], [ -664609.014092738972977, 4891143.521604966372252 ], [ -664719.077561872312799, 4891421.515152795240283 ], [ -664748.565945010399446, 4891515.166258115321398 ], [ -664858.80971852527, 4891534.492215041071177 ], [ -664802.066714162705466, 4891420.315252699889243 ], [ -664756.135621778434142, 4891278.788328296504915 ], [ -664742.788183320313692, 4891208.96023119147867 ], [ -664735.490968199679628, 4891113.196409335359931 ], [ -664790.930361618287861, 4889856.247930132783949 ], [ -664808.939426082419232, 4889654.646747539751232 ], [ -664821.595749059459195, 4889578.110170867294073 ], [ -664831.192269013263285, 4889519.037701574154198 ], [ -664873.253508626716211, 4889296.137772051617503 ], [ -663476.683400260983035, 4889056.877062087878585 ], [ -663586.618219363968819, 4888389.814156176522374 ], [ -663644.419668682850897, 4887994.867209263145924 ], [ -663702.314074574736878, 4887685.431929328478873 ], [ -663907.232167735463008, 4886376.101195923052728 ] ] ] } },
{ "type": "Feature", "properties": { "OBJECTID": 5, "Block_Groups_TOTPOP10": 2903, "Block_Groups_PopOver65": 230, "Block_Groups_Over65Density": 79228.384429900107, "Shape_Length": 8101.6886699806964, "Shape_Area": 3826925.5511139035 }, "geometry": { "type": "Polygon", "coordinates": [ [ [ -663907.232167735463008, 4886376.101195923052728 ], [ -663702.314074574736878, 4887685.431929328478873 ], [ -663644.419668682850897, 4887994.867209263145924 ], [ -663586.618219363968819, 4888389.814156176522374 ], [ -663476.683400260983035, 4889056.877062087878585 ], [ -664873.253508626716211, 4889296.137772051617503 ], [ -664888.392235184088349, 4889261.286220907233655 ], [ -664955.014616555767134, 4888919.661962003447115 ], [ -665059.325046884128824, 4888496.102419168688357 ], [ -665183.029368368908763, 4887944.622536553069949 ], [ -665212.829411786282435, 4887778.788786005228758 ], [ -665233.430734562687576, 4887429.023728149011731 ], [ -665240.155931983841583, 4887171.350541695021093 ], [ -665266.742766267154366, 4886611.004472944885492 ], [ -664762.596789627335966, 4886522.74879689142108 ], [ -663907.232167735463008, 4886376.101195923052728 ] ] ] } },
{ "type": "Feature", "properties": { "OBJECTID": 6, "Block_Groups_TOTPOP10": 2151, "Block_Groups_PopOver65": 201, "Block_Groups_Over65Density": 93444.909344490938, "Shape_Length": 10871.643321676967, "Shape_Area": 3129275.4533199789 }, "geometry": { "type": "Polygon", "coordinates": [ [ [ -664821.595749059459195, 4889578.110170867294073 ], [ -664850.715204168809578, 4889579.46162961050868 ], [ -665041.847481445176527, 4889545.446148383431137 ], [ -665073.413458398543298, 4889545.727006800472736 ], [ -665130.772515693679452, 4889536.276826762594283 ], [ -665177.814780735177919, 4889521.268543136306107 ], [ -665209.648049256997183, 4889502.844968334771693 ], [ -665258.836165465181693, 4889462.710421252064407 ], [ -665376.762235262431204, 4889313.857651800848544 ], [ -665509.49321286007762, 4889252.359449145384133 ], [ -665627.412521530641243, 4889168.012017194181681 ], [ -665652.697907785885036, 4889161.192408593371511 ], [ -665675.862518904730678, 4889144.999539501033723 ], [ -665710.585717739770189, 4889131.582930456846952 ], [ -665790.570415906142443, 4889113.348852914758027 ], [ -665853.743895662249997, 4889109.421340450644493 ], [ -665950.911467808298767, 4889091.950685053132474 ], [ -666286.640908760251477, 4889105.064477209933102 ], [ -666306.999712841352448, 4889104.884331019595265 ], [ -666324.124944490147755, 4889097.385394146665931 ], [ -666338.832553635817021, 4889056.454524139873683 ], [ -666273.096523388987407, 4888967.656404362991452 ], [ -666236.469089376972988, 4888897.466726079583168 ], [ -666335.698864383623004, 4888928.372752475552261 ], [ -666752.207100781844929, 4888948.920107416808605 ], [ -666904.29682691488415, 4888034.765645426698029 ], [ -666981.479672842426226, 4887526.064015459269285 ], [ -666968.073805248131976, 4887525.213342483155429 ], [ -666928.856634027557448, 4887504.077819339931011 ], [ -666907.946332877967507, 4887511.665803686715662 ], [ -666887.766857183072716, 4887442.093838328495622 ], [ -666878.666407377459109, 4887420.987963222898543 ], [ -666868.438186763087288, 4887419.194139049388468 ], [ -666805.451792831299827, 4887443.415452833287418 ], [ -666791.44294313644059, 4887441.709107634611428 ], [ -666698.603557872585952, 4887494.462061638012528 ], [ -666694.993838013149798, 4887519.341143392957747 ], [ -666653.139033577637747, 4887539.014455275610089 ], [ -666647.571373004466295, 4887549.293386443518102 ], [ -666647.117700497619808, 4887560.46912335138768 ], [ -666669.602437835419551, 4887569.664344795048237 ], [ -666658.119462619535625, 4887587.910211467184126 ], [ -666591.887621279805899, 4887622.067159229889512 ], [ -666583.759142577415332, 4887616.89018015936017 ], [ -666581.743984051747248, 4887594.026502787135541 ], [ -666560.557597865583375, 4887590.311584057286382 ], [ -666550.862084817839786, 4887598.366030178964138 ], [ -666539.251921534072608, 4887617.339794518426061 ], [ -666532.046950783347711, 4887649.841576271690428 ], [ -666528.225980082992464, 4887701.694726756773889 ], [ -666550.405813268618658, 4887734.096332881599665 ], [ -666498.06166825722903, 4887723.417413214221597 ], [ -666460.407331692054868, 4887736.32354408595711 ], [ -666470.388093673624098, 4887769.587010618299246 ], [ -666495.362387191969901, 4887803.228393267840147 ], [ -666492.866627849172801, 4887826.05060669966042 ], [ -666482.370250733336434, 4887842.967938578687608 ], [ -666427.496107034850866, 4887859.606967848725617 ], [ -666341.807996235555038, 4887918.862771335989237 ], [ -666289.289582453202456, 4887930.663191632367671 ], [ -666270.771318086888641, 4887928.917192948050797 ], [ -666249.599254801636562, 4887907.94868769031018 ], [ -666218.441953953355551, 4887900.98583672195673 ], [ -666191.148064937675372, 4887867.689874717965722 ], [ -666194.721071993699297, 4887847.308077876456082 ], [ -666187.521122758276761, 4887832.540522857569158 ], [ -666169.988394349114969, 4887829.467059201560915 ], [ -666037.422333736205474, 4887881.25833048671484 ], [ -666005.464595359982923, 4887883.159563293680549 ], [ -665930.523266131523997, 4887846.765814889222383 ], [ -665918.927519591758028, 4887848.484922990202904 ], [ -665902.043479764368385, 4887871.78550077136606 ], [ -665854.178188079735264, 4887818.380158486776054 ], [ -665812.991354250814766, 4887752.640531567856669 ], [ -665784.326941411010921, 4887722.858079098165035 ], [ -665785.254687979118899, 4887713.266980317421257 ], [ -665813.977637393632904, 4887704.04485409706831 ], [ -665820.912204717984423, 4887690.254284339956939 ], [ -665826.536682900507003, 4887640.970450106076896 ], [ -665816.193238021107391, 4887622.651479343883693 ], [ -665788.6296960208565, 4887608.067557990550995 ], [ -665779.492109793471172, 4887591.460471981205046 ], [ -665774.366575487190858, 4887560.550485091283917 ], [ -665779.81674718321301, 4887533.744422356598079 ], [ -665764.950452924938872, 4887532.640096515417099 ], [ -665745.549738300498575, 4887471.467280645854771 ], [ -665722.531049660407007, 4887452.427991423755884 ], [ -665717.1845464669168, 4887418.477706047706306 ], [ -665726.402615461265668, 4887361.568429358303547 ], [ -665737.940787070197985, 4887351.584926635958254 ], [ -665786.494684341363609, 4887332.330366595648229 ], [ -665806.266496137483045, 4887314.035285798832774 ], [ -665846.389996322803199, 4887265.541462148539722 ], [ -665849.567075676750392, 4887217.326350341551006 ], [ -665867.808582878205925, 4887207.766895800828934 ], [ -665870.707698869286105, 4887195.519054475240409 ], [ -665810.090049344580621, 4887103.110692714340985 ], [ -665790.629950611852109, 4887080.942541147582233 ], [ -665770.173014766536653, 4887077.358520232141018 ], [ -665752.97235312522389, 4886999.310057435184717 ], [ -665756.474226713413373, 4886987.917878509499133 ], [ -665767.595662833657116, 4886984.613807709887624 ], [ -665794.976376141887158, 4886991.661846455186605 ], [ -665807.814161458984017, 4886987.157766913995147 ], [ -665859.408311162609607, 4886937.668964639306068 ], [ -665880.22500989632681, 4886926.308858040720224 ], [ -665852.031533618923277, 4886898.107863561250269 ], [ -665830.530115162720904, 4886887.587487717159092 ], [ -665829.426364775747061, 4886825.113287378102541 ], [ -665802.241713367868215, 4886808.344779478386045 ], [ -665796.245347739895806, 4886795.288261598907411 ], [ -665822.825327935628593, 4886763.926609875634313 ], [ -665833.610088878544047, 4886741.05347050447017 ], [ -665829.805624722735956, 4886728.380827525630593 ], [ -665805.728910131147131, 4886719.660559197887778 ], [ -665807.804160042898729, 4886703.515671332366765 ], [ -665827.518895641202107, 4886676.953846743330359 ], [ -665872.469472496304661, 4886635.302778210490942 ], [ -665897.368451729649678, 4886600.644082626327872 ], [ -665907.898504576645792, 4886579.226409964263439 ], [ -665904.917556101921946, 4886570.449738726951182 ], [ -665757.674124322133139, 4886594.181847982108593 ], [ -665716.212531325640157, 4886594.42306828033179 ], [ -665685.176897636847571, 4886586.735628930851817 ], [ -665608.850520522799343, 4886553.856736556626856 ], [ -665548.588326621102169, 4886541.051096788607538 ], [ -665530.251253351103514, 4886658.650833416730165 ], [ -665266.742766267154366, 4886611.004472944885492 ], [ -665240.155931983841583, 4887171.350541695021093 ], [ -665233.430734562687576, 4887429.023728149011731 ], [ -665212.829411786282435, 4887778.788786005228758 ], [ -665183.029368368908763, 4887944.622536553069949 ], [ -665059.325046884128824, 4888496.102419168688357 ], [ -664955.014616555767134, 4888919.661962003447115 ], [ -664888.392235184088349, 4889261.286220907233655 ], [ -664873.253508626716211, 4889296.137772051617503 ], [ -664831.192269013263285, 4889519.037701574154198 ], [ -664821.595749059459195, 4889578.110170867294073 ] ] ] } },
{ "type": "Feature", "properties": { "OBJECTID": 7, "Block_Groups_TOTPOP10": 538, "Block_Groups_PopOver65": 129, "Block_Groups_Over65Density": 239776.95167286246, "Shape_Length": 8072.5589623460555, "Shape_Area": 3410516.8805882689 }, "geometry": { "type": "Polygon", "coordinates": [ [ [ -664790.930361618287861, 4889856.247930132783949 ], [ -664735.490968199679628, 4891113.196409335359931 ], [ -664742.788183320313692, 4891208.96023119147867 ], [ -664756.135621778434142, 4891278.788328296504915 ], [ -664802.066714162705466, 4891420.315252699889243 ], [ -664858.80971852527, 4891534.492215041071177 ], [ -665373.779532471206039, 4891623.292583348229527 ], [ -666261.608359368983656, 4891774.571779863908887 ], [ -666298.421068414580077, 4891560.556844813749194 ], [ -666311.396504909731448, 4891538.08653109241277 ], [ -666328.935978621477261, 4891523.916655773296952 ], [ -666358.249226259533316, 4891515.562985323369503 ], [ -666429.362851303769276, 4891522.046453300863504 ], [ -666695.092165993526578, 4891573.197871590033174 ], [ -666755.00243380968459, 4891231.979526824317873 ], [ -666796.559214566834271, 4891081.025718464516103 ], [ -666838.256377594312653, 4890822.088125509209931 ], [ -666856.47176838805899, 4890769.783075393177569 ], [ -666904.607529321685433, 4890709.979647858068347 ], [ -666947.962088571395725, 4890668.837609295733273 ], [ -667249.179162487620488, 4890496.70471762213856 ], [ -667279.885917720384896, 4890467.592512894421816 ], [ -667297.795075786998495, 4890438.483210027217865 ], [ -667366.743071152130142, 4890037.272298820316792 ], [ -667116.02762111579068, 4889990.251902687363327 ], [ -667061.656902102287859, 4889991.208782310597599 ], [ -667004.164984255796298, 4890001.369888509623706 ], [ -666909.26696028932929, 4890040.221057245507836 ], [ -666791.462671055691317, 4890123.809200623072684 ], [ -666721.086811987916008, 4890160.213772566989064 ], [ -666634.370430544950068, 4890182.499476298689842 ], [ -666564.283728141803294, 4890182.951303827576339 ], [ -666161.880481627304107, 4890099.596497529186308 ], [ -664790.930361618287861, 4889856.247930132783949 ] ] ] } },
{ "type": "Feature", "properties": { "OBJECTID": 8, "Block_Groups_TOTPOP10": 1577, "Block_Groups_PopOver65": 107, "Block_Groups_Over65Density": 67850.348763474947, "Shape_Length": 3546.5869929434475, "Shape_Area": 508885.33607440209 }, "geometry": { "type": "Polygon", "coordinates": [ [ [ -667339.039866276085377, 4871775.134921858087182 ], [ -667517.658446834189817, 4871901.820787911303341 ], [ -667855.356548476498574, 4872184.881925114430487 ], [ -668255.731992702465504, 4872264.610152445733547 ], [ -668559.402901967987418, 4872232.710459228605032 ], [ -668604.139754907228053, 4872231.506480415351689 ], [ -668668.587684030411765, 4872225.476478014141321 ], [ -668725.585206527030095, 4872218.896571197547019 ], [ -668701.461034985492006, 4872175.57562378142029 ], [ -668698.569263973273337, 4872153.262298284098506 ], [ -668741.358111227862537, 4871934.387266558595002 ], [ -668650.259147191187367, 4871924.479763920418918 ], [ -668669.350108997663483, 4871720.256959199905396 ], [ -668559.898823476396501, 4871746.249833737500012 ], [ -668536.109621073817834, 4871757.132873569615185 ], [ -668389.852726321201771, 4871769.175142480060458 ], [ -668285.851651195902377, 4871785.59511664416641 ], [ -668227.325614092871547, 4871783.641399962827563 ], [ -668152.913271442521363, 4871764.624506299383938 ], [ -668121.611896926769987, 4871766.675976973958313 ], [ -667978.358327304478735, 4871735.634893025271595 ], [ -667867.738554055336863, 4871738.120450813323259 ], [ -667711.265398657415062, 4871761.174770732410252 ], [ -667642.584663627669215, 4871743.916777197271585 ], [ -667607.303216150263324, 4871755.803019216284156 ], [ -667578.64664236176759, 4871747.0389803359285 ], [ -667508.66211341205053, 4871706.995593236759305 ], [ -667434.886704069096595, 4871684.338484366424382 ], [ -667382.987159267999232, 4871644.44650184456259 ], [ -667384.610486067133024, 4871656.761353603564203 ], [ -667365.533987304195762, 4871727.123389097861946 ], [ -667339.039866276085377, 4871775.134921858087182 ] ] ] } },
{ "type": "Feature", "properties": { "OBJECTID": 9, "Block_Groups_TOTPOP10": 1135, "Block_Groups_PopOver65": 68, "Block_Groups_Over65Density": 59911.894273127757, "Shape_Length": 2637.0768726181768, "Shape_Area": 364622.25625406881 }, "geometry": { "type": "Polygon", "coordinates": [ [ [ -667610.960381908109412, 4873471.497506529092789 ], [ -667640.080077050253749, 4873516.430859207175672 ], [ -667620.864861743524671, 4873622.083590401336551 ], [ -667948.191559737082571, 4873687.555976896546781 ], [ -668435.41159511404112, 4873774.987674730829895 ], [ -668469.598215169273317, 4873579.474449787288904 ], [ -668369.700344075448811, 4873007.13085916172713 ], [ -668272.091403308091685, 4873120.896511816419661 ], [ -668199.586188599700108, 4873177.395075727254152 ], [ -668139.887343620182946, 4873203.801741288974881 ], [ -667810.144696138799191, 4873316.091817634180188 ], [ -667725.774777578888461, 4873358.487951033748686 ], [ -667713.769309812225401, 4873379.696616933681071 ], [ -667692.595457683084533, 4873401.558611479587853 ], [ -667610.960381908109412, 4873471.497506529092789 ] ] ] } },
{ "type": "Feature", "properties": { "OBJECTID": 10, "Block_Groups_TOTPOP10": 1042, "Block_Groups_PopOver65": 61, "Block_Groups_Over65Density": 58541.266794625721, "Shape_Length": 5223.6732890250414, "Shape_Area": 1084467.4279764255 }, "geometry": { "type": "Polygon", "coordinates": [ [ [ -668719.352881425991654, 4873825.395431487821043 ], [ -669092.615069347200915, 4873891.442916568368673 ], [ -669466.643474621931091, 4873953.135128597728908 ], [ -669518.754807307617739, 4873685.564063585363328 ], [ -669551.620463525410742, 4873523.641738791018724 ], [ -669659.427092106780037, 4872950.728964043781161 ], [ -669659.202082925243303, 4872883.011583833955228 ], [ -669642.074615516932681, 4872804.064043876715004 ], [ -669640.512120497180149, 4872735.359430975280702 ], [ -669706.569696669233963, 4872465.666265844367445 ], [ -669703.647756237303838, 4872447.858396631665528 ], [ -669684.506491610314697, 4872458.045683840289712 ], [ -669743.226785640465096, 4872221.651390044949949 ], [ -669694.30203322134912, 4872177.744986773468554 ], [ -669649.938890942139551, 4872112.075446698814631 ], [ -669630.521635405253619, 4872093.637395289726555 ], [ -669242.964358476223424, 4872358.996293280273676 ], [ -668726.680642973864451, 4872734.937122011557221 ], [ -669046.064792691031471, 4873169.763175993226469 ], [ -668904.161231682403013, 4873273.519335707649589 ], [ -669068.162391223013401, 4873500.705476780422032 ], [ -669035.295043526217341, 4873533.3018942726776 ], [ -668810.947609047172591, 4873715.858575224876404 ], [ -668757.764749840833247, 4873769.71144659165293 ], [ -668719.352881425991654, 4873825.395431487821043 ] ] ] } },
{ "type": "Feature", "properties": { "OBJECTID": 11, "Block_Groups_TOTPOP10": 1208, "Block_Groups_PopOver65": 73, "Block_Groups_Over65Density": 60430.463576158938, "Shape_Length": 2942.6877545831717, "Shape_Area": 476432.97101870098 }, "geometry": { "type": "Polygon", "coordinates": [ [ [ -668435.41159511404112, 4873774.987674730829895 ], [ -668633.692922493675724, 4873810.413778259418905 ], [ -668719.352881425991654, 4873825.395431487821043 ], [ -668757.764749840833247, 4873769.71144659165293 ], [ -668810.947609047172591, 4873715.858575224876404 ], [ -669035.295043526217341, 4873533.3018942726776 ], [ -669068.162391223013401, 4873500.705476780422032 ], [ -668904.161231682403013, 4873273.519335707649589 ], [ -669046.064792691031471, 4873169.763175993226469 ], [ -668726.680642973864451, 4872734.937122011557221 ], [ -668584.938494582660496, 4872833.472205626778305 ], [ -668403.202605452388525, 4872970.881204625591636 ], [ -668396.196994493715465, 4872976.423643377609551 ], [ -668369.700344075448811, 4873007.13085916172713 ], [ -668469.598215169273317, 4873579.474449787288904 ], [ -668435.41159511404112, 4873774.987674730829895 ] ] ] } },
{ "type": "Feature", "properties": { "OBJECTID": 12, "Block_Groups_TOTPOP10": 1417, "Block_Groups_PopOver65": 127, "Block_Groups_Over65Density": 89625.970359915314, "Shape_Length": 3456.7299005696345, "Shape_Area": 634540.57422410813 }, "geometry": { "type": "Polygon", "coordinates": [ [ [ -668454.441848061745986, 4875473.484236757270992 ], [ -668443.43466721335426, 4875540.710221696645021 ], [ -668436.732124079251662, 4875587.642880426719785 ], [ -668463.835063245380297, 4875540.521298785693944 ], [ -668479.085345617728308, 4875526.653224780224264 ], [ -669148.200457383878529, 4875660.294409609399736 ], [ -669241.483196954941377, 4875166.217941617593169 ], [ -669313.069233017973602, 4874778.817020138725638 ], [ -668678.804471399402246, 4874661.059355371631682 ], [ -668637.978010347113013, 4874631.364726876839995 ], [ -668562.381358997197822, 4874545.972745846956968 ], [ -668541.813900358276442, 4874978.378382286988199 ], [ -668454.441848061745986, 4875473.484236757270992 ] ] ] } },
{ "type": "Feature", "properties": { "OBJECTID": 13, "Block_Groups_TOTPOP10": 1134, "Block_Groups_PopOver65": 154, "Block_Groups_Over65Density": 135802.46913580247, "Shape_Length": 2934.2718976254109, "Shape_Area": 521962.38149007154 }, "geometry": { "type": "Polygon", "coordinates": [ [ [ -668392.909799543442205, 4875894.154827696271241 ], [ -668400.567788572516292, 4875996.961226715706289 ], [ -668432.166650129714981, 4876148.299444412812591 ], [ -668455.631219353061169, 4876195.245789058506489 ], [ -668480.78836448234506, 4876228.208351684734225 ], [ -668525.799206512514502, 4876268.403455685824156 ], [ -668970.829598842421547, 4876595.829676035791636 ], [ -669035.19622469204478, 4876258.360947916284204 ], [ -669064.749722950393334, 4876098.178961894474924 ], [ -669108.245419526705518, 4875871.282245451584458 ], [ -669148.200457383878529, 4875660.294409609399736 ], [ -668479.085345617728308, 4875526.653224780224264 ], [ -668463.835063245380297, 4875540.521298785693944 ], [ -668436.732124079251662, 4875587.642880426719785 ], [ -668415.952673681080341, 4875736.588812844827771 ], [ -668392.909799543442205, 4875894.154827696271241 ] ] ] } },
{ "type": "Feature", "properties": { "OBJECTID": 14, "Block_Groups_TOTPOP10": 1703, "Block_Groups_PopOver65": 318, "Block_Groups_Over65Density": 186729.30123311802, "Shape_Length": 5033.6856301158286, "Shape_Area": 725385.66841751162 }, "geometry": { "type": "Polygon", "coordinates": [ [ [ -669064.749722950393334, 4876098.178961894474924 ], [ -669432.984716614475474, 4876166.417849057354033 ], [ -669689.272170231910422, 4876163.202243722043931 ], [ -669711.785408183466643, 4876142.341273977421224 ], [ -669710.468145334394649, 4876059.427311652339995 ], [ -669700.774650933220983, 4875985.568740990012884 ], [ -669706.033379248110577, 4875921.093717687763274 ], [ -669740.396337426966056, 4875884.266820319928229 ], [ -669775.608793274499476, 4875864.125663987360895 ], [ -669818.622071763500571, 4875941.567724839784205 ], [ -669814.906208099098876, 4875980.00442738737911 ], [ -669853.234431039309129, 4876015.283013375476003 ], [ -669911.000269137322903, 4876111.846458154730499 ], [ -669934.955977943493053, 4876125.815428812988102 ], [ -669950.453756893752143, 4876127.779099320992827 ], [ -669991.614547510165721, 4876112.440646516159177 ], [ -669831.081554061966017, 4875814.458943501114845 ], [ -669768.974663858069107, 4875678.045038932934403 ], [ -669733.799131655832753, 4875581.678186054341495 ], [ -669685.265659528318793, 4875410.805353120900691 ], [ -669403.994735184125602, 4874289.522653753869236 ], [ -669365.25633852975443, 4874484.980726557783782 ], [ -669313.069233017973602, 4874778.817020138725638 ], [ -669241.483196954941377, 4875166.217941617593169 ], [ -669148.200457383878529, 4875660.294409609399736 ], [ -669108.245419526705518, 4875871.282245451584458 ], [ -669064.749722950393334, 4876098.178961894474924 ] ] ] } },
{ "type": "Feature", "properties": { "OBJECTID": 15, "Block_Groups_TOTPOP10": 1035, "Block_Groups_PopOver65": 198, "Block_Groups_Over65Density": 191304.34782608695, "Shape_Length": 7000.9423708237828, "Shape_Area": 1645389.0886334442 }, "geometry": { "type": "Polygon", "coordinates": [ [ [ -668970.829598842421547, 4876595.829676035791636 ], [ -669192.264958920422941, 4876787.174737549386919 ], [ -669509.67316123098135, 4877059.223992014303803 ], [ -669524.541030536871403, 4877047.549129538238049 ], [ -669542.742854230105877, 4877046.980271392501891 ], [ -670605.71783173060976, 4877243.825214253738523 ], [ -671332.484684651717544, 4877375.075816937722266 ], [ -671416.496274718781933, 4876887.70803200174123 ], [ -671414.15249100048095, 4876875.269772151485085 ], [ -671441.948893277905881, 4876789.943835193291306 ], [ -671315.377366814063862, 4876793.293772425502539 ], [ -671171.135243755765259, 4876807.076083347201347 ], [ -670810.60052326717414, 4876802.468729446642101 ], [ -670654.240298598306254, 4876773.545975239947438 ], [ -670521.916580981109291, 4876732.304963334463537 ], [ -670461.547320830635726, 4876689.399933478794992 ], [ -670401.979673414258286, 4876637.616270874626935 ], [ -670329.518454442732036, 4876547.493538721464574 ], [ -670249.447752319509163, 4876414.696263177320361 ], [ -670215.364313121885061, 4876368.132570856250823 ], [ -670204.445227208780125, 4876327.13201654702425 ], [ -670167.00388203561306, 4876256.677954033017159 ], [ -670155.700698186410591, 4876217.864831389859319 ], [ -670154.562370404833928, 4876207.141876440495253 ], [ -670171.117509006056935, 4876198.767815138213336 ], [ -670198.698124024784192, 4876170.527146206237376 ], [ -670188.568048324901611, 4876137.932653724215925 ], [ -670180.993326692143455, 4876138.108569886535406 ], [ -670187.94021481834352, 4876171.648552635684609 ], [ -670163.833323870785534, 4876192.981249267235398 ], [ -670146.743960074149072, 4876191.489733987487853 ], [ -670120.535259323893115, 4876121.500421861186624 ], [ -670108.627165416022763, 4876034.472672030329704 ], [ -670006.786603557644412, 4876077.514816817827523 ], [ -670018.613645354053006, 4876096.124172190204263 ], [ -669991.614547510165721, 4876112.440646516159177 ], [ -669950.453756893752143, 4876127.779099320992827 ], [ -669934.955977943493053, 4876125.815428812988102 ], [ -669911.000269137322903, 4876111.846458154730499 ], [ -669853.234431039309129, 4876015.283013375476003 ], [ -669814.906208099098876, 4875980.00442738737911 ], [ -669818.622071763500571, 4875941.567724839784205 ], [ -669775.608793274499476, 4875864.125663987360895 ], [ -669740.396337426966056, 4875884.266820319928229 ], [ -669706.033379248110577, 4875921.093717687763274 ], [ -669700.774650933220983, 4875985.568740990012884 ], [ -669710.468145334394649, 4876059.427311652339995 ], [ -669711.785408183466643, 4876142.341273977421224 ], [ -669689.272170231910422, 4876163.202243722043931 ], [ -669432.984716614475474, 4876166.417849057354033 ], [ -669064.749722950393334, 4876098.178961894474924 ], [ -669035.19622469204478, 4876258.360947916284204 ], [ -668970.829598842421547, 4876595.829676035791636 ] ] ] } },
{ "type": "Feature", "properties": { "OBJECTID": 16, "Block_Groups_TOTPOP10": 1959, "Block_Groups_PopOver65": 103, "Block_Groups_Over65Density": 52577.845839714137, "Shape_Length": 4891.5267713154381, "Shape_Area": 810937.28592836054 }, "geometry": { "type": "Polygon", "coordinates": [ [ [ -670351.094009411055595, 4878033.401371684856713 ], [ -670752.160251030232757, 4878107.507945155724883 ], [ -670765.970466212369502, 4878106.173163207247853 ], [ -670795.559063763357699, 4877963.311319544911385 ], [ -670957.191832999465987, 4878078.097365273162723 ], [ -671003.770072905346751, 4878117.835200507193804 ], [ -671055.545806885696948, 4878179.528585165739059 ], [ -671102.01865265914239, 4878262.83765931520611 ], [ -671155.248514644568786, 4878264.664176150225103 ], [ -671060.507006135769188, 4878078.189166306518018 ], [ -670605.71783173060976, 4877243.825214253738523 ], [ -669542.742854230105877, 4877046.980271392501891 ], [ -669524.541030536871403, 4877047.549129538238049 ], [ -669509.67316123098135, 4877059.223992014303803 ], [ -669684.851176026742905, 4877195.887056931853294 ], [ -669956.243669064249843, 4877381.735872467979789 ], [ -669848.767645308049396, 4877852.892292063683271 ], [ -669844.15118562313728, 4877943.765529858879745 ], [ -670052.558900381671265, 4877981.05309403128922 ], [ -670351.094009411055595, 4878033.401371684856713 ] ] ] } },
{ "type": "Feature", "properties": { "OBJECTID": 17, "Block_Groups_TOTPOP10": 1810, "Block_Groups_PopOver65": 186, "Block_Groups_Over65Density": 102762.43093922651, "Shape_Length": 10412.807039536026, "Shape_Area": 3259327.1730206418 }, "geometry": { "type": "Polygon", "coordinates": [ [ [ -671898.776529724476859, 4879429.285262249410152 ], [ -671906.439807634567842, 4879432.885852479375899 ], [ -671913.86598496302031, 4879420.664157358929515 ], [ -671956.736436861101538, 4879434.207489597611129 ], [ -672014.255868379492313, 4879463.099765134975314 ], [ -672032.434631760464981, 4879479.820240918546915 ], [ -672050.925982519518584, 4879473.300070120953023 ], [ -672060.015421451535076, 4879481.660326715558767 ], [ -672081.287783107720315, 4879463.605313739739358 ], [ -672118.805167781421915, 4879400.310174328275025 ], [ -672188.094684932380915, 4879319.30075735040009 ], [ -672206.11636003991589, 4879251.075294415466487 ], [ -672203.6307778370101, 4879226.590516479685903 ], [ -672186.200276433024555, 4879222.776228416711092 ], [ -672143.951352615840733, 4879192.807850022800267 ], [ -672121.197555163875222, 4879197.828071977943182 ], [ -672116.753599641378969, 4879188.780782958492637 ], [ -672127.106800657697022, 4879177.072824722155929 ], [ -672156.755666722776368, 4879180.027512587606907 ], [ -672149.076876963954419, 4879133.587999694980681 ], [ -672133.184954018797725, 4879090.965872457250953 ], [ -672134.027214769041166, 4879077.586588500998914 ], [ -672147.215848417021334, 4879062.618913969956338 ], [ -672147.566981100244448, 4879004.813691372983158 ], [ -672154.318477246677503, 4878970.678300020284951 ], [ -672152.105980982072651, 4878957.51369016058743 ], [ -672124.414207731839269, 4878939.121140072122216 ], [ -672127.707355875521898, 4878924.669130930677056 ], [ -672137.859123908448964, 4878922.694995937868953 ], [ -672175.318456351524219, 4878941.300626252777874 ], [ -672180.185641879448667, 4878913.597530401311815 ], [ -672229.485421775607392, 4878843.347767239436507 ], [ -672245.601188362110406, 4878828.893715473823249 ], [ -672265.557802672032267, 4878822.62991719506681 ], [ -672291.515264933463186, 4878799.383345962502062 ], [ -672426.000687695341185, 4878750.864235860295594 ], [ -672509.815239783609286, 4878746.051673692651093 ], [ -672512.067263105185702, 4878724.651911995373666 ], [ -672525.496515912236646, 4878695.445823989808559 ], [ -672567.097131108865142, 4878656.158519719727337 ], [ -672615.300316649023443, 4878630.808291077613831 ], [ -672684.773299983236939, 4878647.527302766218781 ], [ -672706.363393794279546, 4878606.226302991621196 ], [ -672739.839081950718537, 4878604.593819990754128 ], [ -672741.633066935231909, 4878594.38678065314889 ], [ -672729.524849332636222, 4878581.736355915665627 ], [ -672610.230918283108622, 4878475.089267027564347 ], [ -672577.455051319440827, 4878421.227093921974301 ], [ -672526.770149067044258, 4878361.963361555710435 ], [ -672512.083931912202388, 4878321.05086809117347 ], [ -672515.85782218282111, 4878248.05578045360744 ], [ -672501.609627880854532, 4878213.232694562524557 ], [ -672506.88139436673373, 4878166.05510291736573 ], [ -672515.169284630799666, 4878153.230377684347332 ], [ -672535.731681919423863, 4878147.823591713793576 ], [ -672546.453623041743413, 4878121.145477888174355 ], [ -672538.953821210190654, 4878112.311499731615186 ], [ -672556.680581879336387, 4878110.164644677191973 ], [ -672563.926388314925134, 4878090.391963004134595 ], [ -672529.864408939843997, 4878073.88443358708173 ], [ -672500.722667295951396, 4878068.012771116569638 ], [ -672505.095663509331644, 4878056.003304976969957 ], [ -672559.555372591363266, 4878072.336286424659193 ], [ -672579.514439801918343, 4878066.071802238002419 ], [ -672573.389003167627379, 4878023.655298448167741 ], [ -672577.414640947477892, 4878009.329759393818676 ], [ -672591.941130133112893, 4877995.345809656195343 ], [ -672590.497029489604756, 4877977.804181755520403 ], [ -672569.113099885638803, 4877949.242695164866745 ], [ -672578.00486126425676, 4877937.275123912841082 ], [ -672573.724903353722766, 4877922.993446374312043 ], [ -672578.482327360194176, 4877908.796215710230172 ], [ -672565.496618332341313, 4877853.898747474886477 ], [ -672562.297451659338549, 4877811.995327545329928 ], [ -672544.77331682969816, 4877774.340036115609109 ], [ -672538.188786830054596, 4877743.116568055935204 ], [ -672537.406617310130969, 4877644.509816632606089 ], [ -672565.894812903599814, 4877581.111297029070556 ], [ -672583.89815350365825, 4877560.219978709705174 ], [ -672628.4307991117239, 4877521.438418264500797 ], [ -672658.380486398702487, 4877518.431347255595028 ], [ -672667.857161572668701, 4877524.606470132246614 ], [ -672668.827515868702903, 4877510.494660564698279 ], [ -672654.375510140322149, 4877485.404593449085951 ], [ -672649.949246361851692, 4877459.069183778949082 ], [ -672646.402044133050367, 4877414.847048923373222 ], [ -672651.03153126896359, 4877401.377830053679645 ], [ -672668.266859425464645, 4877384.861272702924907 ], [ -672688.191003593849018, 4877383.099502187222242 ], [ -672735.891157412203029, 4877330.590482356958091 ], [ -672741.764986788155511, 4877314.332808270119131 ], [ -672728.648077880963683, 4877290.228310666047037 ], [ -672730.534406336955726, 4877253.725089648738503 ], [ -672725.96077536791563, 4877245.404318849556148 ], [ -672637.649277401622385, 4877125.400000364519656 ], [ -672546.662677039625123, 4877033.49269884172827 ], [ -672435.511043397244066, 4876957.590636653825641 ], [ -672402.997732656309381, 4876945.11505454685539 ], [ -672300.498016960220411, 4876871.486800941638649 ], [ -672274.845958508085459, 4876871.492897163145244 ], [ -672153.51948632649146, 4876844.927994986064732 ], [ -672119.41384013555944, 4876832.926192092709243 ], [ -672110.44789779977873, 4876823.83478463627398 ], [ -672078.31170388800092, 4876718.963345534168184 ], [ -672075.819324064766988, 4876664.400169905275106 ], [ -672089.740054154302925, 4876619.483582001179457 ], [ -672108.767153808148578, 4876592.753585469909012 ], [ -672233.752637057332322, 4876529.746559804305434 ], [ -672248.903005329193547, 4876529.399424259550869 ], [ -672289.927815423347056, 4876562.16248180065304 ], [ -672301.894459924427792, 4876562.759989536367357 ], [ -672300.577627357793972, 4876574.55711021181196 ], [ -672293.441867814399302, 4876580.821889965794981 ], [ -672297.156742381630465, 4876589.74364588689059 ], [ -672359.806877504801378, 4876576.687256867066026 ], [ -672354.38974298350513, 4876551.679281136021018 ], [ -672341.123748082667589, 4876545.591129611246288 ], [ -672331.223324669059366, 4876516.03702631033957 ], [ -672311.551819729153067, 4876486.270861505530775 ], [ -672319.857468529371545, 4876456.154284049756825 ], [ -672305.637946287635714, 4876416.820333622395992 ], [ -672312.588714288547635, 4876372.93327518645674 ], [ -672281.259126190794632, 4876319.31807966157794 ], [ -672249.93106787186116, 4876295.775145525112748 ], [ -672197.743737556738779, 4876283.60636330768466 ], [ -672131.852665030164644, 4876289.330800824798644 ], [ -672119.849517241353169, 4876293.238084092736244 ], [ -672079.743484924081713, 4876328.298065485432744 ], [ -672020.012595296371728, 4876449.37387028709054 ], [ -672051.999689169228077, 4876482.052293971180916 ], [ -672062.468845252878964, 4876516.967655561864376 ], [ -672058.244204084388912, 4876541.034249390475452 ], [ -672044.120697241742164, 4876565.618258339352906 ], [ -672046.413184998556972, 4876629.919722902588546 ], [ -672024.350252631586045, 4876669.64806526619941 ], [ -672008.48787496634759, 4876682.650107347406447 ], [ -671965.693113436223939, 4876702.952394304797053 ], [ -671919.567689951043576, 4876712.145730712451041 ], [ -671903.850297084078193, 4876707.131681344471872 ], [ -671876.019112076144665, 4876689.467163152992725 ], [ -671876.636401825584471, 4876642.967740974389017 ], [ -671867.998172581428662, 4876623.409835442900658 ], [ -671857.459660748718306, 4876627.574031418189406 ], [ -671844.951691871508956, 4876694.538418089970946 ], [ -671837.176718130009249, 4876704.449752012267709 ], [ -671791.83947945968248, 4876722.051094852387905 ], [ -671741.711108940653503, 4876758.356448407284915 ], [ -671708.412564134225249, 4876767.546806218102574 ], [ -671668.21553380577825, 4876768.761043610982597 ], [ -671654.198024631012231, 4876749.76330772601068 ], [ -671580.651091684354469, 4876781.959362145513296 ], [ -671508.216322980355471, 4876782.027465195395052 ], [ -671441.948893277905881, 4876789.943835193291306 ], [ -671414.15249100048095, 4876875.269772151485085 ], [ -671416.496274718781933, 4876887.70803200174123 ], [ -671332.484684651717544, 4877375.075816937722266 ], [ -670605.71783173060976, 4877243.825214253738523 ], [ -671060.507006135769188, 4878078.189166306518018 ], [ -671155.248514644568786, 4878264.664176150225103 ], [ -671102.01865265914239, 4878262.83765931520611 ], [ -671236.21553752780892, 4878508.090854316949844 ], [ -671369.193555520148948, 4878751.626576118171215 ], [ -671549.918471137993038, 4879083.954852983355522 ], [ -671707.413584701018408, 4879372.374759439378977 ], [ -671727.166970139602199, 4879345.785990787670016 ], [ -671744.30421999306418, 4879355.559257565066218 ], [ -671753.979638166725636, 4879351.998479963280261 ], [ -671760.582548089092597, 4879335.87460112106055 ], [ -671754.016965316375718, 4879317.437674315646291 ], [ -671773.623871973482892, 4879308.858155212365091 ], [ -671790.761219545034692, 4879318.631634847261012 ], [ -671815.031812961678952, 4879322.143475875258446 ], [ -671846.562688064295799, 4879348.723407344892621 ], [ -671862.43712503509596, 4879378.564865480177104 ], [ -671894.534242830006406, 4879410.504803483374417 ], [ -671889.778266025707126, 4879424.698592477478087 ], [ -671898.776529724476859, 4879429.285262249410152 ] ] ] } },
{ "type": "Feature", "properties": { "OBJECTID": 18, "Block_Groups_TOTPOP10": 2065, "Block_Groups_PopOver65": 232, "Block_Groups_Over65Density": 112348.66828087167, "Shape_Length": 6612.7741442845036, "Shape_Area": 2419006.7427860629 }, "geometry": { "type": "Polygon", "coordinates": [ [ [ -661524.871080908225849, 4852761.085362691432238 ], [ -661608.793033798923716, 4853312.806395715102553 ], [ -661612.25394122581929, 4853375.940196008421481 ], [ -661601.396767339901999, 4853482.559354149736464 ], [ -662148.731274446472526, 4853562.067788388580084 ], [ -663454.89824671135284, 4853731.442109692841768 ], [ -663446.998509985627607, 4853654.723572849296033 ], [ -663454.062171958852559, 4853574.565113824792206 ], [ -663583.491797685157508, 4852927.040477453731 ], [ -663625.77377865370363, 4852682.648831019178033 ], [ -663668.055514752166346, 4852438.247862559743226 ], [ -663328.685489941388369, 4852349.400807773694396 ], [ -663226.09782127966173, 4852334.674239927902818 ], [ -663053.335120545467362, 4852292.742952633649111 ], [ -663021.833071677247062, 4852295.586244756355882 ], [ -662929.129472523462027, 4852333.06600605417043 ], [ -662899.602508293231949, 4852333.23663036338985 ], [ -662872.201619567815214, 4852325.485145919956267 ], [ -662776.262445507338271, 4852237.306597260758281 ], [ -662725.60929355211556, 4852202.174303913488984 ], [ -662674.425330899655819, 4852174.486901216208935 ], [ -662600.450086130993441, 4852147.38271723035723 ], [ -662536.075217594392598, 4852134.750045337714255 ], [ -662082.194019530666992, 4852082.703565050847828 ], [ -661996.631402793806046, 4852643.646553486585617 ], [ -661999.399756866274402, 4852675.773212905973196 ], [ -662013.032494167564437, 4852715.051674263551831 ], [ -661889.146946553373709, 4852744.888361684978008 ], [ -661765.376995653379709, 4852730.28913452103734 ], [ -661683.795089226216078, 4852729.760601373389363 ], [ -661524.871080908225849, 4852761.085362691432238 ] ] ] } },
{ "type": "Feature", "properties": { "OBJECTID": 19, "Block_Groups_TOTPOP10": 1095, "Block_Groups_PopOver65": 161, "Block_Groups_Over65Density": 147031.96347031964, "Shape_Length": 2030.386938474049, "Shape_Area": 241004.97453754619 }, "geometry": { "type": "Polygon", "coordinates": [ [ [ -678307.733557907631621, 4871168.752797611989081 ], [ -678287.200592331355438, 4871379.640473783947527 ], [ -678285.005944502074271, 4871477.848686558194458 ], [ -678328.289932086365297, 4871845.222603783942759 ], [ -678489.022840048884973, 4871824.626498416997492 ], [ -678545.805273520993069, 4871819.580942876636982 ], [ -678553.233522534370422, 4871738.855206565000117 ], [ -678565.615346029633656, 4871707.169307853095233 ], [ -678644.804558164905757, 4871600.704178653657436 ], [ -678673.450267066480592, 4871541.025387329980731 ], [ -678745.323769089067355, 4871137.467004974372685 ], [ -678653.83274512947537, 4871125.108405813574791 ], [ -678568.600129506550729, 4871124.391238802112639 ], [ -678307.733557907631621, 4871168.752797611989081 ] ] ] } },
{ "type": "Feature", "properties": { "OBJECTID": 20, "Block_Groups_TOTPOP10": 1919, "Block_Groups_PopOver65": 130, "Block_Groups_Over65Density": 67743.616466909851, "Shape_Length": 3855.3426547001127, "Shape_Area": 726941.03554438567 }, "geometry": { "type": "Polygon", "coordinates": [ [ [ -681929.296902637463063, 4869646.875632705166936 ], [ -682130.022889288142323, 4869691.3642896739766 ], [ -682296.273157797986642, 4869759.890127566643059 ], [ -682497.596011172281578, 4869792.44763187225908 ], [ -682654.274563236162066, 4869863.810675498098135 ], [ -682749.634838558966294, 4869884.428963929414749 ], [ -682801.585416102549061, 4869902.647428478114307 ], [ -682826.419754145201296, 4869916.07341437600553 ], [ -682931.719227504916489, 4870013.003251940943301 ], [ -682960.908565500052646, 4870031.718057147227228 ], [ -682984.921971440780908, 4870041.234429515898228 ], [ -683087.392578911501914, 4870060.103077821433544 ], [ -683135.38043281971477, 4869805.767154252156615 ], [ -683194.737420791992918, 4869512.762889856472611 ], [ -683143.04594393633306, 4869505.884409002959728 ], [ -683037.385342326248065, 4869513.565898220054805 ], [ -683012.507852091919631, 4869504.649929604493082 ], [ -682992.110875280806795, 4869487.488916560076177 ], [ -682979.08458565082401, 4869467.112011590972543 ], [ -682934.506010556127876, 4869338.735739750787616 ], [ -682904.188324182294309, 4869309.278025801293552 ], [ -682875.170493131270632, 4869298.124967443756759 ], [ -682734.059957527555525, 4869275.448348261415958 ], [ -682707.369855181081221, 4869263.954174029640853 ], [ -682558.540809591300786, 4869135.235811144113541 ], [ -682530.079400090966374, 4869116.651717272587121 ], [ -682503.863452732795849, 4869106.748610661365092 ], [ -682276.262603564886376, 4869068.804371703416109 ], [ -682242.839958099182695, 4869044.073724636808038 ], [ -682207.492344064638019, 4868961.767249464057386 ], [ -682154.999296670313925, 4868908.063447088003159 ], [ -682080.45838419534266, 4868992.050477834418416 ], [ -682052.978004880482331, 4869040.667464690282941 ], [ -682013.875951481983066, 4869210.736471098847687 ], [ -682024.026930522872135, 4869251.688814956694841 ], [ -682029.358695743139833, 4869311.369455305859447 ], [ -681979.945440284674987, 4869377.195914834737778 ], [ -681929.296902637463063, 4869646.875632705166936 ] ] ] } },
{ "type": "Feature", "properties": { "OBJECTID": 21, "Block_Groups_TOTPOP10": 2191, "Block_Groups_PopOver65": 164, "Block_Groups_Over65Density": 74851.665905979011, "Shape_Length": 6594.1423403147273, "Shape_Area": 2176416.9183109514 }, "geometry": { "type": "Polygon", "coordinates": [ [ [ -682154.999296670313925, 4868908.063447088003159 ], [ -682207.492344064638019, 4868961.767249464057386 ], [ -682242.839958099182695, 4869044.073724636808038 ], [ -682276.262603564886376, 4869068.804371703416109 ], [ -682503.863452732795849, 4869106.748610661365092 ], [ -682530.079400090966374, 4869116.651717272587121 ], [ -682558.540809591300786, 4869135.235811144113541 ], [ -682707.369855181081221, 4869263.954174029640853 ], [ -682734.059957527555525, 4869275.448348261415958 ], [ -682875.170493131270632, 4869298.124967443756759 ], [ -682904.188324182294309, 4869309.278025801293552 ], [ -682934.506010556127876, 4869338.735739750787616 ], [ -682979.08458565082401, 4869467.112011590972543 ], [ -682992.110875280806795, 4869487.488916560076177 ], [ -683012.507852091919631, 4869504.649929604493082 ], [ -683037.385342326248065, 4869513.565898220054805 ], [ -683143.04594393633306, 4869505.884409002959728 ], [ -683194.737420791992918, 4869512.762889856472611 ], [ -683377.229314423166215, 4868565.908391213044524 ], [ -683454.288307075155899, 4868211.196158282458782 ], [ -683468.216569671873003, 4868213.658028417266905 ], [ -683541.565965479938313, 4867849.983768850564957 ], [ -683549.399807728128508, 4867809.936857882887125 ], [ -683540.381243089679629, 4867792.523601056076586 ], [ -682740.300910645630211, 4867665.481964142993093 ], [ -682753.101738586556166, 4867563.037848420441151 ], [ -682747.048186428379267, 4867528.824421801604331 ], [ -682718.550543950404972, 4867540.363712728954852 ], [ -682706.134580826852471, 4867546.457109050825238 ], [ -682563.220858846092597, 4867610.858701163902879 ], [ -682496.520506138913333, 4867624.691625376231968 ], [ -682336.878646876430139, 4867604.037358079105616 ], [ -682225.486460968386382, 4867579.852524952962995 ], [ -682019.570670312270522, 4867547.270990712568164 ], [ -681782.179753438802436, 4867517.427287090569735 ], [ -681746.957287149270996, 4867665.621195039711893 ], [ -681745.466663720784709, 4867695.486457515507936 ], [ -681706.610618981532753, 4867894.251611474901438 ], [ -681708.462182765593752, 4867960.85820175614208 ], [ -681835.688223740784451, 4868237.883590836077929 ], [ -681884.612940458348021, 4868294.72171575576067 ], [ -682190.683501818450168, 4868453.447051498107612 ], [ -682219.840819466859102, 4868476.671388653106987 ], [ -682248.746349995024502, 4868514.161378481425345 ], [ -682268.047153269872069, 4868571.796606615185738 ], [ -682262.995063849491999, 4868643.206523028202355 ], [ -682201.572489318903536, 4868845.49548236746341 ], [ -682154.999296670313925, 4868908.063447088003159 ] ] ] } },
{ "type": "Feature", "properties": { "OBJECTID": 22, "Block_Groups_TOTPOP10": 2842, "Block_Groups_PopOver65": 90, "Block_Groups_Over65Density": 31667.839549612949, "Shape_Length": 6408.1778485994828, "Shape_Area": 2048712.2614101227 }, "geometry": { "type": "Polygon", "coordinates": [ [ [ -682663.343401993624866, 4866607.041695347987115 ], [ -682579.844440888147801, 4867071.425459976308048 ], [ -682585.431555096292868, 4867116.857536946423352 ], [ -682597.956471180310473, 4867152.967937059700489 ], [ -682620.141188712092116, 4867190.030581249855459 ], [ -682680.76836815290153, 4867266.273408003151417 ], [ -682715.469525024062023, 4867326.638885961845517 ], [ -682721.149526095716283, 4867388.658962773159146 ], [ -682698.268486717483029, 4867509.663885001093149 ], [ -682706.134580826852471, 4867546.457109050825238 ], [ -682718.550543950404972, 4867540.363712728954852 ], [ -682747.048186428379267, 4867528.824421801604331 ], [ -682881.778880211757496, 4867476.537784053944051 ], [ -683711.765779301058501, 4867109.398474091663957 ], [ -684109.817695068428293, 4866949.213250080123544 ], [ -684358.342651362298056, 4866865.066389096900821 ], [ -684453.949223482981324, 4866824.708650914952159 ], [ -684994.705567168537527, 4866371.043303310871124 ], [ -685024.416775519261137, 4866335.607672854326665 ], [ -685043.341985832666978, 4866288.468026697635651 ], [ -684531.314377108355984, 4866190.389596705324948 ], [ -684174.965504207415506, 4866122.878642459399998 ], [ -683849.069500584388152, 4866058.507728470489383 ], [ -683281.736508524045348, 4865943.977262617088854 ], [ -683276.653739288682118, 4866045.550787976011634 ], [ -683266.406305866781622, 4866082.167434744536877 ], [ -683248.69067860301584, 4866105.409717194736004 ], [ -683221.741334648802876, 4866120.99362753983587 ], [ -683191.336444845888764, 4866126.172517793253064 ], [ -683093.808556887786835, 4866108.950435649603605 ], [ -683042.314903492573649, 4866117.940512315370142 ], [ -683018.862955175805837, 4866139.416430490091443 ], [ -682975.394780020229518, 4866235.714527416042984 ], [ -682946.559220815543085, 4866270.554314107634127 ], [ -682832.542862092144787, 4866303.916051043197513 ], [ -682807.883645219029859, 4866323.671532433480024 ], [ -682687.646683150203899, 4866490.792419606819749 ], [ -682663.343401993624866, 4866607.041695347987115 ] ] ] } },
{ "type": "Feature", "properties": { "OBJECTID": 23, "Block_Groups_TOTPOP10": 456, "Block_Groups_PopOver65": 155, "Block_Groups_Over65Density": 339912.28070175438, "Shape_Length": 3891.7186126338902, "Shape_Area": 918018.84599334223 }, "geometry": { "type": "Polygon", "coordinates": [ [ [ -680793.088644406292588, 4869006.566067961975932 ], [ -680667.689342690398917, 4869640.29405362252146 ], [ -680670.82365484838374, 4869686.776777830906212 ], [ -680867.476013027830049, 4869775.686209524981678 ], [ -681013.970957505749539, 4869823.373496585525572 ], [ -681115.15056090359576, 4869849.512981929816306 ], [ -681866.994479314656928, 4869973.972108785063028 ], [ -681898.949149367632344, 4869822.992480655200779 ], [ -681929.296902637463063, 4869646.875632705166936 ], [ -681979.945440284674987, 4869377.195914834737778 ], [ -682029.358695743139833, 4869311.369455305859447 ], [ -682024.026930522872135, 4869251.688814956694841 ], [ -682013.875951481983066, 4869210.736471098847687 ], [ -681772.227442315779626, 4869171.079979085363448 ], [ -681247.541579342214391, 4869082.230673322454095 ], [ -681040.470371261239052, 4869047.950579826720059 ], [ -680793.088644406292588, 4869006.566067961975932 ] ] ] } },
{ "type": "Feature", "properties": { "OBJECTID": 24, "Block_Groups_TOTPOP10": 1286, "Block_Groups_PopOver65": 17, "Block_Groups_Over65Density": 13219.284603421462, "Shape_Length": 1266.9644811015837, "Shape_Area": 100436.39108587641 }, "geometry": { "type": "Polygon", "coordinates": [ [ [ -671932.800476385047659, 4870951.736025112681091 ], [ -672095.463549079373479, 4871195.397470793686807 ], [ -672105.683586814673617, 4871201.702352853491902 ], [ -672241.467698581516743, 4871111.902861414477229 ], [ -672385.127918377751485, 4871015.960224878974259 ], [ -672272.137923676054925, 4870846.442386063747108 ], [ -672213.268430643482134, 4870760.139151960611343 ], [ -672090.095750514650717, 4870846.890406208112836 ], [ -671932.800476385047659, 4870951.736025112681091 ] ] ] } },
{ "type": "Feature", "properties": { "OBJECTID": 25, "Block_Groups_TOTPOP10": 1226, "Block_Groups_PopOver65": 299, "Block_Groups_Over65Density": 243882.54486133769, "Shape_Length": 3781.5401762822225, "Shape_Area": 678822.23139400943 }, "geometry": { "type": "Polygon", "coordinates": [ [ [ -668594.503877046983689, 4878447.68130858708173 ], [ -668690.846718123182654, 4878478.831495003774762 ], [ -668918.021192009095103, 4878533.653790456242859 ], [ -668960.444022265262902, 4878558.367759334854782 ], [ -669020.309836395550519, 4878616.944605534896255 ], [ -669064.706023393664509, 4878638.999646878801286 ], [ -669606.062643770361319, 4878738.3865568600595 ], [ -669647.816490543307737, 4878504.503101072274148 ], [ -669639.493361454689875, 4878444.432798707857728 ], [ -669621.924020993057638, 4878411.295871459878981 ], [ -669592.705747355008498, 4878384.382832801900804 ], [ -669558.899425483774394, 4878366.434387654997408 ], [ -669330.694280838128179, 4878317.422515951097012 ], [ -669262.604139452334493, 4878279.942508685402572 ], [ -669307.08426461275667, 4878228.373898576945066 ], [ -669335.11981851211749, 4878219.009441521950066 ], [ -669390.099142022663727, 4878215.118153980001807 ], [ -669422.246297161327675, 4878195.202844168059528 ], [ -669435.567953113233671, 4878162.219578336924314 ], [ -669495.721300667384639, 4877853.389556964859366 ], [ -669254.955325095448643, 4877815.711492844857275 ], [ -669031.60950219607912, 4877751.786715378984809 ], [ -668743.562251816736534, 4877717.117888839915395 ], [ -668686.357443666318431, 4877996.401788308285177 ], [ -668594.503877046983689, 4878447.68130858708173 ] ] ] } },
{ "type": "Feature", "properties": { "OBJECTID": 26, "Block_Groups_TOTPOP10": 1011, "Block_Groups_PopOver65": 107, "Block_Groups_Over65Density": 105835.80613254204, "Shape_Length": 3510.6099574098248, "Shape_Area": 557210.0142924044 }, "geometry": { "type": "Polygon", "coordinates": [ [ [ -670191.031977620441467, 4878804.140561405569315 ], [ -670216.787573569221422, 4878820.680732897482812 ], [ -670238.771576574537903, 4878820.028115589171648 ], [ -670485.844861476449296, 4878705.566196149215102 ], [ -670548.155985207529739, 4878685.688054358586669 ], [ -670800.797237550606951, 4878655.620186064392328 ], [ -670860.004361795959994, 4878657.743440094403923 ], [ -670966.220955220982432, 4878675.632032409310341 ], [ -671369.193555520148948, 4878751.626576118171215 ], [ -671236.21553752780892, 4878508.090854316949844 ], [ -671102.01865265914239, 4878262.83765931520611 ], [ -671055.545806885696948, 4878179.528585165739059 ], [ -671003.770072905346751, 4878117.835200507193804 ], [ -670957.191832999465987, 4878078.097365273162723 ], [ -670795.559063763357699, 4877963.311319544911385 ], [ -670765.970466212369502, 4878106.173163207247853 ], [ -670752.160251030232757, 4878107.507945155724883 ], [ -670351.094009411055595, 4878033.401371684856713 ], [ -670199.825718885054812, 4878788.400049300864339 ], [ -670191.031977620441467, 4878804.140561405569315 ] ] ] } },
{ "type": "Feature", "properties": { "OBJECTID": 27, "Block_Groups_TOTPOP10": 1957, "Block_Groups_PopOver65": 170, "Block_Groups_Over65Density": 86867.654573326523, "Shape_Length": 5899.5691045108679, "Shape_Area": 1326596.8967964805 }, "geometry": { "type": "Polygon", "coordinates": [ [ [ -667928.141351627418771, 4878295.696944075636566 ], [ -667974.004004016751423, 4878318.00009089987725 ], [ -668512.282451117644086, 4878422.011185249313712 ], [ -668594.503877046983689, 4878447.68130858708173 ], [ -668686.357443666318431, 4877996.401788308285177 ], [ -668743.562251816736534, 4877717.117888839915395 ], [ -668910.514703143155202, 4876914.450026685371995 ], [ -668970.829598842421547, 4876595.829676035791636 ], [ -668525.799206512514502, 4876268.403455685824156 ], [ -668480.78836448234506, 4876228.208351684734225 ], [ -668455.631219353061169, 4876195.245789058506489 ], [ -668432.166650129714981, 4876148.299444412812591 ], [ -668400.567788572516292, 4875996.961226715706289 ], [ -668392.909799543442205, 4875894.154827696271241 ], [ -668373.528804833069444, 4875970.43380677420646 ], [ -668345.550381896086037, 4876134.646343772299588 ], [ -668322.63476720219478, 4876291.473351816646755 ], [ -668331.289459957042709, 4876293.739329157397151 ], [ -668312.362752608023584, 4876423.453308555297554 ], [ -668209.370375211816281, 4877046.474616963416338 ], [ -668048.899358620867133, 4877842.718919198960066 ], [ -667966.32132972846739, 4878219.731400606222451 ], [ -667953.960506295552477, 4878255.886694914661348 ], [ -667928.141351627418771, 4878295.696944075636566 ] ] ] } },
{ "type": "Feature", "properties": { "OBJECTID": 28, "Block_Groups_TOTPOP10": 1180, "Block_Groups_PopOver65": 152, "Block_Groups_Over65Density": 128813.55932203389, "Shape_Length": 3472.4288231215828, "Shape_Area": 620880.936208667 }, "geometry": { "type": "Polygon", "coordinates": [ [ [ -669606.062643770361319, 4878738.3865568600595 ], [ -670117.295200635446236, 4878833.287661442533135 ], [ -670161.170523108448833, 4878828.208653307519853 ], [ -670191.031977620441467, 4878804.140561405569315 ], [ -670199.825718885054812, 4878788.400049300864339 ], [ -670351.094009411055595, 4878033.401371684856713 ], [ -670052.558900381671265, 4877981.05309403128922 ], [ -669844.15118562313728, 4877943.765529858879745 ], [ -669495.721300667384639, 4877853.389556964859366 ], [ -669435.567953113233671, 4878162.219578336924314 ], [ -669422.246297161327675, 4878195.202844168059528 ], [ -669390.099142022663727, 4878215.118153980001807 ], [ -669335.11981851211749, 4878219.009441521950066 ], [ -669307.08426461275667, 4878228.373898576945066 ], [ -669262.604139452334493, 4878279.942508685402572 ], [ -669330.694280838128179, 4878317.422515951097012 ], [ -669558.899425483774394, 4878366.434387654997408 ], [ -669592.705747355008498, 4878384.382832801900804 ], [ -669621.924020993057638, 4878411.295871459878981 ], [ -669639.493361454689875, 4878444.432798707857728 ], [ -669647.816490543307737, 4878504.503101072274148 ], [ -669606.062643770361319, 4878738.3865568600595 ] ] ] } },
{ "type": "Feature", "properties": { "OBJECTID": 29, "Block_Groups_TOTPOP10": 1035, "Block_Groups_PopOver65": 105, "Block_Groups_Over65Density": 101449.27536231885, "Shape_Length": 4117.5333787084246, "Shape_Area": 822329.24592442787 }, "geometry": { "type": "Polygon", "coordinates": [ [ [ -665636.150759672746062, 4873664.221479720436037 ], [ -665012.578993276227266, 4873974.127334551885724 ], [ -665214.049377360148355, 4874003.999316236935556 ], [ -665301.258458513999358, 4874022.967229724861681 ], [ -665337.798034832580015, 4874038.359754404053092 ], [ -665774.783027281053364, 4874694.079462134279311 ], [ -665920.765275288373232, 4874605.316780400462449 ], [ -666077.413913135183975, 4874511.651334838941693 ], [ -666289.671118549536914, 4874380.340725490823388 ], [ -666617.862029006937519, 4874181.327420236542821 ], [ -666671.737225389806554, 4873907.347758458927274 ], [ -665824.937595621449873, 4873745.263865004293621 ], [ -665772.928037588950247, 4873740.699746947735548 ], [ -665766.146545830182731, 4873714.711519512347877 ], [ -665744.245634015649557, 4873684.582105442881584 ], [ -665679.055247345706448, 4873643.14242980722338 ], [ -665636.150759672746062, 4873664.221479720436037 ] ] ] } },
{ "type": "Feature", "properties": { "OBJECTID": 30, "Block_Groups_TOTPOP10": 774, "Block_Groups_PopOver65": 63, "Block_Groups_Over65Density": 81395.348837209298, "Shape_Length": 4514.4918542255782, "Shape_Area": 725352.47151496133 }, "geometry": { "type": "Polygon", "coordinates": [ [ [ -665636.150759672746062, 4873664.221479720436037 ], [ -665679.055247345706448, 4873643.14242980722338 ], [ -665744.245634015649557, 4873684.582105442881584 ], [ -665766.146545830182731, 4873714.711519512347877 ], [ -665772.928037588950247, 4873740.699746947735548 ], [ -665824.937595621449873, 4873745.263865004293621 ], [ -666671.737225389806554, 4873907.347758458927274 ], [ -666617.862029006937519, 4874181.327420236542821 ], [ -667014.169070507166907, 4873907.762158681638539 ], [ -667122.150025129318237, 4873825.138736348599195 ], [ -667142.204066039063036, 4873822.627645994536579 ], [ -667253.783738525817171, 4873749.653262007050216 ], [ -667403.344549103407189, 4873662.264358868822455 ], [ -667385.681218579644337, 4873638.128897945396602 ], [ -667350.47923459415324, 4873606.418985306285322 ], [ -667310.341823578346521, 4873581.364979625679553 ], [ -667262.817957069491968, 4873564.042188904248178 ], [ -666231.335656450828537, 4873370.419076182879508 ], [ -666191.800378935411572, 4873363.519750909879804 ], [ -666097.004738384159282, 4873344.722666656598449 ], [ -665624.362670869799331, 4873251.743408700451255 ], [ -665597.641979454085231, 4873404.939721048809588 ], [ -665595.040093451039866, 4873480.406403394415975 ], [ -665613.545125719625503, 4873594.882759124971926 ], [ -665636.150759672746062, 4873664.221479720436037 ] ] ] } },
{ "type": "Feature", "properties": { "OBJECTID": 31, "Block_Groups_TOTPOP10": 1148, "Block_Groups_PopOver65": 165, "Block_Groups_Over65Density": 143728.22299651569, "Shape_Length": 5492.4842242486102, "Shape_Area": 969356.94052213663 }, "geometry": { "type": "Polygon", "coordinates": [ [ [ -666456.704263054765761, 4871620.397692431695759 ], [ -666540.444922551047057, 4871633.503070495091379 ], [ -666555.021099314559251, 4871541.30321759916842 ], [ -666592.020300846081227, 4871545.502465249970555 ], [ -666635.768316339701414, 4871528.32132273260504 ], [ -667173.270004081306979, 4871989.822754924185574 ], [ -667180.91186508606188, 4871980.629874342121184 ], [ -667175.722294270992279, 4871971.452742333523929 ], [ -667045.404336215462536, 4871857.720786002464592 ], [ -667189.954948928905651, 4871963.410419660620391 ], [ -667217.529456154443324, 4871935.13944680057466 ], [ -667263.509732453851029, 4871861.957512128166854 ], [ -667272.679814444854856, 4871861.302650769241154 ], [ -667275.323083033086732, 4871850.485018790699542 ], [ -667282.423624972114339, 4871848.716863992623985 ], [ -667339.039866276085377, 4871775.134921858087182 ], [ -667365.533987304195762, 4871727.123389097861946 ], [ -667384.610486067133024, 4871656.761353603564203 ], [ -667382.987159267999232, 4871644.44650184456259 ], [ -667339.971342356875539, 4871592.570242507383227 ], [ -667238.143924769945443, 4871492.829126712866127 ], [ -667193.374980614520609, 4871412.072512391023338 ], [ -667156.692823432618752, 4871362.806800172664225 ], [ -667151.598000552970916, 4871357.405649364925921 ], [ -667135.199137656949461, 4871360.559357204474509 ], [ -667107.336767775705084, 4871325.617035363800824 ], [ -667033.524876654846594, 4871272.879910758696496 ], [ -666970.951311281416565, 4871186.009243215434253 ], [ -666944.169405460357666, 4871136.216229602694511 ], [ -666809.253448833245784, 4871187.121932775713503 ], [ -666779.601955329533666, 4871093.214192821644247 ], [ -666746.878299324773252, 4870826.560596969909966 ], [ -665928.062863957835361, 4870713.849399250932038 ], [ -665770.622704635839909, 4870681.893870301544666 ], [ -665673.912111225537956, 4870669.549835742451251 ], [ -665763.03318421007134, 4870773.062894731760025 ], [ -665989.474632748169824, 4870971.952630051411688 ], [ -665900.54661011043936, 4871533.925948414951563 ], [ -666456.704263054765761, 4871620.397692431695759 ] ] ] } },
{ "type": "Feature", "properties": { "OBJECTID": 32, "Block_Groups_TOTPOP10": 941, "Block_Groups_PopOver65": 157, "Block_Groups_Over65Density": 166843.78320935176, "Shape_Length": 4581.2083478972272, "Shape_Area": 710023.41315160377 }, "geometry": { "type": "Polygon", "coordinates": [ [ [ -665765.392866018461064, 4872330.62789505161345 ], [ -666054.627984566614032, 4872381.073872946202755 ], [ -666316.228536253795028, 4872416.937481252476573 ], [ -666399.710741146933287, 4872011.968071550130844 ], [ -666405.59814094635658, 4871973.89744181279093 ], [ -666401.579688426107168, 4871884.473991358652711 ], [ -666456.704263054765761, 4871620.397692431695759 ], [ -665900.54661011043936, 4871533.925948414951563 ], [ -665989.474632748169824, 4870971.952630051411688 ], [ -665763.03318421007134, 4870773.062894731760025 ], [ -665673.912111225537956, 4870669.549835742451251 ], [ -665665.855445079738274, 4870668.145699772983789 ], [ -665627.260698805563152, 4870664.427225159481168 ], [ -665741.866885874886066, 4871933.320091149769723 ], [ -665765.574771684361622, 4872269.011163437739015 ], [ -665765.392866018461064, 4872330.62789505161345 ] ] ] } },
{ "type": "Feature", "properties": { "OBJECTID": 33, "Block_Groups_TOTPOP10": 1505, "Block_Groups_PopOver65": 193, "Block_Groups_Over65Density": 128239.20265780731, "Shape_Length": 4153.909041709765, "Shape_Area": 1012547.3376899133 }, "geometry": { "type": "Polygon", "coordinates": [ [ [ -665715.808982775080949, 4869467.590049003250897 ], [ -665625.162966804811731, 4870433.95700384862721 ], [ -665627.260698805563152, 4870664.427225159481168 ], [ -665665.855445079738274, 4870668.145699772983789 ], [ -665673.912111225537956, 4870669.549835742451251 ], [ -665770.622704635839909, 4870681.893870301544666 ], [ -665928.062863957835361, 4870713.849399250932038 ], [ -666746.878299324773252, 4870826.560596969909966 ], [ -666715.133677545702085, 4870541.268867221660912 ], [ -666721.808754038531333, 4870425.113968036137521 ], [ -666731.199684629682451, 4870392.909537306055427 ], [ -666723.97092979028821, 4870395.40892491210252 ], [ -666706.293595184572041, 4870371.268001221120358 ], [ -666224.15760530740954, 4869634.396117448806763 ], [ -666199.439758415566757, 4869620.310381145216525 ], [ -665715.808982775080949, 4869467.590049003250897 ] ] ] } },
{ "type": "Feature", "properties": { "OBJECTID": 34, "Block_Groups_TOTPOP10": 1098, "Block_Groups_PopOver65": 172, "Block_Groups_Over65Density": 156648.45173041895, "Shape_Length": 3516.9539481526522, "Shape_Area": 543402.81084639276 }, "geometry": { "type": "Polygon", "coordinates": [ [ [ -665968.461716485442594, 4867822.21166445594281 ], [ -665922.015827571740374, 4868093.207173117436469 ], [ -665900.815251982072368, 4868227.924555383622646 ], [ -667134.06908166827634, 4868407.499541175551713 ], [ -667173.507792359450832, 4868415.129005954600871 ], [ -667226.743020970840007, 4868443.219430049881339 ], [ -667257.73992520221509, 4868451.634139341302216 ], [ -667275.39889630349353, 4868302.751708835363388 ], [ -667303.294596510473639, 4868017.224743350408971 ], [ -666575.169737897114828, 4867910.609118606895208 ], [ -665968.461716485442594, 4867822.21166445594281 ] ] ] } },
{ "type": "Feature", "properties": { "OBJECTID": 35, "Block_Groups_TOTPOP10": 2828, "Block_Groups_PopOver65": 87, "Block_Groups_Over65Density": 30763.790664780765, "Shape_Length": 6436.9142661688638, "Shape_Area": 1677605.4029928795 }, "geometry": { "type": "Polygon", "coordinates": [ [ [ -663138.346275342162699, 4872548.034196049906313 ], [ -663086.972499697236344, 4872799.905921928584576 ], [ -663060.740209232084453, 4872980.984919737093151 ], [ -663028.92908119992353, 4873341.461646013893187 ], [ -663037.241190505446866, 4873692.37021154910326 ], [ -663145.601428152993321, 4874919.577619323506951 ], [ -663880.796615006867796, 4874543.426530002616346 ], [ -663844.741865556221455, 4874438.700610857456923 ], [ -663839.510802604490891, 4874399.463300895877182 ], [ -663865.336010397644714, 4874246.89928085077554 ], [ -663867.485397425014526, 4874199.928624944761395 ], [ -663853.113477192120627, 4874139.558242230676115 ], [ -663787.132469680858776, 4874016.087694067507982 ], [ -663774.549495527753606, 4873980.077173367142677 ], [ -663770.907917195465416, 4873940.363360614515841 ], [ -663887.069141661981121, 4873377.383028896525502 ], [ -663902.17660763557069, 4873346.944071521982551 ], [ -663926.547239682637155, 4873319.62154199834913 ], [ -663909.920624640770257, 4873285.158350866287947 ], [ -663910.138390282867476, 4873270.915765872225165 ], [ -663971.838051034370437, 4872959.96678002551198 ], [ -664318.294945772038773, 4873015.053812083788216 ], [ -664328.945721826516092, 4872975.568153551779687 ], [ -664331.131241783499718, 4872941.372436271049082 ], [ -664031.877200254006311, 4872805.811925658024848 ], [ -663744.531295958440751, 4872697.145071560516953 ], [ -663504.68932742299512, 4872627.578972415998578 ], [ -663138.346275342162699, 4872548.034196049906313 ] ] ] } },
{ "type": "Feature", "properties": { "OBJECTID": 36, "Block_Groups_TOTPOP10": 1442, "Block_Groups_PopOver65": 106, "Block_Groups_Over65Density": 73509.015256588071, "Shape_Length": 8491.5463485732671, "Shape_Area": 3791910.400977117 }, "geometry": { "type": "Polygon", "coordinates": [ [ [ -661607.004942408762872, 4862727.78171964827925 ], [ -661784.933203922351822, 4862925.669946526177227 ], [ -661914.647022114833817, 4863083.600836915895343 ], [ -662011.315144160529599, 4863223.013188452459872 ], [ -662204.803741252515465, 4863535.727964945137501 ], [ -663363.92260963562876, 4863693.163957650773227 ], [ -664671.086680159904063, 4863868.248337952420115 ], [ -664682.651220727711916, 4863819.082087971270084 ], [ -664735.840534383663908, 4863725.972035810351372 ], [ -664746.30445463443175, 4863696.181044736877084 ], [ -664838.540382507489994, 4863095.799423402175307 ], [ -664926.704414174659178, 4862714.450212423689663 ], [ -664749.150251324288547, 4862679.8407699232921 ], [ -664292.355176129378378, 4862613.301321674138308 ], [ -663615.158706366317347, 4862537.142578362487257 ], [ -663523.762688372749835, 4862497.950213562697172 ], [ -663349.335095688700676, 4862371.346153665333986 ], [ -662559.000770462211221, 4862146.220913813449442 ], [ -662402.881083700805902, 4862127.435952659696341 ], [ -661734.325791697949171, 4862080.068622347898781 ], [ -661664.441021914128214, 4862422.421369709074497 ], [ -661607.004942408762872, 4862727.78171964827925 ] ] ] } },
{ "type": "Feature", "properties": { "OBJECTID": 37, "Block_Groups_TOTPOP10": 980, "Block_Groups_PopOver65": 161, "Block_Groups_Over65Density": 164285.71428571429, "Shape_Length": 2990.3497662055697, "Shape_Area": 530700.5372118121 }, "geometry": { "type": "Polygon", "coordinates": [ [ [ -681598.732625761767849, 4865638.697848587296903 ], [ -681883.258221898460761, 4865688.875675309449434 ], [ -682257.506174925481901, 4865753.388866194523871 ], [ -682336.300821208162233, 4865345.358647072687745 ], [ -682430.855491519672796, 4864830.821715562604368 ], [ -682065.225802858360112, 4864768.591753485612571 ], [ -682011.784721515607089, 4864775.744598474353552 ], [ -681964.527661950793117, 4864803.579505094327033 ], [ -681932.979823207249865, 4864840.965871510095894 ], [ -681921.7003371368628, 4864870.623713227920234 ], [ -681891.229782871901989, 4865021.975759497843683 ], [ -681880.257493386045098, 4865058.468199245631695 ], [ -681863.973375984234735, 4865086.488929715938866 ], [ -681825.093194518703967, 4865122.580402449704707 ], [ -681723.777144378982484, 4865186.842005665414035 ], [ -681680.983512889128178, 4865236.558437515981495 ], [ -681656.255993991391733, 4865333.912658166140318 ], [ -681598.732625761767849, 4865638.697848587296903 ] ] ] } },
{ "type": "Feature", "properties": { "OBJECTID": 38, "Block_Groups_TOTPOP10": 970, "Block_Groups_PopOver65": 95, "Block_Groups_Over65Density": 97938.14432989691, "Shape_Length": 8051.3053647735087, "Shape_Area": 3660716.9246188076 }, "geometry": { "type": "Polygon", "coordinates": [ [ [ -672333.882237513549626, 4851151.3827123073861 ], [ -672367.7505224540364, 4851274.195741186849773 ], [ -672645.381421238183975, 4851931.249621390365064 ], [ -672713.319134993245825, 4852071.307690590620041 ], [ -672772.909605737775564, 4852176.725194658152759 ], [ -672821.115676241461188, 4852225.855287815444171 ], [ -673179.701816881773993, 4852487.485134412534535 ], [ -673263.293320275610313, 4852559.382146439515054 ], [ -673309.547485603950918, 4852624.014002740383148 ], [ -673344.390777862630785, 4852619.532294220291078 ], [ -673367.386621728772298, 4852626.559992399998009 ], [ -673514.375274184159935, 4852747.228578460402787 ], [ -673577.297070846427232, 4852811.753374974243343 ], [ -673715.59457988361828, 4852982.195408117957413 ], [ -673722.526111993938684, 4853007.538826 ], [ -673717.960207094438374, 4853029.36755929607898 ], [ -673868.094465165166184, 4853066.879272270016372 ], [ -673939.792341127758846, 4853102.771925303153694 ], [ -673955.855985093163326, 4853067.111848245374858 ], [ -674038.055435726419091, 4852639.487945280969143 ], [ -674288.925726558780298, 4851167.084881423972547 ], [ -674295.660340376431122, 4851080.749216879718006 ], [ -674297.647687955060974, 4850761.22078859899193 ], [ -674308.491422643652186, 4850560.165864463895559 ], [ -672942.573722743429244, 4850412.564122847281396 ], [ -672214.514892453094944, 4850319.697550773620605 ], [ -672216.633622329914942, 4850424.921756753697991 ], [ -672247.572279370389879, 4850712.431339813396335 ], [ -672294.085227430798113, 4850980.015132813714445 ], [ -672333.882237513549626, 4851151.3827123073861 ] ] ] } },
{ "type": "Feature", "properties": { "OBJECTID": 39, "Block_Groups_TOTPOP10": 2389, "Block_Groups_PopOver65": 106, "Block_Groups_Over65Density": 44370.029300962749, "Shape_Length": 6791.6103519625385, "Shape_Area": 2662162.7258131034 }, "geometry": { "type": "Polygon", "coordinates": [ [ [ -674382.750901087885723, 4855242.567334112711251 ], [ -674821.737324986374006, 4855337.373967588879168 ], [ -675838.468025238020346, 4855521.18956389836967 ], [ -675923.242340323980898, 4855097.143276238813996 ], [ -675869.476646999362856, 4854993.474981553852558 ], [ -675863.404087061993778, 4854920.017583659850061 ], [ -675875.824735649628565, 4854831.695158826187253 ], [ -675919.270011490210891, 4854691.482904481701553 ], [ -675946.655588251538575, 4854452.679468383081257 ], [ -675938.816951762652025, 4854402.287278860807419 ], [ -675912.622869660612196, 4854331.338652988895774 ], [ -675896.237422165228054, 4854243.25038506090641 ], [ -675885.643529202090576, 4854217.263701673597097 ], [ -675891.452183061046526, 4854127.776038724929094 ], [ -675929.237287788186222, 4853907.365632325410843 ], [ -675969.17117286962457, 4853761.239371034316719 ], [ -675972.007852836279199, 4853675.751470966264606 ], [ -675951.799898069817573, 4853540.223496560007334 ], [ -675957.133267408004031, 4853431.787325836718082 ], [ -675946.286255266750231, 4853389.914446576498449 ], [ -675938.049952452536672, 4853376.405997509136796 ], [ -675776.71828196849674, 4853294.648514662869275 ], [ -675592.121975385118276, 4853259.365581936202943 ], [ -675193.606477590976283, 4853209.337058424949646 ], [ -675047.305149706546217, 4853167.184216836467385 ], [ -675000.306385625386611, 4853293.228062437847257 ], [ -674975.798350197030231, 4853377.190976439975202 ], [ -674995.11922435509041, 4853383.58310422860086 ], [ -675008.754296662751585, 4853396.524236155673862 ], [ -675003.288914475822821, 4853423.475501589477062 ], [ -674969.24759304500185, 4853401.690039076842368 ], [ -674922.17272767261602, 4853402.517151544801891 ], [ -674898.806284035090357, 4853549.276461899280548 ], [ -674646.8194584348239, 4854159.868544445373118 ], [ -674537.221089655533433, 4854436.332795903086662 ], [ -674382.750901087885723, 4855242.567334112711251 ] ] ] } },
{ "type": "Feature", "properties": { "OBJECTID": 40, "Block_Groups_TOTPOP10": 2132, "Block_Groups_PopOver65": 189, "Block_Groups_Over65Density": 88649.155722326454, "Shape_Length": 21727.475003116077, "Shape_Area": 13802242.223373244 }, "geometry": { "type": "Polygon", "coordinates": [ [ [ -682118.718113220063969, 4875028.744942057877779 ], [ -682253.974814147222787, 4875049.667337655089796 ], [ -682714.237968977773562, 4875141.663631728850305 ], [ -682937.540579334599897, 4875160.12639972101897 ], [ -683601.682833140017465, 4875256.68054660782218 ], [ -684256.055676441174001, 4875327.487012742087245 ], [ -685748.719427034026012, 4875518.489218890666962 ], [ -686735.208594113588333, 4875637.955453941598535 ], [ -686874.964704406214878, 4875637.943343173712492 ], [ -687004.087533083278686, 4875625.506176409311593 ], [ -688069.237875049933791, 4875434.68629499245435 ], [ -688127.02020198921673, 4875428.399584681726992 ], [ -688193.887991964118555, 4875430.504467914812267 ], [ -688287.927598010748625, 4875454.004757528193295 ], [ -688384.4512162017636, 4875497.521992720663548 ], [ -688667.639027850003913, 4875629.9592016171664 ], [ -689051.803554070880637, 4875823.294113199226558 ], [ -689283.401818903395906, 4874602.644542824476957 ], [ -689282.404936952050775, 4874557.288677047938108 ], [ -689311.332002370851114, 4874386.237725228071213 ], [ -689706.62660252628848, 4872181.405525992624462 ], [ -688534.945169477490708, 4871973.09200540650636 ], [ -687321.025846686447039, 4871755.988657125271857 ], [ -686998.012805884471163, 4873358.359421237371862 ], [ -687399.935663250740618, 4873431.240032441914082 ], [ -687301.887928903335705, 4874047.048264724202454 ], [ -687289.065665431786329, 4874093.709376018494368 ], [ -687222.071212276117876, 4874236.905035171657801 ], [ -684037.519677832955495, 4873683.306040989235044 ], [ -683961.417679093312472, 4874044.684812478721142 ], [ -683882.573615075321868, 4874029.212961930781603 ], [ -683843.79766613827087, 4874030.624381725676358 ], [ -683794.465846921317279, 4874048.983781533315778 ], [ -683755.603671781020239, 4874085.0042325546965 ], [ -683685.46248996257782, 4874220.860009225085378 ], [ -683651.857785722706467, 4874257.057849714532495 ], [ -683502.750892844982445, 4874352.581644563935697 ], [ -683467.338297927053645, 4874386.200664740987122 ], [ -683418.528485909337178, 4874452.82113428413868 ], [ -683376.65470257983543, 4874484.542833707295358 ], [ -683325.389419456245378, 4874501.054183170199394 ], [ -683289.805134381167591, 4874501.526635378599167 ], [ -683263.698394312988967, 4874495.398672389797866 ], [ -683167.283070652280003, 4874451.232939902693033 ], [ -682588.539632658241317, 4874354.05958432238549 ], [ -682429.537644771393389, 4874659.314841890707612 ], [ -682335.00398395396769, 4874792.344175327569246 ], [ -682246.196591871790588, 4874888.757347922772169 ], [ -682213.594285204075277, 4874923.624928200617433 ], [ -682118.718113220063969, 4875028.744942057877779 ] ] ] } },
{ "type": "Feature", "properties": { "OBJECTID": 41, "Block_Groups_TOTPOP10": 2312, "Block_Groups_PopOver65": 219, "Block_Groups_Over65Density": 94723.183391003462, "Shape_Length": 16139.809856249309, "Shape_Area": 12380785.574656194 }, "geometry": { "type": "Polygon", "coordinates": [ [ [ -653622.220920661231503, 4871433.994154376909137 ], [ -653793.734978886554018, 4871471.105356020852923 ], [ -653975.19918703311123, 4871520.455793780274689 ], [ -654802.067567580146715, 4871805.22471378557384 ], [ -655042.294335345271975, 4871872.271623241715133 ], [ -655257.52281207498163, 4871909.46551030408591 ], [ -655426.098443442489952, 4871924.328705827705562 ], [ -655988.146293743979186, 4871944.124020241200924 ], [ -656173.399414397776127, 4870994.922365666367114 ], [ -656453.814045635750517, 4869420.983338332735002 ], [ -656601.819611196871847, 4868604.024334506131709 ], [ -656616.436534048290923, 4868567.46525146253407 ], [ -656673.549723026575521, 4868468.347107822075486 ], [ -656687.483480248134583, 4868422.649012210778892 ], [ -656692.521798257948831, 4868349.856122443452477 ], [ -656685.94976166379638, 4868322.411578064784408 ], [ -656677.106224689399824, 4868172.801322493702173 ], [ -656887.32191913574934, 4866969.483064162544906 ], [ -655463.826664398424327, 4866762.754472246393561 ], [ -655430.661929876776412, 4866771.314507390372455 ], [ -655311.201887614792213, 4866829.633457164280117 ], [ -655240.796943387715146, 4866879.127327051013708 ], [ -655220.555747010977939, 4866917.731720155104995 ], [ -655188.024216589285061, 4867088.772920067422092 ], [ -655170.531554066110402, 4867115.822809079661965 ], [ -655140.700599875301123, 4867118.192474360577762 ], [ -654814.980609466321766, 4867077.782907756976783 ], [ -654802.377672947244719, 4867080.870724621228874 ], [ -654779.403801200911403, 4867104.720288109965622 ], [ -654758.650365700712427, 4867220.657548711635172 ], [ -654729.999519520904869, 4867255.553913968615234 ], [ -654514.087783929891884, 4867348.349205384962261 ], [ -654347.433640745002776, 4867391.765357559546828 ], [ -654275.42706347675994, 4867398.139012278057635 ], [ -654006.684941528597847, 4867355.560817812569439 ], [ -653958.521055041346699, 4867359.283505133353174 ], [ -653989.944227021420375, 4867404.536193353123963 ], [ -653992.532761225476861, 4867424.524360881187022 ], [ -654036.524924844969064, 4867497.498704144731164 ], [ -654136.100410653743893, 4867646.197774935513735 ], [ -654315.356400459539145, 4867936.408710347488523 ], [ -654392.074261573841795, 4868707.196793543174863 ], [ -654129.653281624196097, 4869065.469410045072436 ], [ -653986.59125133859925, 4869234.66299145668745 ], [ -653946.816058016149327, 4869272.887615242041647 ], [ -653599.285798565018922, 4869390.281011867336929 ], [ -653523.973172199213877, 4869402.841015310026705 ], [ -653281.231039758538827, 4869747.936753237619996 ], [ -653240.572834385791793, 4869817.562495172023773 ], [ -653137.240225976798683, 4870036.410445710644126 ], [ -653122.347514746477827, 4870083.428449925966561 ], [ -653119.112397823482752, 4870119.684084917418659 ], [ -653082.737450242508203, 4870212.582150381989777 ], [ -652901.515565629582852, 4870572.742211426608264 ], [ -652896.40350075578317, 4870593.646672940813005 ], [ -652897.652010608930141, 4870612.642734527587891 ], [ -652934.47971946769394, 4870648.290339541621506 ], [ -653412.820335095515475, 4870947.891147165559232 ], [ -653440.241108181420714, 4870959.382567761465907 ], [ -653454.837894612923265, 4870970.915394773706794 ], [ -653467.431926627410576, 4871015.907899730838835 ], [ -653507.722279124660417, 4871018.351525119505823 ], [ -653523.554387057665735, 4871027.09272582270205 ], [ -653523.737117583397776, 4871039.143828894942999 ], [ -653546.787666764575988, 4871045.374362459406257 ], [ -653572.00105131440796, 4871034.7000439055264 ], [ -653592.649701036978513, 4871033.004019721411169 ], [ -653599.981505107134581, 4871056.054678949527442 ], [ -653609.750910846749321, 4871056.2377914711833 ], [ -653616.283493326511234, 4871044.594027735292912 ], [ -653675.049347031861544, 4871040.460375403054059 ], [ -653703.805021934444085, 4871101.0133768459782 ], [ -653705.554307067068294, 4871117.091048932634294 ], [ -653721.889664706075564, 4871122.914699588902295 ], [ -653745.443562096217647, 4871126.227995092980564 ], [ -653755.487991510424763, 4871120.449078547768295 ], [ -653757.879796167369932, 4871106.588456562720239 ], [ -653774.331252200063318, 4871089.895350993610919 ], [ -653793.571961593814194, 4871100.727997228503227 ], [ -653795.344300635159016, 4871112.302368064410985 ], [ -653776.033913743915036, 4871114.979847645387053 ], [ -653769.030497863423079, 4871146.825373517349362 ], [ -653754.821999547071755, 4871154.890661641955376 ], [ -653756.193406236590818, 4871173.156745554879308 ], [ -653770.090205774875358, 4871201.847726962529123 ], [ -653769.092854575254023, 4871229.470800667069852 ], [ -653776.526338674128056, 4871256.2949911179021 ], [ -653744.243724098661914, 4871264.245804592967033 ], [ -653729.485453173518181, 4871284.235380759462714 ], [ -653718.546702241757885, 4871321.410572563298047 ], [ -653660.982159966835752, 4871353.544233833439648 ], [ -653632.221724677132443, 4871389.145898766815662 ], [ -653622.220920661231503, 4871433.994154376909137 ] ] ] } },
{ "type": "Feature", "properties": { "OBJECTID": 42, "Block_Groups_TOTPOP10": 5652, "Block_Groups_PopOver65": 828, "Block_Groups_Over65Density": 146496.81528662422, "Shape_Length": 18204.52827165517, "Shape_Area": 16569507.886752859 }, "geometry": { "type": "Polygon", "coordinates": [ [ [ -682588.539632658241317, 4874354.05958432238549 ], [ -683167.283070652280003, 4874451.232939902693033 ], [ -683263.698394312988967, 4874495.398672389797866 ], [ -683289.805134381167591, 4874501.526635378599167 ], [ -683325.389419456245378, 4874501.054183170199394 ], [ -683376.65470257983543, 4874484.542833707295358 ], [ -683418.528485909337178, 4874452.82113428413868 ], [ -683467.338297927053645, 4874386.200664740987122 ], [ -683502.750892844982445, 4874352.581644563935697 ], [ -683651.857785722706467, 4874257.057849714532495 ], [ -683685.46248996257782, 4874220.860009225085378 ], [ -683755.603671781020239, 4874085.0042325546965 ], [ -683794.465846921317279, 4874048.983781533315778 ], [ -683843.79766613827087, 4874030.624381725676358 ], [ -683882.573615075321868, 4874029.212961930781603 ], [ -683961.417679093312472, 4874044.684812478721142 ], [ -684037.519677832955495, 4873683.306040989235044 ], [ -687222.071212276117876, 4874236.905035171657801 ], [ -687289.065665431786329, 4874093.709376018494368 ], [ -687301.887928903335705, 4874047.048264724202454 ], [ -687399.935663250740618, 4873431.240032441914082 ], [ -686998.012805884471163, 4873358.359421237371862 ], [ -687321.025846686447039, 4871755.988657125271857 ], [ -687622.586598065216094, 4870133.586794771254063 ], [ -687218.69097849377431, 4870066.442715181037784 ], [ -685293.300905642332509, 4869733.452437269501388 ], [ -684385.323125502560288, 4869584.764249520376325 ], [ -684122.996090469416231, 4869909.649399503134191 ], [ -683944.136355234775692, 4870168.703497651964426 ], [ -683893.974712720373645, 4870259.988967220298946 ], [ -683838.096255367388949, 4870439.122950636781752 ], [ -683836.853297886904329, 4870480.321148786693811 ], [ -683790.508960537612438, 4870699.540118739940226 ], [ -683717.864003650611266, 4871139.996069855056703 ], [ -683311.837157330010086, 4871077.198625354096293 ], [ -683318.766958949156106, 4871238.804239748977125 ], [ -683314.696840162854642, 4871360.060917628929019 ], [ -683283.83381315227598, 4871560.149881009012461 ], [ -682988.495853446656838, 4872678.582886553369462 ], [ -682783.593128948705271, 4873610.345081106759608 ], [ -682712.726776502095163, 4873942.525388712063432 ], [ -682664.592103411443532, 4874159.045082900673151 ], [ -682632.252089129993692, 4874256.43046969268471 ], [ -682588.539632658241317, 4874354.05958432238549 ] ] ] } },
{ "type": "Feature", "properties": { "OBJECTID": 43, "Block_Groups_TOTPOP10": 778, "Block_Groups_PopOver65": 122, "Block_Groups_Over65Density": 156812.33933161953, "Shape_Length": 3299.8974735009365, "Shape_Area": 452921.91321768129 }, "geometry": { "type": "Polygon", "coordinates": [ [ [ -676706.073267359985039, 4868524.802725804969668 ], [ -676588.92350951069966, 4868623.908911075443029 ], [ -676551.100018615601584, 4868671.462857438251376 ], [ -676539.42398809781298, 4868707.803422959521413 ], [ -676495.295484964968637, 4868778.337808855809271 ], [ -676469.340069062076509, 4868870.132078264839947 ], [ -676445.131696657510474, 4868913.302021149545908 ], [ -676495.171923524001613, 4868882.200221609324217 ], [ -676523.959988135378808, 4868847.362854244187474 ], [ -676596.768956953193992, 4868858.655388984829187 ], [ -677025.440318338107318, 4868895.629178122617304 ], [ -677150.12837200332433, 4868788.071282285265625 ], [ -677230.266872548963875, 4868727.634299780242145 ], [ -677421.972108053741977, 4868608.522775278426707 ], [ -677529.580408513080329, 4868555.175337063148618 ], [ -677765.339820907684043, 4868464.89469423238188 ], [ -677774.718890795717016, 4868411.583182618021965 ], [ -677446.844400719273835, 4868355.414708711206913 ], [ -677413.258279814152047, 4868348.754824781790376 ], [ -677383.888261552900076, 4868335.307758247479796 ], [ -677351.132564475992694, 4868302.443276772275567 ], [ -677212.73582252045162, 4868101.177263441495597 ], [ -676882.34503083769232, 4868377.366422913968563 ], [ -676706.073267359985039, 4868524.802725804969668 ] ] ] } },
{ "type": "Feature", "properties": { "OBJECTID": 44, "Block_Groups_TOTPOP10": 645, "Block_Groups_PopOver65": 91, "Block_Groups_Over65Density": 141085.27131782947, "Shape_Length": 15073.95229179273, "Shape_Area": 10794403.720337104 }, "geometry": { "type": "Polygon", "coordinates": [ [ [ -665868.181530647212639, 4857915.857843131758273 ], [ -666323.71151560684666, 4858513.938890499062836 ], [ -666389.76347075146623, 4858621.070547912269831 ], [ -667049.449628004338592, 4860048.475046609528363 ], [ -667080.275114266434684, 4860127.639179208315909 ], [ -667098.863631127867848, 4860225.007979250513017 ], [ -667195.533419031416997, 4860229.772296368144453 ], [ -667806.278722997754812, 4860333.772577896714211 ], [ -667851.792207977967337, 4860337.174790911376476 ], [ -667887.221915502101183, 4860329.031741302460432 ], [ -667917.635408908128738, 4860301.94079988822341 ], [ -667931.939174795290455, 4860267.527221392840147 ], [ -668082.099344871705398, 4859604.514880612492561 ], [ -668105.433391795726493, 4859574.681647008284926 ], [ -668140.897082776296884, 4859562.023365652188659 ], [ -668189.478412886383012, 4859565.20599003136158 ], [ -668847.865863675018772, 4859678.322066335938871 ], [ -669034.511990634957328, 4859704.802612639963627 ], [ -669659.462830967269838, 4859784.306287994608283 ], [ -669694.549037801800296, 4859773.848816310055554 ], [ -669718.880153151927516, 4859742.68485152721405 ], [ -669732.680071314098313, 4859693.866392648778856 ], [ -669847.479136336361989, 4859160.93610358517617 ], [ -669932.798585813026875, 4858732.067238937132061 ], [ -670035.273808038793504, 4858156.975443901494145 ], [ -670846.35942037939094, 4858297.593785339966416 ], [ -670994.015404938487336, 4857485.404594177380204 ], [ -670130.52555735828355, 4857345.47167519852519 ], [ -669145.003263770136982, 4857176.877044485881925 ], [ -667958.285165540874004, 4856987.00991781335324 ], [ -666106.324927808484063, 4856705.204057272523642 ], [ -665894.930844742106274, 4857827.099506119266152 ], [ -665868.181530647212639, 4857915.857843131758273 ] ] ] } },
{ "type": "Feature", "properties": { "OBJECTID": 45, "Block_Groups_TOTPOP10": 1084, "Block_Groups_PopOver65": 149, "Block_Groups_Over65Density": 137453.87453874538, "Shape_Length": 20740.045418020218, "Shape_Area": 10644642.522532739 }, "geometry": { "type": "Polygon", "coordinates": [ [ [ -667098.863631127867848, 4860225.007979250513017 ], [ -667090.485036061843857, 4860347.055425243452191 ], [ -666837.497594667598605, 4861592.942226092331111 ], [ -666797.999113164609298, 4861720.091877222061157 ], [ -666735.941160632763058, 4861872.677504708990455 ], [ -666560.513246471295133, 4862203.542255308479071 ], [ -666574.887503799982369, 4862194.749815724790096 ], [ -666587.482045448385179, 4862196.187859451398253 ], [ -666643.199607186252251, 4862114.783725369721651 ], [ -666693.803866093745455, 4862067.121298271231353 ], [ -666734.062710937578231, 4862048.527040229178965 ], [ -666776.306654796935618, 4862044.583062022924423 ], [ -666805.662673867074773, 4862027.856642856262624 ], [ -666821.132406895514578, 4862038.829778896644711 ], [ -666815.499377959175035, 4862058.177651868201792 ], [ -666798.347552848514169, 4862061.216651674360037 ], [ -666785.185207091504708, 4862071.725712399929762 ], [ -666793.907150448067114, 4862104.111316720955074 ], [ -666810.237197345355526, 4862114.481206062249839 ], [ -666949.312005597632378, 4862049.085439720191061 ], [ -667044.216741963289678, 4862020.425504697486758 ], [ -667145.646941096289083, 4861967.302788011729717 ], [ -667193.157556340796873, 4861907.055313616991043 ], [ -667244.627667466178536, 4861728.532150357030332 ], [ -667269.106813483638689, 4861709.450922760181129 ], [ -667357.230930354213342, 4861689.398817640729249 ], [ -667387.55680588632822, 4861693.170873310416937 ], [ -667415.593185260891914, 4861710.097844569943845 ], [ -667442.806652453960851, 4861740.434770809486508 ], [ -667512.559838524088264, 4861778.176500503905118 ], [ -667547.757318494375795, 4861766.985398736782372 ], [ -667614.694634382380173, 4861712.376797164790332 ], [ -667671.132347160018981, 4861635.609752506017685 ], [ -667719.951316955732182, 4861489.746130852028728 ], [ -667776.548463749466464, 4861407.732671150006354 ], [ -667831.507788009010255, 4861369.860918722115457 ], [ -667859.470516530331224, 4861361.174753305502236 ], [ -667936.128806285792962, 4861354.942459248937666 ], [ -667991.036941105732694, 4861343.417909475043416 ], [ -668045.234992575133219, 4861309.931985337287188 ], [ -668132.450928428443149, 4861225.717362256720662 ], [ -668213.747382740490139, 4861166.827723652124405 ], [ -668271.719532959861681, 4861155.084282570518553 ], [ -668531.704399412730709, 4861189.821242086589336 ], [ -668581.797101425239816, 4861166.917621522210538 ], [ -668615.879630637355149, 4861140.472089866176248 ], [ -668632.703182937810197, 4861095.958322526887059 ], [ -668657.572530122706667, 4860983.560925959609449 ], [ -668678.573483590735123, 4860936.761242801323533 ], [ -668697.459127657115459, 4860858.715156389400363 ], [ -668719.254838670836762, 4860803.015430427156389 ], [ -668777.208910838700831, 4860721.982279667630792 ], [ -668831.28921575169079, 4860689.227291901595891 ], [ -668884.575612625805661, 4860665.371701680123806 ], [ -668960.446309800026938, 4860650.72280581202358 ], [ -669089.427479507401586, 4860656.625338294543326 ], [ -669146.546667176764458, 4860645.489202465862036 ], [ -669324.482693600002676, 4860635.07148199249059 ], [ -669457.968838322907686, 4860662.854362066835165 ], [ -669511.935302818892524, 4860665.481764230877161 ], [ -669606.177200300386176, 4860632.198219780810177 ], [ -669646.460425267927349, 4860630.93500623293221 ], [ -669702.273510687053204, 4860614.302517688833177 ], [ -669745.557106850435957, 4860621.847942406311631 ], [ -669779.971801728010178, 4860619.562296367250383 ], [ -669827.936286601005122, 4860587.251318853348494 ], [ -669912.331053522415459, 4860580.122085648588836 ], [ -669962.220784933539107, 4860606.144454933702946 ], [ -670024.298558279871941, 4860657.642212924547493 ], [ -670086.979048785055056, 4860692.675041441805661 ], [ -670144.687361373566091, 4860756.216604589484632 ], [ -670284.57246489985846, 4860955.357139656320214 ], [ -670293.150091951945797, 4860936.516946843825281 ], [ -670317.039118288084865, 4860933.905066072940826 ], [ -670339.941306228982285, 4860949.951221010647714 ], [ -670376.84461548901163, 4860959.401289821602404 ], [ -670388.737758154049516, 4860921.556113913655281 ], [ -670385.258522449061275, 4860893.833740011788905 ], [ -670393.069632874801755, 4860862.054940656758845 ], [ -670412.52083176211454, 4860811.216448590159416 ], [ -670455.381670250557363, 4860738.851238165050745 ], [ -670512.311292324448004, 4860685.510549813508987 ], [ -670568.19163489411585, 4860659.856486927717924 ], [ -670608.829444765113294, 4860678.244633855298162 ], [ -670635.844932043692097, 4860666.386346922256052 ], [ -670645.316442601382732, 4860642.428323872387409 ], [ -670644.581442431081086, 4860624.975376893766224 ], [ -670695.264399905223399, 4860607.453787011094391 ], [ -670748.020000935299322, 4860573.722366406582296 ], [ -670770.313923817593604, 4860536.935779044404626 ], [ -670778.222632535966113, 4860508.938156989403069 ], [ -670775.286941731581464, 4860491.100728469900787 ], [ -670846.416895991424099, 4860456.05489344522357 ], [ -670875.123710279352963, 4860430.17910993937403 ], [ -670907.500788554083556, 4860439.594876349903643 ], [ -670925.90580841107294, 4860433.767006675712764 ], [ -670936.303836492821574, 4860417.502435106784105 ], [ -670929.061393048614264, 4860385.353828619234264 ], [ -670968.133657671511173, 4860313.075455233454704 ], [ -670973.554516918025911, 4860273.342963703908026 ], [ -671019.264831070089713, 4860249.680103095248342 ], [ -671029.504037073813379, 4860238.660554213449359 ], [ -671035.149287353269756, 4860219.306149584241211 ], [ -671020.633961213985458, 4860194.173913728445768 ], [ -671024.780146629316732, 4860179.077747537754476 ], [ -671051.797841122141108, 4860149.892723679542542 ], [ -671053.455333948833868, 4860123.062323042191565 ], [ -671069.054082448361441, 4860115.99099768511951 ], [ -671084.045921444892883, 4860090.733896626159549 ], [ -671139.327168680960312, 4860046.893639248795807 ], [ -671164.752544297138229, 4860070.16392704565078 ], [ -671224.184910561190918, 4860167.16897697839886 ], [ -671255.5746552743949, 4860177.920486582443118 ], [ -671260.359856415074319, 4860193.822243965230882 ], [ -671280.64822296006605, 4860198.869743542745709 ], [ -671293.28066849289462, 4860213.127776425331831 ], [ -671310.123899624682963, 4860220.587467286735773 ], [ -671327.892024027183652, 4860218.415386174805462 ], [ -671380.558966394281015, 4860163.574318550527096 ], [ -671764.574966594344005, 4860207.258860285393894 ], [ -671852.490986647317186, 4860240.690361109562218 ], [ -671924.584924664814025, 4860260.81304444745183 ], [ -671929.367186063667759, 4860294.042643196880817 ], [ -671941.137175295036286, 4860308.905238389968872 ], [ -672058.496826618444175, 4860333.921248994767666 ], [ -672102.105313026579097, 4860330.990448358468711 ], [ -672138.091060360195115, 4860315.428109374828637 ], [ -672186.645337879192084, 4860305.827840499579906 ], [ -672198.516712436452508, 4860272.492803990840912 ], [ -672228.698353313840926, 4860246.876102502457798 ], [ -672248.736005631973967, 4860218.734011942520738 ], [ -672258.337081480072811, 4860228.698303990066051 ], [ -672288.744431021623313, 4860188.806467801332474 ], [ -672355.394945728825405, 4860131.889955984428525 ], [ -672436.961714055156335, 4859959.292557750828564 ], [ -672452.238767982693389, 4859759.288007942028344 ], [ -672461.501278623472899, 4859680.287071609869599 ], [ -672469.798049705801532, 4859667.420763471163809 ], [ -672536.391331609804183, 4859602.200450913980603 ], [ -672541.883249618811533, 4859570.76074525155127 ], [ -672551.264704219531268, 4859560.344073837623 ], [ -672576.661966894054785, 4859553.47841792460531 ], [ -672611.373311741743237, 4859562.555953302420676 ], [ -672644.551857626531273, 4859580.407487685792148 ], [ -672664.747537466464564, 4859581.675227386876941 ], [ -672768.550869151251391, 4859061.05543371476233 ], [ -672964.412117750616744, 4858069.638429739512503 ], [ -673013.699688751948997, 4857943.344175997190177 ], [ -673061.131040038075298, 4857870.986971265636384 ], [ -672944.235464666970074, 4857843.034212369471788 ], [ -672694.071445586392656, 4857798.596082199364901 ], [ -672586.559038552688435, 4857742.896145516075194 ], [ -672500.968833126360551, 4857721.924645945429802 ], [ -670994.015404938487336, 4857485.404594177380204 ], [ -670846.35942037939094, 4858297.593785339966416 ], [ -670035.273808038793504, 4858156.975443901494145 ], [ -669932.798585813026875, 4858732.067238937132061 ], [ -669847.479136336361989, 4859160.93610358517617 ], [ -669732.680071314098313, 4859693.866392648778856 ], [ -669718.880153151927516, 4859742.68485152721405 ], [ -669694.549037801800296, 4859773.848816310055554 ], [ -669659.462830967269838, 4859784.306287994608283 ], [ -669034.511990634957328, 4859704.802612639963627 ], [ -668847.865863675018772, 4859678.322066335938871 ], [ -668189.478412886383012, 4859565.20599003136158 ], [ -668140.897082776296884, 4859562.023365652188659 ], [ -668105.433391795726493, 4859574.681647008284926 ], [ -668082.099344871705398, 4859604.514880612492561 ], [ -667931.939174795290455, 4860267.527221392840147 ], [ -667917.635408908128738, 4860301.94079988822341 ], [ -667887.221915502101183, 4860329.031741302460432 ], [ -667851.792207977967337, 4860337.174790911376476 ], [ -667806.278722997754812, 4860333.772577896714211 ], [ -667195.533419031416997, 4860229.772296368144453 ], [ -667098.863631127867848, 4860225.007979250513017 ] ] ] } },
{ "type": "Feature", "properties": { "OBJECTID": 46, "Block_Groups_TOTPOP10": 1090, "Block_Groups_PopOver65": 196, "Block_Groups_Over65Density": 179816.51376146788, "Shape_Length": 23728.333994334145, "Shape_Area": 16695748.890356682 }, "geometry": { "type": "Polygon", "coordinates": [ [ [ -666327.064229111652821, 4861781.987708374857903 ], [ -666388.715902874013409, 4861709.890858497470617 ], [ -666444.660285549238324, 4861687.998045437969267 ], [ -666442.020488617243245, 4861698.832436263561249 ], [ -666433.415318327024579, 4861704.864908780902624 ], [ -666370.781438964186236, 4861891.228948159143329 ], [ -666331.416214713361114, 4861961.176074954681098 ], [ -666319.57603431167081, 4861994.501640928909183 ], [ -666326.099972960771993, 4862026.50356590282172 ], [ -666345.072683173231781, 4862082.503167779184878 ], [ -666432.259800307685509, 4862167.68235485162586 ], [ -666521.468557975720614, 4862223.85321157053113 ], [ -666536.791000405093655, 4862200.921543651260436 ], [ -666560.513246471295133, 4862203.542255308479071 ], [ -666735.941160632763058, 4861872.677504708990455 ], [ -666797.999113164609298, 4861720.091877222061157 ], [ -666837.497594667598605, 4861592.942226092331111 ], [ -667090.485036061843857, 4860347.055425243452191 ], [ -667098.863631127867848, 4860225.007979250513017 ], [ -667080.275114266434684, 4860127.639179208315909 ], [ -667049.449628004338592, 4860048.475046609528363 ], [ -666389.76347075146623, 4858621.070547912269831 ], [ -666323.71151560684666, 4858513.938890499062836 ], [ -665868.181530647212639, 4857915.857843131758273 ], [ -665671.556820462923497, 4857654.997411629185081 ], [ -665593.762118740705773, 4857502.142055501230061 ], [ -665547.167287214891985, 4857352.440743935294449 ], [ -665517.977642977843061, 4857159.054054725915194 ], [ -665515.137987941503525, 4857062.138974597677588 ], [ -665520.117306071566418, 4856968.086122683249414 ], [ -665596.786093046655878, 4856521.852805783040822 ], [ -665668.220461070304736, 4855826.804760259576142 ], [ -665669.317591993836686, 4855746.377151729539037 ], [ -665660.608584634959698, 4855687.604595119133592 ], [ -665641.64920386695303, 4855622.532959774136543 ], [ -665610.563202830962837, 4855557.617988335900009 ], [ -665559.302185296779498, 4855486.943246688693762 ], [ -665366.150479857809842, 4855262.066352723166347 ], [ -665301.896891977405176, 4855192.154259090311825 ], [ -665237.888586427783594, 4855142.629271862097085 ], [ -665163.648188276216388, 4855104.14021535590291 ], [ -665084.415202122181654, 4855081.363099601119757 ], [ -664826.961068196920678, 4855039.752911125309765 ], [ -664689.00202419818379, 4854984.953116939403117 ], [ -664628.934596698032692, 4854951.940804624930024 ], [ -664569.046078154118732, 4854909.165236284956336 ], [ -664225.100303212413564, 4854616.008801259100437 ], [ -663960.54267534869723, 4854379.565864259377122 ], [ -663899.407386109698564, 4854317.744301099330187 ], [ -663527.586552619934082, 4853896.982601821422577 ], [ -663484.394161849515513, 4853823.199792966246605 ], [ -663454.89824671135284, 4853731.442109692841768 ], [ -663320.203680576989427, 4854291.32891720533371 ], [ -663315.341806455515325, 4854371.85966856777668 ], [ -663298.024568415945396, 4854423.863970036618412 ], [ -663239.43860209081322, 4854714.339668373577297 ], [ -663238.525401381775737, 4854789.521629846654832 ], [ -662823.410475635668263, 4856174.589400275610387 ], [ -662358.291798893595114, 4858272.093432277441025 ], [ -662438.237862705718726, 4858334.126588536426425 ], [ -662602.758332782657817, 4858440.172925123013556 ], [ -662701.501146439695731, 4858489.651945066638291 ], [ -662803.255956630688161, 4858526.100340088829398 ], [ -662867.974822475574911, 4858532.039204456843436 ], [ -662828.849362953333184, 4858439.419408393092453 ], [ -662769.330824118107557, 4858337.996301188133657 ], [ -662803.877844606526196, 4858269.430242529138923 ], [ -662900.91380294598639, 4858402.955430402420461 ], [ -662904.720061178551987, 4858485.693444943986833 ], [ -662962.631174794398248, 4858504.760939063504338 ], [ -662966.571015352150425, 4858543.093976703472435 ], [ -662992.272824458777905, 4858564.865466658957303 ], [ -663208.859328367048874, 4858640.79282150324434 ], [ -663437.494694574736059, 4858686.436387210153043 ], [ -663543.12731887656264, 4858687.424239945597947 ], [ -663596.847169070038944, 4858669.625956576317549 ], [ -663635.419239511014894, 4858625.858187884092331 ], [ -663655.029244041536003, 4858621.726802823133767 ], [ -663671.444642747752368, 4858640.385937696322799 ], [ -663757.248938695527613, 4858703.454192207194865 ], [ -663892.029534978559241, 4858784.804281802847981 ], [ -663978.398943205596879, 4858814.087023003026843 ], [ -664056.685890041058883, 4858802.811226174235344 ], [ -664141.142475248547271, 4858803.901618912816048 ], [ -664211.993618106003851, 4858787.572427574545145 ], [ -664342.926980508724228, 4858734.220903526991606 ], [ -664408.688486500876024, 4858668.812961864285171 ], [ -664436.64168320549652, 4858620.945508177392185 ], [ -664475.899443201255053, 4858525.333965692669153 ], [ -664486.750664012040943, 4858471.486637333407998 ], [ -664511.353560327086598, 4858451.65446500107646 ], [ -664548.475742222508416, 4858446.796741956844926 ], [ -664604.847836268367246, 4858457.327974460087717 ], [ -664682.543872078182176, 4858484.361803266219795 ], [ -664739.06035800720565, 4858511.487948157824576 ], [ -664755.5192363364622, 4858542.961640747264028 ], [ -664758.567813106579706, 4858686.580705122090876 ], [ -664776.717273911461234, 4858782.360358246602118 ], [ -664827.581128268036991, 4858933.518936906941235 ], [ -664916.090555291622877, 4859033.222477562725544 ], [ -664940.551378703210503, 4859096.960123175755143 ], [ -664942.675669404445216, 4859150.043442878872156 ], [ -664907.774450856959447, 4859272.759096101857722 ], [ -664776.690157698001713, 4859531.644037758000195 ], [ -664749.209307213081047, 4859541.935282891616225 ], [ -664708.893154034391046, 4859569.577300238423049 ], [ -664644.039985679322854, 4859747.32543140091002 ], [ -664610.665862857131287, 4859861.257669755257666 ], [ -664540.517715950030833, 4859904.051307699643075 ], [ -664522.140043397201225, 4859927.215976027771831 ], [ -664517.745064616203308, 4859965.607235196046531 ], [ -664531.13762487587519, 4859997.296724773012102 ], [ -664556.178781448630616, 4860005.406994267366827 ], [ -664623.62959506502375, 4860043.46623473148793 ], [ -664621.897789115551859, 4860066.507370441220701 ], [ -664637.837799597065896, 4860061.744271258823574 ], [ -664643.182424177182838, 4860048.36568493116647 ], [ -664879.473757070256397, 4860175.970121037214994 ], [ -664905.390370081178844, 4860200.799106622114778 ], [ -664911.726748267188668, 4860225.240699169225991 ], [ -664940.410383367212489, 4860277.656509347259998 ], [ -664999.450949363876134, 4860329.319165086373687 ], [ -665058.376391391735524, 4860359.879949133843184 ], [ -665087.464613378513604, 4860366.436499343253672 ], [ -665104.97317641787231, 4860404.865329368039966 ], [ -665196.641781498910859, 4860503.60780743509531 ], [ -665207.151890905108303, 4860525.762554312124848 ], [ -665195.431537571363151, 4860580.197624824941158 ], [ -665162.356403928715736, 4860683.628775017336011 ], [ -665133.991273556835949, 4860738.183605816215277 ], [ -665125.955960131948814, 4860888.876047858037055 ], [ -665130.231128501705825, 4860929.522251220420003 ], [ -665199.561816558009014, 4861095.906808600760996 ], [ -665226.954291357891634, 4861138.308986375108361 ], [ -665232.07453647418879, 4861161.031988624483347 ], [ -665277.788610876537859, 4861228.450376915745437 ], [ -665347.804428157396615, 4861303.854929428547621 ], [ -665447.114711232483387, 4861371.551220202818513 ], [ -665679.319134681252763, 4861439.756006103940308 ], [ -665755.532843025866896, 4861540.334971921518445 ], [ -665811.765604057116434, 4861568.930291872471571 ], [ -665855.193860430503264, 4861571.208437769673765 ], [ -665922.178402108605951, 4861564.029579393565655 ], [ -665960.39136343752034, 4861539.803717908449471 ], [ -665964.878307358594611, 4861527.031650932505727 ], [ -665916.159722617128864, 4861529.103651942685246 ], [ -665910.095584823749959, 4861520.520661953836679 ], [ -665998.868537606904283, 4861435.816773016937077 ], [ -666091.842791621573269, 4861383.464423426426947 ], [ -666156.115246334578842, 4861322.357768314890563 ], [ -666184.200645940145478, 4861312.934796672314405 ], [ -666215.543421404669061, 4861310.854565578512847 ], [ -666297.576366506749764, 4861343.186903325840831 ], [ -666234.136149115394801, 4861655.907375276088715 ], [ -666257.166837470373139, 4861671.205204592086375 ], [ -666314.79567911522463, 4861691.766334162093699 ], [ -666327.064229111652821, 4861781.987708374857903 ] ] ] } },
{ "type": "Feature", "properties": { "OBJECTID": 47, "Block_Groups_TOTPOP10": 1135, "Block_Groups_PopOver65": 140, "Block_Groups_Over65Density": 123348.01762114538, "Shape_Length": 23127.140928732031, "Shape_Area": 21830655.634753536 }, "geometry": { "type": "Polygon", "coordinates": [ [ [ -663454.89824671135284, 4853731.442109692841768 ], [ -663484.394161849515513, 4853823.199792966246605 ], [ -663527.586552619934082, 4853896.982601821422577 ], [ -663899.407386109698564, 4854317.744301099330187 ], [ -663960.54267534869723, 4854379.565864259377122 ], [ -664225.100303212413564, 4854616.008801259100437 ], [ -664569.046078154118732, 4854909.165236284956336 ], [ -664628.934596698032692, 4854951.940804624930024 ], [ -664689.00202419818379, 4854984.953116939403117 ], [ -664826.961068196920678, 4855039.752911125309765 ], [ -665084.415202122181654, 4855081.363099601119757 ], [ -665163.648188276216388, 4855104.14021535590291 ], [ -665237.888586427783594, 4855142.629271862097085 ], [ -665301.896891977405176, 4855192.154259090311825 ], [ -665366.150479857809842, 4855262.066352723166347 ], [ -665559.302185296779498, 4855486.943246688693762 ], [ -665610.563202830962837, 4855557.617988335900009 ], [ -665641.64920386695303, 4855622.532959774136543 ], [ -665660.608584634959698, 4855687.604595119133592 ], [ -665669.317591993836686, 4855746.377151729539037 ], [ -665668.220461070304736, 4855826.804760259576142 ], [ -665596.786093046655878, 4856521.852805783040822 ], [ -665520.117306071566418, 4856968.086122683249414 ], [ -665515.137987941503525, 4857062.138974597677588 ], [ -665517.977642977843061, 4857159.054054725915194 ], [ -665547.167287214891985, 4857352.440743935294449 ], [ -665593.762118740705773, 4857502.142055501230061 ], [ -665671.556820462923497, 4857654.997411629185081 ], [ -665868.181530647212639, 4857915.857843131758273 ], [ -665894.930844742106274, 4857827.099506119266152 ], [ -666106.324927808484063, 4856705.204057272523642 ], [ -667958.285165540874004, 4856987.00991781335324 ], [ -669145.003263770136982, 4857176.877044485881925 ], [ -670130.52555735828355, 4857345.47167519852519 ], [ -670994.015404938487336, 4857485.404594177380204 ], [ -671318.087598878890276, 4855864.978611478582025 ], [ -671533.635745313717052, 4854636.868280257098377 ], [ -671060.607611881801859, 4854555.208613994531333 ], [ -670740.730219630990177, 4854493.466610932722688 ], [ -670619.373239958425984, 4854464.79622689075768 ], [ -670565.086493877228349, 4854428.958989824168384 ], [ -670017.772544223349541, 4853978.624610994942486 ], [ -669981.113652563188225, 4853963.199495134875178 ], [ -669910.419476404320449, 4853943.360435344278812 ], [ -669581.59262964874506, 4853898.218555773608387 ], [ -668240.513074459275231, 4853687.707365185953677 ], [ -666832.765248120296746, 4853482.485343927517533 ], [ -665184.686510103521869, 4853211.048581884242594 ], [ -665126.013302479870617, 4853209.173380549997091 ], [ -664982.134635421214625, 4853175.203788490965962 ], [ -663583.491797685157508, 4852927.040477453731 ], [ -663454.062171958852559, 4853574.565113824792206 ], [ -663446.998509985627607, 4853654.723572849296033 ], [ -663454.89824671135284, 4853731.442109692841768 ] ] ] } },
{ "type": "Feature", "properties": { "OBJECTID": 48, "Block_Groups_TOTPOP10": 922, "Block_Groups_PopOver65": 139, "Block_Groups_Over65Density": 150759.2190889371, "Shape_Length": 4575.334001855822, "Shape_Area": 1254195.1689079467 }, "geometry": { "type": "Polygon", "coordinates": [ [ [ -665900.815251982072368, 4868227.924555383622646 ], [ -665771.637772656744346, 4868947.826703841798007 ], [ -665737.650352398166433, 4869238.244117957539856 ], [ -666183.40750378719531, 4869300.87478316668421 ], [ -666343.84367637289688, 4869328.838382620364428 ], [ -666364.980715528596193, 4869276.864233772270381 ], [ -666421.760844273027033, 4869232.606945249252021 ], [ -666452.780847731279209, 4869219.210383902303874 ], [ -666485.300582768395543, 4869218.862038414925337 ], [ -666823.091711532790214, 4869268.729912683367729 ], [ -666868.001227270113304, 4869262.269923382438719 ], [ -666935.616727240849286, 4869225.169466714374721 ], [ -666966.607349047902972, 4869216.282501084730029 ], [ -667006.454172262456268, 4869217.21414088178426 ], [ -667115.135286748642102, 4869234.664695669896901 ], [ -667226.577429161639884, 4868625.991890144534409 ], [ -667257.73992520221509, 4868451.634139341302216 ], [ -667226.743020970840007, 4868443.219430049881339 ], [ -667173.507792359450832, 4868415.129005954600871 ], [ -667134.06908166827634, 4868407.499541175551713 ], [ -665900.815251982072368, 4868227.924555383622646 ] ] ] } },
{ "type": "Feature", "properties": { "OBJECTID": 49, "Block_Groups_TOTPOP10": 977, "Block_Groups_PopOver65": 136, "Block_Groups_Over65Density": 139201.63766632549, "Shape_Length": 4781.742990521132, "Shape_Area": 1094396.4909778365 }, "geometry": { "type": "Polygon", "coordinates": [ [ [ -664852.100415248889476, 4871440.668909913860261 ], [ -664966.566193136619404, 4871463.618055184371769 ], [ -664977.012043840019032, 4871472.956429419107735 ], [ -665013.836569576524198, 4871538.768110061064363 ], [ -664913.36649869964458, 4872119.703097684308887 ], [ -664963.891496677184477, 4872128.507373576052487 ], [ -665002.99010055931285, 4872146.597641168162227 ], [ -665046.771383791230619, 4872176.780926629900932 ], [ -665056.356255766702816, 4872186.720925834961236 ], [ -665039.308676581131294, 4872249.906280395574868 ], [ -665406.887179962359369, 4872296.686573122628033 ], [ -665571.032502130139619, 4872307.261802094057202 ], [ -665765.392866018461064, 4872330.62789505161345 ], [ -665765.574771684361622, 4872269.011163437739015 ], [ -665741.866885874886066, 4871933.320091149769723 ], [ -665627.260698805563152, 4870664.427225159481168 ], [ -665425.305313727119938, 4870636.753615094348788 ], [ -665150.302005667472258, 4870603.880004206672311 ], [ -665135.601511133369058, 4870735.91562232747674 ], [ -665060.887100399471819, 4871195.094876783899963 ], [ -665044.180737901944667, 4871226.018716936931014 ], [ -665019.41867604944855, 4871255.538940285332501 ], [ -664944.619808034971356, 4871329.724008379504085 ], [ -664918.388377511175349, 4871341.695043991319835 ], [ -664860.158453989308327, 4871351.099177683703601 ], [ -664861.222602707566693, 4871392.63626104593277 ], [ -664852.100415248889476, 4871440.668909913860261 ] ] ] } },
{ "type": "Feature", "properties": { "OBJECTID": 50, "Block_Groups_TOTPOP10": 900, "Block_Groups_PopOver65": 133, "Block_Groups_Over65Density": 147777.77777777778, "Shape_Length": 3060.7739714568825, "Shape_Area": 489888.68044892035 }, "geometry": { "type": "Polygon", "coordinates": [ [ [ -664354.93287850334309, 4871470.609793693758547 ], [ -664370.719244172098115, 4871540.269739394076169 ], [ -664325.924750210251659, 4871788.829752276651561 ], [ -664335.91816318128258, 4871865.747451545670629 ], [ -664282.88700064457953, 4872139.92341822385788 ], [ -664430.700917524751276, 4872161.90989244543016 ], [ -664544.70525958831422, 4872178.761708906851709 ], [ -664795.413515804102644, 4872216.426365028135478 ], [ -665039.308676581131294, 4872249.906280395574868 ], [ -665056.356255766702816, 4872186.720925834961236 ], [ -665046.771383791230619, 4872176.780926629900932 ], [ -665002.99010055931285, 4872146.597641168162227 ], [ -664963.891496677184477, 4872128.507373576052487 ], [ -664913.36649869964458, 4872119.703097684308887 ], [ -665013.836569576524198, 4871538.768110061064363 ], [ -664977.012043840019032, 4871472.956429419107735 ], [ -664966.566193136619404, 4871463.618055184371769 ], [ -664852.100415248889476, 4871440.668909913860261 ], [ -664591.140268277842551, 4871396.71694063488394 ], [ -664333.460836307844147, 4871355.602174735628068 ], [ -664330.799501976929605, 4871388.218828287906945 ], [ -664354.93287850334309, 4871470.609793693758547 ] ] ] } },
{ "type": "Feature", "properties": { "OBJECTID": 51, "Block_Groups_TOTPOP10": 1087, "Block_Groups_PopOver65": 179, "Block_Groups_Over65Density": 164673.41306347746, "Shape_Length": 3143.2200780545709, "Shape_Area": 579298.59305181319 }, "geometry": { "type": "Polygon", "coordinates": [ [ [ -664349.87340240762569, 4870485.545103386044502 ], [ -664343.812823375221342, 4870533.363933796994388 ], [ -664348.319718496641144, 4870572.495512356981635 ], [ -664403.025673350552097, 4870652.697666713967919 ], [ -664408.384068958926946, 4870673.931642396375537 ], [ -664410.207453914918005, 4870693.798304217867553 ], [ -664375.506186229176819, 4870932.117011544294655 ], [ -664404.956279061734676, 4871005.664121687412262 ], [ -664394.066119942814112, 4871081.20898761972785 ], [ -664366.392075800569728, 4871144.80854023527354 ], [ -664333.460836307844147, 4871355.602174735628068 ], [ -664591.140268277842551, 4871396.71694063488394 ], [ -664852.100415248889476, 4871440.668909913860261 ], [ -664861.222602707566693, 4871392.63626104593277 ], [ -664860.158453989308327, 4871351.099177683703601 ], [ -664918.388377511175349, 4871341.695043991319835 ], [ -664944.619808034971356, 4871329.724008379504085 ], [ -665019.41867604944855, 4871255.538940285332501 ], [ -665044.180737901944667, 4871226.018716936931014 ], [ -665060.887100399471819, 4871195.094876783899963 ], [ -665135.601511133369058, 4870735.91562232747674 ], [ -665150.302005667472258, 4870603.880004206672311 ], [ -664976.815528060076758, 4870577.419948275201023 ], [ -664946.532144606113434, 4870573.649189095944166 ], [ -664752.66545357205905, 4870542.89351580478251 ], [ -664349.87340240762569, 4870485.545103386044502 ] ] ] } },
{ "type": "Feature", "properties": { "OBJECTID": 52, "Block_Groups_TOTPOP10": 1130, "Block_Groups_PopOver65": 96, "Block_Groups_Over65Density": 84955.752212389387, "Shape_Length": 3650.7186693694985, "Shape_Area": 782016.80952796526 }, "geometry": { "type": "Polygon", "coordinates": [ [ [ -663396.699977395590395, 4871136.923848427832127 ], [ -663383.631956352619454, 4871285.75811873562634 ], [ -663356.951588437426835, 4871460.787412584759295 ], [ -663250.675656023900956, 4871980.530695542693138 ], [ -663511.505308171268553, 4872020.658847570419312 ], [ -664282.88700064457953, 4872139.92341822385788 ], [ -664335.91816318128258, 4871865.747451545670629 ], [ -664325.924750210251659, 4871788.829752276651561 ], [ -664370.719244172098115, 4871540.269739394076169 ], [ -664354.93287850334309, 4871470.609793693758547 ], [ -664313.452352418331429, 4871479.174717701971531 ], [ -664274.513205730589107, 4871473.14614465367049 ], [ -664252.349949561525136, 4871461.769017555750906 ], [ -664115.498848376097158, 4871350.732637167908251 ], [ -664084.098884255159646, 4871331.733584189787507 ], [ -663814.703815912595019, 4871288.59970479272306 ], [ -663824.990874486509711, 4871229.49430235195905 ], [ -663836.759091435698792, 4871205.229308607056737 ], [ -663804.274425234645605, 4871183.787689862772822 ], [ -663554.394519376102835, 4871145.566225979477167 ], [ -663464.581590722082183, 4871145.726899679750204 ], [ -663396.699977395590395, 4871136.923848427832127 ] ] ] } },
{ "type": "Feature", "properties": { "OBJECTID": 53, "Block_Groups_TOTPOP10": 1040, "Block_Groups_PopOver65": 233, "Block_Groups_Over65Density": 224038.46153846153, "Shape_Length": 3884.7976374847108, "Shape_Area": 824368.47862554027 }, "geometry": { "type": "Polygon", "coordinates": [ [ [ -663396.699977395590395, 4871136.923848427832127 ], [ -663464.581590722082183, 4871145.726899679750204 ], [ -663554.394519376102835, 4871145.566225979477167 ], [ -663804.274425234645605, 4871183.787689862772822 ], [ -663836.759091435698792, 4871205.229308607056737 ], [ -663824.990874486509711, 4871229.49430235195905 ], [ -663814.703815912595019, 4871288.59970479272306 ], [ -664084.098884255159646, 4871331.733584189787507 ], [ -664115.498848376097158, 4871350.732637167908251 ], [ -664252.349949561525136, 4871461.769017555750906 ], [ -664274.513205730589107, 4871473.14614465367049 ], [ -664313.452352418331429, 4871479.174717701971531 ], [ -664354.93287850334309, 4871470.609793693758547 ], [ -664330.799501976929605, 4871388.218828287906945 ], [ -664333.460836307844147, 4871355.602174735628068 ], [ -664366.392075800569728, 4871144.80854023527354 ], [ -664394.066119942814112, 4871081.20898761972785 ], [ -664404.956279061734676, 4871005.664121687412262 ], [ -664375.506186229176819, 4870932.117011544294655 ], [ -664410.207453914918005, 4870693.798304217867553 ], [ -664408.384068958926946, 4870673.931642396375537 ], [ -664403.025673350552097, 4870652.697666713967919 ], [ -664348.319718496641144, 4870572.495512356981635 ], [ -664343.812823375221342, 4870533.363933796994388 ], [ -664349.87340240762569, 4870485.545103386044502 ], [ -664090.09023693879135, 4870443.334618329070508 ], [ -663857.885251319268718, 4870407.437067928723991 ], [ -663595.651655740803108, 4870366.323766502551734 ], [ -663368.799142382107675, 4870334.382240147329867 ], [ -663398.021639056038111, 4870877.782547640614212 ], [ -663396.699977395590395, 4871136.923848427832127 ] ] ] } },
{ "type": "Feature", "properties": { "OBJECTID": 54, "Block_Groups_TOTPOP10": 1964, "Block_Groups_PopOver65": 99, "Block_Groups_Over65Density": 50407.331975560082, "Shape_Length": 3940.2738672178193, "Shape_Area": 819225.90143807768 }, "geometry": { "type": "Polygon", "coordinates": [ [ [ -663138.346275342162699, 4872548.034196049906313 ], [ -663504.68932742299512, 4872627.578972415998578 ], [ -663744.531295958440751, 4872697.145071560516953 ], [ -664031.877200254006311, 4872805.811925658024848 ], [ -664331.131241783499718, 4872941.372436271049082 ], [ -664334.156294000567868, 4872746.464402437210083 ], [ -664388.270203416002914, 4872747.622840693220496 ], [ -664412.395852118730545, 4872739.047135236673057 ], [ -664438.077227609697729, 4872717.212017275393009 ], [ -664447.620460177073255, 4872697.075479838997126 ], [ -664544.70525958831422, 4872178.761708906851709 ], [ -664430.700917524751276, 4872161.90989244543016 ], [ -664282.88700064457953, 4872139.92341822385788 ], [ -663511.505308171268553, 4872020.658847570419312 ], [ -663250.675656023900956, 4871980.530695542693138 ], [ -663196.575942556839436, 4872256.755619733594358 ], [ -663138.346275342162699, 4872548.034196049906313 ] ] ] } },
{ "type": "Feature", "properties": { "OBJECTID": 55, "Block_Groups_TOTPOP10": 1393, "Block_Groups_PopOver65": 227, "Block_Groups_Over65Density": 162957.64536970566, "Shape_Length": 5542.7627371012813, "Shape_Area": 1214854.7794353142 }, "geometry": { "type": "Polygon", "coordinates": [ [ [ -664125.168662950396538, 4869717.055491609498858 ], [ -664383.164065163582563, 4869756.689556905068457 ], [ -664446.607544955564663, 4869773.747850682586432 ], [ -664523.77372612664476, 4869785.675581883639097 ], [ -664576.319078119006008, 4869787.302331084385514 ], [ -665084.793436616659164, 4869857.787410606630147 ], [ -665080.852985044708475, 4869880.413453221321106 ], [ -665053.13452327507548, 4869931.234754350036383 ], [ -665048.461639929329976, 4869953.733038170263171 ], [ -664946.532144606113434, 4870573.649189095944166 ], [ -664976.815528060076758, 4870577.419948275201023 ], [ -665150.302005667472258, 4870603.880004206672311 ], [ -665425.305313727119938, 4870636.753615094348788 ], [ -665627.260698805563152, 4870664.427225159481168 ], [ -665625.162966804811731, 4870433.95700384862721 ], [ -665715.808982775080949, 4869467.590049003250897 ], [ -665461.981443365570158, 4869386.519952083006501 ], [ -665396.081217134138569, 4869370.529102060943842 ], [ -664995.893254267284647, 4869332.426195487380028 ], [ -664211.969772226409987, 4869209.519738377071917 ], [ -664158.248213185928762, 4869518.272352349944413 ], [ -664125.168662950396538, 4869717.055491609498858 ] ] ] } },
{ "type": "Feature", "properties": { "OBJECTID": 56, "Block_Groups_TOTPOP10": 1418, "Block_Groups_PopOver65": 153, "Block_Groups_Over65Density": 107898.4485190409, "Shape_Length": 3985.7505851307251, "Shape_Area": 826689.99574063881 }, "geometry": { "type": "Polygon", "coordinates": [ [ [ -663301.607749357819557, 4869115.108181123621762 ], [ -663330.737743455683812, 4869642.031361603178084 ], [ -663368.799142382107675, 4870334.382240147329867 ], [ -663595.651655740803108, 4870366.323766502551734 ], [ -663857.885251319268718, 4870407.437067928723991 ], [ -663960.784681923221797, 4869772.673281647264957 ], [ -663959.496238884748891, 4869745.378677882254124 ], [ -663941.419134360039607, 4869706.139558678492904 ], [ -663969.977103373035789, 4869693.812866228632629 ], [ -664125.168662950396538, 4869717.055491609498858 ], [ -664158.248213185928762, 4869518.272352349944413 ], [ -664211.969772226409987, 4869209.519738377071917 ], [ -663490.415591351687908, 4869101.312165442854166 ], [ -663434.712721468880773, 4869096.138786444440484 ], [ -663301.607749357819557, 4869115.108181123621762 ] ] ] } },
{ "type": "Feature", "properties": { "OBJECTID": 57, "Block_Groups_TOTPOP10": 1352, "Block_Groups_PopOver65": 253, "Block_Groups_Over65Density": 187130.17751479289, "Shape_Length": 3644.8549858691154, "Shape_Area": 773219.99187227676 }, "geometry": { "type": "Polygon", "coordinates": [ [ [ -664125.168662950396538, 4869717.055491609498858 ], [ -663969.977103373035789, 4869693.812866228632629 ], [ -663941.419134360039607, 4869706.139558678492904 ], [ -663959.496238884748891, 4869745.378677882254124 ], [ -663960.784681923221797, 4869772.673281647264957 ], [ -663857.885251319268718, 4870407.437067928723991 ], [ -664090.09023693879135, 4870443.334618329070508 ], [ -664349.87340240762569, 4870485.545103386044502 ], [ -664752.66545357205905, 4870542.89351580478251 ], [ -664946.532144606113434, 4870573.649189095944166 ], [ -665048.461639929329976, 4869953.733038170263171 ], [ -665053.13452327507548, 4869931.234754350036383 ], [ -665080.852985044708475, 4869880.413453221321106 ], [ -665084.793436616659164, 4869857.787410606630147 ], [ -664576.319078119006008, 4869787.302331084385514 ], [ -664523.77372612664476, 4869785.675581883639097 ], [ -664446.607544955564663, 4869773.747850682586432 ], [ -664383.164065163582563, 4869756.689556905068457 ], [ -664125.168662950396538, 4869717.055491609498858 ] ] ] } },
{ "type": "Feature", "properties": { "OBJECTID": 58, "Block_Groups_TOTPOP10": 1775, "Block_Groups_PopOver65": 118, "Block_Groups_Over65Density": 66478.873239436623, "Shape_Length": 9910.0665021174464, "Shape_Area": 3649140.3045174088 }, "geometry": { "type": "Polygon", "coordinates": [ [ [ -656453.814045635750517, 4869420.983338332735002 ], [ -656543.892383668571711, 4869414.76039276458323 ], [ -656641.574956420809031, 4869425.636035955511034 ], [ -657113.07124366867356, 4869490.638208745978773 ], [ -657265.001666282769293, 4869523.68350949510932 ], [ -657383.167181411758065, 4869564.419368440285325 ], [ -657494.185015146620572, 4869615.946364038623869 ], [ -657866.017462476622313, 4869847.151370932348073 ], [ -658046.47424000967294, 4869933.257197101600468 ], [ -658159.253139631124213, 4869974.579926740378141 ], [ -658379.206086256541312, 4870032.961354394443333 ], [ -659047.903269401052967, 4870178.868394086137414 ], [ -659265.028860796941444, 4870218.752356958575547 ], [ -659259.45923525094986, 4870085.497522228397429 ], [ -659175.11518893041648, 4869758.188162031583488 ], [ -659160.578004364855587, 4869715.829997252672911 ], [ -659137.1990813058801, 4869680.959995459765196 ], [ -658667.579295910429209, 4869286.904870638623834 ], [ -658356.216127814725041, 4869011.239241501316428 ], [ -657892.752106843516231, 4868616.056075465865433 ], [ -657785.579880950739607, 4868507.306321044452488 ], [ -657629.347926925169304, 4868320.160909172147512 ], [ -657569.93362938775681, 4868236.213828328065574 ], [ -657507.529113534139469, 4868051.767701367847621 ], [ -657477.58211049856618, 4867897.740544119849801 ], [ -657476.944597971858457, 4867835.985332136973739 ], [ -657496.04102680599317, 4867585.936516733840108 ], [ -657531.782857057405636, 4867331.238664296455681 ], [ -657546.375523563241586, 4867255.571796217001975 ], [ -657579.964925283566117, 4867170.407393848523498 ], [ -657605.064864396350458, 4867073.247872531414032 ], [ -657156.001187311951071, 4867008.397638065740466 ], [ -656887.32191913574934, 4866969.483064162544906 ], [ -656677.106224689399824, 4868172.801322493702173 ], [ -656685.94976166379638, 4868322.411578064784408 ], [ -656692.521798257948831, 4868349.856122443452477 ], [ -656687.483480248134583, 4868422.649012210778892 ], [ -656673.549723026575521, 4868468.347107822075486 ], [ -656616.436534048290923, 4868567.46525146253407 ], [ -656601.819611196871847, 4868604.024334506131709 ], [ -656453.814045635750517, 4869420.983338332735002 ] ] ] } },
{ "type": "Feature", "properties": { "OBJECTID": 59, "Block_Groups_TOTPOP10": 1024, "Block_Groups_PopOver65": 51, "Block_Groups_Over65Density": 49804.6875, "Shape_Length": 6478.1246907188988, "Shape_Area": 2595184.3823069185 }, "geometry": { "type": "Polygon", "coordinates": [ [ [ -678003.13827134296298, 4876879.69860901683569 ], [ -677878.290317913983017, 4877617.227248011156917 ], [ -677719.95028178114444, 4878493.127618383616209 ], [ -678487.183045105775818, 4878622.558491417206824 ], [ -679345.807320797117427, 4878764.472198420204222 ], [ -679524.021120531717315, 4877717.558952923864126 ], [ -679616.018107503186911, 4877158.446563292294741 ], [ -679201.105946977389976, 4877084.400169735774398 ], [ -679011.309083194239065, 4877060.659088620916009 ], [ -678769.100729296915233, 4877008.867050095461309 ], [ -678264.941934263100848, 4876940.183949175290763 ], [ -678071.132179256528616, 4876832.280738445930183 ], [ -678003.13827134296298, 4876879.69860901683569 ] ] ] } },
{ "type": "Feature", "properties": { "OBJECTID": 60, "Block_Groups_TOTPOP10": 1100, "Block_Groups_PopOver65": 81, "Block_Groups_Over65Density": 73636.363636363632, "Shape_Length": 2939.6150756042211, "Shape_Area": 430437.50472049025 }, "geometry": { "type": "Polygon", "coordinates": [ [ [ -677950.807387652806938, 4876029.600127287209034 ], [ -677442.008404166437685, 4875939.880407687276602 ], [ -677460.558084298390895, 4875984.518064400181174 ], [ -677488.812469893600792, 4875995.516472736373544 ], [ -677560.901782552944496, 4876066.141071973368526 ], [ -677582.980689660413191, 4876167.810592757537961 ], [ -677493.543509125476703, 4876790.562763413414359 ], [ -677591.244371704757214, 4876810.049313246272504 ], [ -677594.846247990382835, 4876789.626899665221572 ], [ -678005.969379383139312, 4876863.65249237138778 ], [ -678072.965001919306815, 4876475.355022676289082 ], [ -678146.394176636589691, 4876050.56101043894887 ], [ -678064.409255384933203, 4876048.885692000389099 ], [ -677950.807387652806938, 4876029.600127287209034 ] ] ] } },
{ "type": "Feature", "properties": { "OBJECTID": 61, "Block_Groups_TOTPOP10": 2931, "Block_Groups_PopOver65": 122, "Block_Groups_Over65Density": 41624.019106107131, "Shape_Length": 5982.8355041422437, "Shape_Area": 1731200.506922222 }, "geometry": { "type": "Polygon", "coordinates": [ [ [ -664790.930361618287861, 4889856.247930132783949 ], [ -666161.880481627304107, 4890099.596497529186308 ], [ -666564.283728141803294, 4890182.951303827576339 ], [ -666634.370430544950068, 4890182.499476298689842 ], [ -666721.086811987916008, 4890160.213772566989064 ], [ -666791.462671055691317, 4890123.809200623072684 ], [ -666909.26696028932929, 4890040.221057245507836 ], [ -667004.164984255796298, 4890001.369888509623706 ], [ -666994.921448081498966, 4889938.236569676548243 ], [ -667023.807256219442934, 4889756.52116109803319 ], [ -667018.636577742174268, 4889717.35554457269609 ], [ -666967.88009127532132, 4889556.163592514581978 ], [ -666874.646609095856547, 4889371.011286550201476 ], [ -666838.390731501858681, 4889285.879477572627366 ], [ -666754.955216132337227, 4889001.917341478168964 ], [ -666752.207100781844929, 4888948.920107416808605 ], [ -666335.698864383623004, 4888928.372752475552261 ], [ -666236.469089376972988, 4888897.466726079583168 ], [ -666273.096523388987407, 4888967.656404362991452 ], [ -666338.832553635817021, 4889056.454524139873683 ], [ -666324.124944490147755, 4889097.385394146665931 ], [ -666306.999712841352448, 4889104.884331019595265 ], [ -666286.640908760251477, 4889105.064477209933102 ], [ -665950.911467808298767, 4889091.950685053132474 ], [ -665853.743895662249997, 4889109.421340450644493 ], [ -665790.570415906142443, 4889113.348852914758027 ], [ -665710.585717739770189, 4889131.582930456846952 ], [ -665675.862518904730678, 4889144.999539501033723 ], [ -665652.697907785885036, 4889161.192408593371511 ], [ -665627.412521530641243, 4889168.012017194181681 ], [ -665509.49321286007762, 4889252.359449145384133 ], [ -665376.762235262431204, 4889313.857651800848544 ], [ -665258.836165465181693, 4889462.710421252064407 ], [ -665209.648049256997183, 4889502.844968334771693 ], [ -665177.814780735177919, 4889521.268543136306107 ], [ -665130.772515693679452, 4889536.276826762594283 ], [ -665073.413458398543298, 4889545.727006800472736 ], [ -665041.847481445176527, 4889545.446148383431137 ], [ -664850.715204168809578, 4889579.46162961050868 ], [ -664821.595749059459195, 4889578.110170867294073 ], [ -664808.939426082419232, 4889654.646747539751232 ], [ -664790.930361618287861, 4889856.247930132783949 ] ] ] } },
{ "type": "Feature", "properties": { "OBJECTID": 62, "Block_Groups_TOTPOP10": 2017, "Block_Groups_PopOver65": 118, "Block_Groups_Over65Density": 58502.72682201289, "Shape_Length": 4848.3143305390795, "Shape_Area": 735679.58906437492 }, "geometry": { "type": "Polygon", "coordinates": [ [ [ -682704.435652139829472, 4872635.85891330614686 ], [ -682891.668517952552065, 4872662.205023020505905 ], [ -682988.495853446656838, 4872678.582886553369462 ], [ -683283.83381315227598, 4871560.149881009012461 ], [ -683314.696840162854642, 4871360.060917628929019 ], [ -683318.766958949156106, 4871238.804239748977125 ], [ -683311.837157330010086, 4871077.198625354096293 ], [ -682952.362178170122206, 4871020.399214223027229 ], [ -682500.474844456883147, 4870943.519674084149301 ], [ -682424.406960883177817, 4871339.6553197177127 ], [ -682817.563052453566343, 4871402.389657270163298 ], [ -682799.876239908160642, 4871502.40904994122684 ], [ -682800.726016427157447, 4871621.515337369404733 ], [ -682750.11119321687147, 4871882.09049701038748 ], [ -682750.808211956406012, 4871912.327774489298463 ], [ -682768.959427876165137, 4871946.404639486223459 ], [ -682902.454236580524594, 4872084.447770717553794 ], [ -682923.234163778834045, 4872125.012608477845788 ], [ -682935.570349658839405, 4872179.140437747351825 ], [ -682930.412975966231897, 4872246.735587627626956 ], [ -682906.637412385083735, 4872304.261360477656126 ], [ -682881.00431643333286, 4872338.120642852038145 ], [ -682771.617003280669451, 4872448.253925423137844 ], [ -682741.634408335667104, 4872489.623859611339867 ], [ -682721.091370532521978, 4872541.696423827670515 ], [ -682704.435652139829472, 4872635.85891330614686 ] ] ] } },
{ "type": "Feature", "properties": { "OBJECTID": 63, "Block_Groups_TOTPOP10": 883, "Block_Groups_PopOver65": 28, "Block_Groups_Over65Density": 31710.079275198186, "Shape_Length": 4020.8683473384463, "Shape_Area": 653395.15063570754 }, "geometry": { "type": "Polygon", "coordinates": [ [ [ -680540.745323354145512, 4866643.941756875254214 ], [ -680531.425299017224461, 4866688.246601787395775 ], [ -680791.959886569296941, 4866732.661061514168978 ], [ -680881.091066943947226, 4866407.144442808814347 ], [ -680951.229097568662837, 4866056.416323180310428 ], [ -680958.11235521431081, 4865983.050506591796875 ], [ -681055.437410092679784, 4865546.686205211095512 ], [ -680533.912547727581114, 4865442.735103666782379 ], [ -680350.057688344968483, 4865400.554916813969612 ], [ -680354.670142864109948, 4865490.262107501737773 ], [ -680257.963949992088601, 4865476.995270104147494 ], [ -680227.177461927291006, 4865484.379676561802626 ], [ -680204.418470687931404, 4865497.697928531095386 ], [ -680184.129215497057885, 4865522.751036191359162 ], [ -680133.242093292996287, 4865661.439314951188862 ], [ -680125.907103720586747, 4865703.086143360473216 ], [ -680128.786934200208634, 4865738.245343797840178 ], [ -680145.263756594853476, 4865786.345516728237271 ], [ -680175.74988056672737, 4865827.873452864587307 ], [ -680348.413141594268382, 4866002.167924181558192 ], [ -680458.3674363612663, 4866081.802984255366027 ], [ -680494.509152818238363, 4866134.12161947786808 ], [ -680507.662664908682927, 4866183.896189354360104 ], [ -680515.996363296406344, 4866295.34300631377846 ], [ -680489.801161820301786, 4866422.548223654739559 ], [ -680526.936983471969143, 4866430.598753747530282 ], [ -680560.356657523661852, 4866429.708819268271327 ], [ -680633.644639387959614, 4866404.207952940836549 ], [ -680655.118770777946338, 4866453.941771102137864 ], [ -680660.6696052395273, 4866491.076601219363511 ], [ -680624.545932419365272, 4866661.723891329020262 ], [ -680540.745323354145512, 4866643.941756875254214 ] ] ] } },
{ "type": "Feature", "properties": { "OBJECTID": 64, "Block_Groups_TOTPOP10": 3854, "Block_Groups_PopOver65": 380, "Block_Groups_Over65Density": 98598.858329008828, "Shape_Length": 13919.4678166629, "Shape_Area": 8284282.0396483559 }, "geometry": { "type": "Polygon", "coordinates": [ [ [ -683755.069011380895972, 4863558.753860793076456 ], [ -683745.668557195691392, 4863569.15400424040854 ], [ -683812.228590905666351, 4863616.329787884838879 ], [ -683870.059598034247756, 4863640.107033842243254 ], [ -683931.93856874643825, 4863649.524863662198186 ], [ -684879.002597549930215, 4863615.551825350150466 ], [ -684960.510838594287634, 4863608.09475620649755 ], [ -685055.736617202172056, 4863587.232679594308138 ], [ -685135.944979295600206, 4863561.455928193405271 ], [ -685578.863543590996414, 4863448.27432275377214 ], [ -685644.716004693880677, 4863028.700017499737442 ], [ -685710.892390361521393, 4862680.026325909420848 ], [ -685722.406914049526677, 4862653.41220717318356 ], [ -685819.76933210180141, 4862509.278168664313853 ], [ -685845.213302291696891, 4862446.673415843397379 ], [ -685852.438542609568685, 4862367.275853582657874 ], [ -685841.498693647095934, 4862305.023850711062551 ], [ -685814.115158626344055, 4862245.896638754755259 ], [ -685789.545709589263424, 4862213.656367320567369 ], [ -685992.178601912455633, 4861174.204378535039723 ], [ -686080.78626626636833, 4860664.235656661912799 ], [ -686094.241244686301798, 4860626.642906415276229 ], [ -686168.608513811370358, 4860467.079532782547176 ], [ -686372.208087879465893, 4860218.726928093470633 ], [ -686607.726494919043034, 4859965.445783537812531 ], [ -686755.77385770669207, 4859817.378245511092246 ], [ -687022.459214226808399, 4859589.202878477983177 ], [ -687155.685139859793708, 4859495.081830236129463 ], [ -687168.203080612700433, 4859479.945219786837697 ], [ -687190.766882920404896, 4859412.272254141047597 ], [ -687216.065630597760901, 4859393.36040130443871 ], [ -687210.858346135821193, 4859307.197916961275041 ], [ -687225.989732692716643, 4859221.612886720336974 ], [ -686460.145576641894877, 4859074.189144407398999 ], [ -685230.370442770188674, 4858853.260222562588751 ], [ -684815.354727533413097, 4858764.188910358585417 ], [ -684431.430295236641541, 4860678.385803621262312 ], [ -684409.113359576789662, 4860749.09875332005322 ], [ -684381.643448875285685, 4860793.264013480395079 ], [ -684245.451703124912456, 4860926.06964969728142 ], [ -684209.523562240879983, 4860971.003061518073082 ], [ -684172.789450562559068, 4861037.660164836794138 ], [ -684138.499579418916255, 4861146.217467561364174 ], [ -684129.886896589305252, 4861246.486163818277419 ], [ -684137.265466327778995, 4861311.876465165987611 ], [ -684160.408913676859811, 4861395.127814254723489 ], [ -684231.989735834766179, 4861568.354851667769253 ], [ -684242.503641945077106, 4861611.678051438182592 ], [ -684240.734755084384233, 4861686.006853529252112 ], [ -684197.368983365129679, 4861850.250356485135853 ], [ -684148.230406573275104, 4862180.082432512193918 ], [ -683963.168890353757888, 4863228.412776225246489 ], [ -683935.170273267431185, 4863318.445068242028356 ], [ -683909.915700274985284, 4863375.795117311179638 ], [ -683755.069011380895972, 4863558.753860793076456 ] ] ] } },
{ "type": "Feature", "properties": { "OBJECTID": 65, "Block_Groups_TOTPOP10": 790, "Block_Groups_PopOver65": 143, "Block_Groups_Over65Density": 181012.65822784809, "Shape_Length": 14244.723213406689, "Shape_Area": 11032555.122873016 }, "geometry": { "type": "Polygon", "coordinates": [ [ [ -687216.065630597760901, 4859393.36040130443871 ], [ -687190.766882920404896, 4859412.272254141047597 ], [ -687168.203080612700433, 4859479.945219786837697 ], [ -687155.685139859793708, 4859495.081830236129463 ], [ -687022.459214226808399, 4859589.202878477983177 ], [ -686755.77385770669207, 4859817.378245511092246 ], [ -686607.726494919043034, 4859965.445783537812531 ], [ -686372.208087879465893, 4860218.726928093470633 ], [ -686168.608513811370358, 4860467.079532782547176 ], [ -686094.241244686301798, 4860626.642906415276229 ], [ -686080.78626626636833, 4860664.235656661912799 ], [ -685992.178601912455633, 4861174.204378535039723 ], [ -685789.545709589263424, 4862213.656367320567369 ], [ -685814.115158626344055, 4862245.896638754755259 ], [ -685841.498693647095934, 4862305.023850711062551 ], [ -685852.438542609568685, 4862367.275853582657874 ], [ -685845.213302291696891, 4862446.673415843397379 ], [ -685819.76933210180141, 4862509.278168664313853 ], [ -685722.406914049526677, 4862653.41220717318356 ], [ -685710.892390361521393, 4862680.026325909420848 ], [ -685644.716004693880677, 4863028.700017499737442 ], [ -685578.863543590996414, 4863448.27432275377214 ], [ -686327.830229114275426, 4863393.010866118595004 ], [ -686528.717535017291084, 4863390.855123961344361 ], [ -686829.515742920571938, 4863405.631540407426655 ], [ -687101.61986679234542, 4863437.205680667422712 ], [ -687496.421430359827355, 4863472.421098195016384 ], [ -687592.144546542316675, 4863478.816296165809035 ], [ -687654.895575053989887, 4863474.849619450047612 ], [ -687896.666646617930382, 4863451.320413254201412 ], [ -687999.642558907857165, 4863455.235611801035702 ], [ -688455.350217118160799, 4863539.74866748880595 ], [ -688798.197034527081996, 4863616.350836528465152 ], [ -688804.415583852445707, 4863594.078284634277225 ], [ -689052.185743227833882, 4863647.808179397135973 ], [ -689035.531039702473208, 4863622.233938341960311 ], [ -689102.296179206809029, 4863420.675190191715956 ], [ -689125.396193409571424, 4863375.756555082276464 ], [ -689158.118001927621663, 4863349.133351237513125 ], [ -689188.85150464810431, 4863337.99305513035506 ], [ -689238.833256963407621, 4863337.806704924441874 ], [ -689326.276621665805578, 4863352.558706051670015 ], [ -689328.955061959801242, 4863341.722448064945638 ], [ -689400.898591069737449, 4862987.231182995252311 ], [ -689398.572996148141101, 4862961.932639905251563 ], [ -689382.736032312735915, 4862940.271270724013448 ], [ -689295.553600946441293, 4862885.598244323395193 ], [ -689255.93412516801618, 4862852.933314997702837 ], [ -689231.249315459281206, 4862821.408194626681507 ], [ -689207.818739886162803, 4862774.268782750703394 ], [ -689138.940378775354475, 4862688.907065861858428 ], [ -689131.395034838002175, 4862633.271383622661233 ], [ -689133.493578092893586, 4862454.909340210258961 ], [ -689167.69487346149981, 4862048.434059431776404 ], [ -689301.353754976997152, 4861328.439302392303944 ], [ -689466.889135843142867, 4860492.559383228421211 ], [ -688978.444642231334001, 4860386.414712604135275 ], [ -687445.876446177484468, 4860101.574343768879771 ], [ -687482.018885986879468, 4859918.637192902155221 ], [ -687484.982717880513519, 4859850.518727250397205 ], [ -687475.903146684635431, 4859799.127521642483771 ], [ -687451.837615913711488, 4859738.296792813576758 ], [ -687426.610391227761284, 4859696.87308004219085 ], [ -687250.766113371122628, 4859483.982476717792451 ], [ -687229.119688256876543, 4859439.420618869364262 ], [ -687216.065630597760901, 4859393.36040130443871 ] ] ] } },
{ "type": "Feature", "properties": { "OBJECTID": 66, "Block_Groups_TOTPOP10": 2332, "Block_Groups_PopOver65": 215, "Block_Groups_Over65Density": 92195.540308747863, "Shape_Length": 12953.064196386671, "Shape_Area": 8129194.8986000186 }, "geometry": { "type": "Polygon", "coordinates": [ [ [ -672602.087145995115861, 4865214.388287020847201 ], [ -672616.722108827671036, 4865350.9667086340487 ], [ -672671.211568934144452, 4865605.19208921957761 ], [ -672694.510604679584503, 4865679.287574918940663 ], [ -672730.714985911734402, 4865761.664520526304841 ], [ -672763.772971303900704, 4865823.163278402760625 ], [ -672809.991784297861159, 4865891.483110320754349 ], [ -672878.994926472660154, 4865972.073477107100189 ], [ -673163.001332696760073, 4866222.815932239405811 ], [ -673209.921915906947106, 4866278.462800015695393 ], [ -673255.074864067835733, 4866357.138294278644025 ], [ -673284.566047550411895, 4866451.891193069517612 ], [ -673292.051416884874925, 4866512.675782094709575 ], [ -673678.771240197122097, 4866448.680865636095405 ], [ -673826.8725287145935, 4866440.001706990413368 ], [ -673926.545884136809036, 4866444.670900467783213 ], [ -674028.476758093107492, 4866458.018775136210024 ], [ -674367.487752584274858, 4866537.02266107685864 ], [ -674750.209772766800597, 4866052.239668244495988 ], [ -674847.676925770472735, 4865918.738641581498086 ], [ -675012.632864315295592, 4865714.993310079909861 ], [ -675102.620277737965807, 4865615.56466808449477 ], [ -675862.773633020697162, 4864832.410936804488301 ], [ -675983.951064217835665, 4864753.503887238912284 ], [ -676215.964917859993875, 4864650.362500438466668 ], [ -676296.072567574679852, 4864611.698420357890427 ], [ -676384.849554781103507, 4864545.181313914246857 ], [ -676540.859779869671911, 4864336.807543381117284 ], [ -676579.372914884472266, 4864281.049168015830219 ], [ -676606.629449202446267, 4864224.820907345972955 ], [ -676627.450476198224351, 4864162.189639345742762 ], [ -676639.61595369130373, 4864079.960217414423823 ], [ -676622.585735212778673, 4863776.414116198197007 ], [ -676627.820552774472162, 4863703.510020609945059 ], [ -676756.352731812512502, 4863121.895756361074746 ], [ -676367.054707245901227, 4863061.123640132136643 ], [ -675323.672424052609131, 4862940.692980399355292 ], [ -674973.826161950360984, 4862892.190789107233286 ], [ -674193.706029435154051, 4862732.197780219838023 ], [ -674140.172563208499923, 4862882.511595673859119 ], [ -673807.916487181559205, 4864387.113482128828764 ], [ -673786.321266717044637, 4864458.637546410784125 ], [ -673768.028606080682948, 4864498.358119171112776 ], [ -673700.671065300935879, 4864585.210965233854949 ], [ -673732.53097731852904, 4864627.68931308016181 ], [ -673741.24119550967589, 4864672.890715300105512 ], [ -673636.456652867374942, 4865141.733904642984271 ], [ -673453.983255970058963, 4865113.542028684169054 ], [ -673391.386280525010079, 4865138.723060640506446 ], [ -673304.089075055439025, 4865210.02732817735523 ], [ -673294.651244128821418, 4865212.139545537531376 ], [ -673187.930385628016666, 4865182.912362500093877 ], [ -673001.615459772991017, 4865193.965259241871536 ], [ -672806.061350159114227, 4865197.381912385113537 ], [ -672766.973129781894386, 4865204.84609183203429 ], [ -672602.087145995115861, 4865214.388287020847201 ] ] ] } },
{ "type": "Feature", "properties": { "OBJECTID": 67, "Block_Groups_TOTPOP10": 1407, "Block_Groups_PopOver65": 302, "Block_Groups_Over65Density": 214641.0803127221, "Shape_Length": 13787.167434948433, "Shape_Area": 11369669.773732042 }, "geometry": { "type": "Polygon", "coordinates": [ [ [ -671533.635745313717052, 4854636.868280257098377 ], [ -671881.830404589418322, 4854696.800912592560053 ], [ -672164.736138505395502, 4854753.661365145817399 ], [ -672303.970366602065042, 4854783.971120027825236 ], [ -672784.825614142697304, 4854920.617618822492659 ], [ -673261.107774832518771, 4855009.758957775309682 ], [ -673979.104909384390339, 4855157.733346926979721 ], [ -674196.838705965550616, 4854014.91612705308944 ], [ -674299.146712824935094, 4853658.731012422591448 ], [ -674312.97531284019351, 4853644.554204770363867 ], [ -674349.222007843898609, 4853632.02950990665704 ], [ -674108.925422238186002, 4853278.604704214259982 ], [ -673975.752942833350971, 4853130.919526970945299 ], [ -673939.792341127758846, 4853102.771925303153694 ], [ -673868.094465165166184, 4853066.879272270016372 ], [ -673717.960207094438374, 4853029.36755929607898 ], [ -673722.526111993938684, 4853007.538826 ], [ -673715.59457988361828, 4852982.195408117957413 ], [ -673577.297070846427232, 4852811.753374974243343 ], [ -673514.375274184159935, 4852747.228578460402787 ], [ -673367.386621728772298, 4852626.559992399998009 ], [ -673344.390777862630785, 4852619.532294220291078 ], [ -673309.547485603950918, 4852624.014002740383148 ], [ -673263.293320275610313, 4852559.382146439515054 ], [ -673179.701816881773993, 4852487.485134412534535 ], [ -672821.115676241461188, 4852225.855287815444171 ], [ -672772.909605737775564, 4852176.725194658152759 ], [ -672713.319134993245825, 4852071.307690590620041 ], [ -672645.381421238183975, 4851931.249621390365064 ], [ -672367.7505224540364, 4851274.195741186849773 ], [ -672333.882237513549626, 4851151.3827123073861 ], [ -672218.40996841317974, 4851149.372615131549537 ], [ -671253.382714908337221, 4850996.44983047246933 ], [ -670633.421776453964412, 4850905.185111597180367 ], [ -670336.592768200905994, 4852559.370075218379498 ], [ -670068.8991051861085, 4853636.962308570742607 ], [ -669981.113652563188225, 4853963.199495134875178 ], [ -670017.772544223349541, 4853978.624610994942486 ], [ -670565.086493877228349, 4854428.958989824168384 ], [ -670619.373239958425984, 4854464.79622689075768 ], [ -670740.730219630990177, 4854493.466610932722688 ], [ -671060.607611881801859, 4854555.208613994531333 ], [ -671533.635745313717052, 4854636.868280257098377 ] ] ] } },
{ "type": "Feature", "properties": { "OBJECTID": 68, "Block_Groups_TOTPOP10": 586, "Block_Groups_PopOver65": 102, "Block_Groups_Over65Density": 174061.43344709897, "Shape_Length": 3287.8943465575958, "Shape_Area": 476084.10567407747 }, "geometry": { "type": "Polygon", "coordinates": [ [ [ -680531.425299017224461, 4866688.246601787395775 ], [ -680508.239877299871296, 4866806.936465756036341 ], [ -680513.404165443498641, 4866846.260788079351187 ], [ -680532.537640223046765, 4866883.527591353282332 ], [ -680570.296485465252772, 4866918.051581553183496 ], [ -680768.456996072083712, 4867054.665510583668947 ], [ -680785.052233339520171, 4867102.030511686578393 ], [ -680790.253865970065817, 4867136.841809274628758 ], [ -680730.890563807915896, 4867151.985222014598548 ], [ -680701.159973302623257, 4867179.131514714099467 ], [ -680680.702635339694098, 4867209.418829626403749 ], [ -680653.93646132806316, 4867331.235131458379328 ], [ -680700.855257974239066, 4867339.506582420319319 ], [ -680968.954218493541703, 4867383.764554135501385 ], [ -681119.756441224832088, 4867407.345844756811857 ], [ -681171.941169683123007, 4867124.302478407509625 ], [ -681299.707990426803008, 4866416.91777733899653 ], [ -681146.425206576474011, 4866394.410574143752456 ], [ -680962.427994819357991, 4866413.196274659596384 ], [ -680881.091066943947226, 4866407.144442808814347 ], [ -680791.959886569296941, 4866732.661061514168978 ], [ -680531.425299017224461, 4866688.246601787395775 ] ] ] } },
{ "type": "Feature", "properties": { "OBJECTID": 69, "Block_Groups_TOTPOP10": 1162, "Block_Groups_PopOver65": 145, "Block_Groups_Over65Density": 124784.85370051635, "Shape_Length": 4251.515633683206, "Shape_Area": 823239.53221435857 }, "geometry": { "type": "Polygon", "coordinates": [ [ [ -679861.141772760776803, 4867184.744152550585568 ], [ -679626.015717167174444, 4868549.300550741143525 ], [ -679630.256653517484665, 4868568.119706079363823 ], [ -679645.144935768097639, 4868586.556050700135529 ], [ -679692.574418391101062, 4868548.981003191322088 ], [ -679933.437621326651424, 4868412.964220073074102 ], [ -679969.450047961669043, 4868380.15364267770201 ], [ -679987.277597508393228, 4868356.186479740776122 ], [ -680016.929916221415624, 4868295.14520313218236 ], [ -680061.222121417056769, 4868056.701755494810641 ], [ -680547.903328884625807, 4868147.013173154555261 ], [ -680615.780634002527222, 4867774.894389948807657 ], [ -680700.855257974239066, 4867339.506582420319319 ], [ -680653.93646132806316, 4867331.235131458379328 ], [ -680137.740787431364879, 4867236.490111917257309 ], [ -679861.141772760776803, 4867184.744152550585568 ] ] ] } },
{ "type": "Feature", "properties": { "OBJECTID": 70, "Block_Groups_TOTPOP10": 974, "Block_Groups_PopOver65": 124, "Block_Groups_Over65Density": 127310.06160164271, "Shape_Length": 2951.6157083169337, "Shape_Area": 461184.99433379795 }, "geometry": { "type": "Polygon", "coordinates": [ [ [ -679861.141772760776803, 4867184.744152550585568 ], [ -680137.740787431364879, 4867236.490111917257309 ], [ -680653.93646132806316, 4867331.235131458379328 ], [ -680680.702635339694098, 4867209.418829626403749 ], [ -680701.159973302623257, 4867179.131514714099467 ], [ -680730.890563807915896, 4867151.985222014598548 ], [ -680790.253865970065817, 4867136.841809274628758 ], [ -680785.052233339520171, 4867102.030511686578393 ], [ -680768.456996072083712, 4867054.665510583668947 ], [ -680570.296485465252772, 4866918.051581553183496 ], [ -680532.537640223046765, 4866883.527591353282332 ], [ -680513.404165443498641, 4866846.260788079351187 ], [ -680508.239877299871296, 4866806.936465756036341 ], [ -680531.425299017224461, 4866688.246601787395775 ], [ -680540.745323354145512, 4866643.941756875254214 ], [ -680277.265184361720458, 4866586.214284317567945 ], [ -680127.130944345612079, 4866554.490804804489017 ], [ -680107.389088053023443, 4866657.969600039534271 ], [ -679910.849002066068351, 4866615.062340522184968 ], [ -679877.973205149173737, 4866780.246733957901597 ], [ -679903.042215498397127, 4866938.311102818697691 ], [ -679900.827323613455519, 4866968.047726622782648 ], [ -679861.141772760776803, 4867184.744152550585568 ] ] ] } },
{ "type": "Feature", "properties": { "OBJECTID": 71, "Block_Groups_TOTPOP10": 1512, "Block_Groups_PopOver65": 43, "Block_Groups_Over65Density": 28439.153439153441, "Shape_Length": 6721.0482851042116, "Shape_Area": 1743036.2720559668 }, "geometry": { "type": "Polygon", "coordinates": [ [ [ -677944.709537442773581, 4866095.824046107009053 ], [ -679014.248031756607816, 4866117.510378947481513 ], [ -678766.485045591369271, 4866949.822441268712282 ], [ -678810.558851901674643, 4866918.417720039375126 ], [ -678856.446760874474421, 4866889.591610502451658 ], [ -679190.393897195812315, 4866645.612311379052699 ], [ -679319.388032289687544, 4866544.048436020500958 ], [ -679477.533130025491118, 4866397.151773519814014 ], [ -679641.898397187236696, 4866210.672863408923149 ], [ -679740.473001035861671, 4866075.876243376173079 ], [ -679835.758064191788435, 4865925.431844926439226 ], [ -679902.306974622188136, 4865800.807862005196512 ], [ -680113.236345315352082, 4865354.325836407952011 ], [ -679546.62914854567498, 4865240.257392156869173 ], [ -679094.008037382969633, 4865165.879347047768533 ], [ -678712.594909618608654, 4865095.017544221132994 ], [ -678653.674903262406588, 4865378.42863121535629 ], [ -678642.335567261790857, 4865417.109650624915957 ], [ -678625.424885949352756, 4865448.784552440047264 ], [ -678575.199811337748542, 4865497.950046234764159 ], [ -678200.870974485063925, 4865696.497596885077655 ], [ -678132.063530072337016, 4865743.900613756850362 ], [ -678091.210438050096855, 4865799.984548768959939 ], [ -677944.709537442773581, 4866095.824046107009053 ] ] ] } },
{ "type": "Feature", "properties": { "OBJECTID": 72, "Block_Groups_TOTPOP10": 1557, "Block_Groups_PopOver65": 103, "Block_Groups_Over65Density": 66152.858060372513, "Shape_Length": 5446.5041168771768, "Shape_Area": 941434.4187091788 }, "geometry": { "type": "Polygon", "coordinates": [ [ [ -678084.42113523487933, 4867445.810517912730575 ], [ -678261.483926181681454, 4867603.468528315424919 ], [ -678432.737555617233738, 4867738.272456628270447 ], [ -678510.453671421157196, 4867807.672409245744348 ], [ -678684.039501768304035, 4867220.732709081843495 ], [ -678766.485045591369271, 4866949.822441268712282 ], [ -678496.353359499713406, 4867131.976443615742028 ], [ -678403.775918720755726, 4867198.523582869209349 ], [ -678391.161372478120029, 4867214.377416238188744 ], [ -678342.154419444035739, 4867149.275481282733381 ], [ -678378.084519774653018, 4867125.474691914394498 ], [ -678461.589050284121186, 4867119.081709268502891 ], [ -678589.328502890421078, 4867033.116269183345139 ], [ -678505.898385619744658, 4866914.509582893922925 ], [ -678496.263221515575424, 4866896.24620234593749 ], [ -678498.562362208031118, 4866870.292446583509445 ], [ -678238.912530894391239, 4866825.36548644118011 ], [ -678228.210650890367106, 4866817.458277062512934 ], [ -678220.19237660896033, 4866781.405832992866635 ], [ -678214.283765629166737, 4866595.857816943898797 ], [ -678232.687284607905895, 4866297.846407191827893 ], [ -678241.31114195054397, 4866261.706233353354037 ], [ -678131.727291802177206, 4866210.048809607513249 ], [ -678107.917924807639793, 4866203.602327356114984 ], [ -678047.465205522952601, 4866203.515472603030503 ], [ -678021.343479602597654, 4866210.219083816744387 ], [ -677993.295014371164143, 4866227.880960981361568 ], [ -677976.115739528322592, 4866248.207133024930954 ], [ -677929.228298564907163, 4866338.621279146522284 ], [ -677843.545393103267998, 4866297.196664304472506 ], [ -677774.108868640614673, 4866421.300324024632573 ], [ -677575.993448645342141, 4866731.377682474441826 ], [ -677398.68489305395633, 4866983.348580391146243 ], [ -677388.363357283640653, 4867003.371610844507813 ], [ -677373.414364715106785, 4867079.809928770177066 ], [ -677567.917532997904345, 4867099.698627495206892 ], [ -677658.009550440590829, 4867124.576117629185319 ], [ -677742.380823704879731, 4867160.497192481532693 ], [ -677783.0623946308624, 4867182.711945741437376 ], [ -677862.075057616224512, 4867244.801227523013949 ], [ -678084.42113523487933, 4867445.810517912730575 ] ] ] } },
{ "type": "Feature", "properties": { "OBJECTID": 73, "Block_Groups_TOTPOP10": 2578, "Block_Groups_PopOver65": 78, "Block_Groups_Over65Density": 30256.012412723041, "Shape_Length": 4427.0095267768793, "Shape_Area": 584631.7760467513 }, "geometry": { "type": "Polygon", "coordinates": [ [ [ -677843.545393103267998, 4866297.196664304472506 ], [ -677929.228298564907163, 4866338.621279146522284 ], [ -677976.115739528322592, 4866248.207133024930954 ], [ -677993.295014371164143, 4866227.880960981361568 ], [ -678021.343479602597654, 4866210.219083816744387 ], [ -678047.465205522952601, 4866203.515472603030503 ], [ -678107.917924807639793, 4866203.602327356114984 ], [ -678131.727291802177206, 4866210.048809607513249 ], [ -678241.31114195054397, 4866261.706233353354037 ], [ -678232.687284607905895, 4866297.846407191827893 ], [ -678214.283765629166737, 4866595.857816943898797 ], [ -678220.19237660896033, 4866781.405832992866635 ], [ -678228.210650890367106, 4866817.458277062512934 ], [ -678238.912530894391239, 4866825.36548644118011 ], [ -678498.562362208031118, 4866870.292446583509445 ], [ -678496.263221515575424, 4866896.24620234593749 ], [ -678505.898385619744658, 4866914.509582893922925 ], [ -678589.328502890421078, 4867033.116269183345139 ], [ -678461.589050284121186, 4867119.081709268502891 ], [ -678378.084519774653018, 4867125.474691914394498 ], [ -678342.154419444035739, 4867149.275481282733381 ], [ -678391.161372478120029, 4867214.377416238188744 ], [ -678403.775918720755726, 4867198.523582869209349 ], [ -678496.353359499713406, 4867131.976443615742028 ], [ -678766.485045591369271, 4866949.822441268712282 ], [ -679014.248031756607816, 4866117.510378947481513 ], [ -677944.709537442773581, 4866095.824046107009053 ], [ -677923.676829440984875, 4866138.067274691537023 ], [ -677843.545393103267998, 4866297.196664304472506 ] ] ] } },
{ "type": "Feature", "properties": { "OBJECTID": 74, "Block_Groups_TOTPOP10": 1645, "Block_Groups_PopOver65": 317, "Block_Groups_Over65Density": 192705.16717325227, "Shape_Length": 5375.9098596578469, "Shape_Area": 1356943.6691377878 }, "geometry": { "type": "Polygon", "coordinates": [ [ [ -676215.964917859993875, 4864650.362500438466668 ], [ -676258.079826375236735, 4864694.659393896348774 ], [ -676283.673241811338812, 4864708.189285597763956 ], [ -676398.54555743932724, 4864729.857624243013561 ], [ -676946.525644093053415, 4864816.273593125864863 ], [ -677461.124012624844909, 4864899.130413102917373 ], [ -677475.925343445269391, 4864780.45993466861546 ], [ -677473.991991208167747, 4864567.703329659067094 ], [ -677502.306290974374861, 4864397.918218022212386 ], [ -677506.397105816984549, 4864331.594618421979249 ], [ -677481.793583600083366, 4864286.595052242279053 ], [ -677348.154599074739963, 4864147.8681501140818 ], [ -677335.301912686787546, 4864117.738759704865515 ], [ -677329.801283446373418, 4864071.574674131348729 ], [ -677493.56581232487224, 4863259.597899001091719 ], [ -677269.502809632336721, 4863217.995391204953194 ], [ -676756.352731812512502, 4863121.895756361074746 ], [ -676627.820552774472162, 4863703.510020609945059 ], [ -676622.585735212778673, 4863776.414116198197007 ], [ -676639.61595369130373, 4864079.960217414423823 ], [ -676627.450476198224351, 4864162.189639345742762 ], [ -676606.629449202446267, 4864224.820907345972955 ], [ -676579.372914884472266, 4864281.049168015830219 ], [ -676540.859779869671911, 4864336.807543381117284 ], [ -676384.849554781103507, 4864545.181313914246857 ], [ -676296.072567574679852, 4864611.698420357890427 ], [ -676215.964917859993875, 4864650.362500438466668 ] ] ] } },
{ "type": "Feature", "properties": { "OBJECTID": 75, "Block_Groups_TOTPOP10": 2778, "Block_Groups_PopOver65": 33, "Block_Groups_Over65Density": 11879.049676025918, "Shape_Length": 9559.3327318946285, "Shape_Area": 2439276.3341969987 }, "geometry": { "type": "Polygon", "coordinates": [ [ [ -674681.923400616738945, 4871589.0106853665784 ], [ -674719.189965382916853, 4871591.79476653970778 ], [ -674791.909030257491395, 4871624.883895452134311 ], [ -674832.26915003429167, 4871653.041525448672473 ], [ -674872.664205287350342, 4871706.787364427931607 ], [ -674961.339960970915854, 4871881.123403799720109 ], [ -674970.953523095464334, 4871886.574588838964701 ], [ -674995.598846037639305, 4871922.50556633155793 ], [ -675054.353800488635898, 4872017.849870337173343 ], [ -675062.35377370682545, 4872041.0748424930498 ], [ -675070.019917058991268, 4872104.869451724924147 ], [ -675058.557782342191786, 4872264.614222386851907 ], [ -675062.327988655073568, 4872281.828655489720404 ], [ -675080.76727184583433, 4872284.317005992867053 ], [ -675130.539715070277452, 4872267.48430647701025 ], [ -675148.304300992982462, 4872248.03559690900147 ], [ -675160.759609321132302, 4872220.130036531947553 ], [ -675149.506842718459666, 4872146.67679641302675 ], [ -675170.768537880852818, 4872133.10896201338619 ], [ -675167.074605720583349, 4872240.049142515286803 ], [ -675143.136282622814178, 4872281.736014662310481 ], [ -675100.340524069732055, 4872297.5376833435148 ], [ -675048.391324776224792, 4872296.683552229776978 ], [ -675035.058948266552761, 4872312.397001571953297 ], [ -675021.925861004507169, 4872348.458830617368221 ], [ -674995.004864599788561, 4872381.344943665899336 ], [ -674924.851083500543609, 4872423.937101185321808 ], [ -674850.543263101018965, 4872451.504952717572451 ], [ -674797.863453721394762, 4872450.523680031299591 ], [ -674763.587842030916363, 4872426.445131658576429 ], [ -674729.805314999539405, 4872416.747607847675681 ], [ -674679.633725326741114, 4872422.978910133242607 ], [ -674529.577038612915203, 4872460.562447779811919 ], [ -674440.129569542827085, 4872501.271778502501547 ], [ -674363.793081854935735, 4872553.311975829303265 ], [ -674316.443025598768145, 4872573.581547969020903 ], [ -674265.248469023499638, 4872585.653122360818088 ], [ -674078.197071895701811, 4872649.091359807178378 ], [ -673978.852450294187292, 4872780.590870817191899 ], [ -673980.573884012643248, 4872809.478411518968642 ], [ -674006.847157920245081, 4872810.331351001746953 ], [ -674041.542621232336387, 4872797.618528287857771 ], [ -674186.332451085094362, 4872699.678476069122553 ], [ -674229.506879477761686, 4872651.593891218304634 ], [ -674287.732239325530827, 4872616.684505816549063 ], [ -674373.239703069906682, 4872594.090315826237202 ], [ -674537.479715583380312, 4872600.374438324943185 ], [ -674713.821436500176787, 4872636.624029628001153 ], [ -674784.769511623540893, 4872675.421711875125766 ], [ -674858.039184016408399, 4872743.968002071604133 ], [ -674934.874526431551203, 4872839.472318907268345 ], [ -675011.152957318350673, 4872972.493883021175861 ], [ -675187.683840652462095, 4873338.289856005460024 ], [ -675210.273531964980066, 4873355.802370803430676 ], [ -675233.820385500788689, 4873346.401899427175522 ], [ -675306.245587014360353, 4873368.163982161320746 ], [ -675427.431150706717744, 4873288.669813394546509 ], [ -675579.73387705697678, 4873259.785454026423395 ], [ -675748.815368396230042, 4873212.79023396782577 ], [ -675948.457916233222932, 4873107.978333328850567 ], [ -675994.439454502426088, 4873091.24065915774554 ], [ -676101.307843116112053, 4873058.883465979248285 ], [ -676374.681449394207448, 4873011.437519041821361 ], [ -676472.12390031456016, 4872981.186792468652129 ], [ -676534.759712921688333, 4872947.067827921360731 ], [ -676557.329732405487448, 4872866.020686925388873 ], [ -676574.748647827887908, 4872801.371102667413652 ], [ -676658.5037382831797, 4872655.849481788463891 ], [ -676634.528756294632331, 4872513.184526198543608 ], [ -676648.410843003541231, 4872404.267355630174279 ], [ -676261.225861232262105, 4872360.217750690877438 ], [ -676005.213519355980679, 4872317.440880998969078 ], [ -675930.080233968095854, 4872310.998075730167329 ], [ -675895.692558164475486, 4872300.435821237973869 ], [ -675882.455321319168434, 4872289.831317520700395 ], [ -675907.531902659451589, 4872258.878344824537635 ], [ -675921.108324610861018, 4872228.912307429127395 ], [ -675947.013908152468503, 4872098.784917114302516 ], [ -675952.102037720382214, 4872031.208412784151733 ], [ -675913.716771888313815, 4871781.418072952888906 ], [ -675875.575055690715089, 4871663.346862897276878 ], [ -675813.770815980155021, 4871538.104607337154448 ], [ -675795.093784875934944, 4871519.7714165719226 ], [ -675798.815320173511282, 4871498.603863367810845 ], [ -675790.633490326581523, 4871364.728021978400648 ], [ -675805.481669436208904, 4871284.563756678253412 ], [ -675692.617196303326637, 4871226.345796606503427 ], [ -675602.312367308186367, 4871190.155221881344914 ], [ -675530.338053475599736, 4871169.9800482140854 ], [ -675412.522084097610787, 4871148.522134196013212 ], [ -675254.303653391078115, 4871133.511793912388384 ], [ -675107.037508787587285, 4871124.944146749563515 ], [ -675048.301985791884363, 4871459.249789820984006 ], [ -674743.093115458264947, 4871404.127382464706898 ], [ -674753.403299749363214, 4871414.21504854504019 ], [ -674707.39780574850738, 4871538.559641161002219 ], [ -674707.562048560008407, 4871563.418014504946768 ], [ -674681.923400616738945, 4871589.0106853665784 ] ] ] } },
{ "type": "Feature", "properties": { "OBJECTID": 76, "Block_Groups_TOTPOP10": 801, "Block_Groups_PopOver65": 160, "Block_Groups_Over65Density": 199750.31210986266, "Shape_Length": 5563.2280092143747, "Shape_Area": 1271375.8674869784 }, "geometry": { "type": "Polygon", "coordinates": [ [ [ -676574.748647827887908, 4872801.371102667413652 ], [ -676557.329732405487448, 4872866.020686925388873 ], [ -676534.759712921688333, 4872947.067827921360731 ], [ -676577.391760058933869, 4872936.514001009985805 ], [ -676732.514925010502338, 4872866.006961111910641 ], [ -677051.01010579476133, 4872691.083327559754252 ], [ -677157.599217137088999, 4872621.814340087585151 ], [ -677259.089026645058766, 4872577.230929942801595 ], [ -677420.797173792961985, 4872525.192916384898126 ], [ -677589.88457054970786, 4872482.733801220543683 ], [ -677743.667898515705019, 4872471.443782380782068 ], [ -677862.278258871287107, 4872484.060527693480253 ], [ -677877.847624662099406, 4872408.54248206410557 ], [ -677964.090242435224354, 4872403.418148440308869 ], [ -678079.308826597873122, 4872426.728108365088701 ], [ -678193.148174688918516, 4871862.051704085431993 ], [ -678089.807653113966808, 4871835.567559597082436 ], [ -677469.836930049816146, 4871753.47259368095547 ], [ -677193.575931725790724, 4871701.074842386879027 ], [ -676990.350944720208645, 4871658.532345882616937 ], [ -676831.682669799542055, 4871624.589501079171896 ], [ -676709.822611765004694, 4871604.652071208693087 ], [ -676598.603467042325065, 4871584.33155847992748 ], [ -676549.566028666449711, 4871802.96075043734163 ], [ -676531.03964589885436, 4871839.583256722427905 ], [ -676579.043782048858702, 4871888.663524786941707 ], [ -676541.630108482670039, 4872062.674950539134443 ], [ -676529.487219710368663, 4872183.189535263925791 ], [ -676532.626340732444078, 4872216.849812655709684 ], [ -676541.610993503592908, 4872238.74681800045073 ], [ -676613.234955808380619, 4872342.396435301750898 ], [ -676648.410843003541231, 4872404.267355630174279 ], [ -676730.812835820484906, 4872519.596120472997427 ], [ -676842.777853080071509, 4872608.527218043804169 ], [ -676875.135310884797946, 4872656.359150368720293 ], [ -676886.238440112676471, 4872687.658250839449465 ], [ -676822.324987805914134, 4872698.980217363685369 ], [ -676731.762845203047618, 4872724.422268032096326 ], [ -676574.748647827887908, 4872801.371102667413652 ] ] ] } },
{ "type": "Feature", "properties": { "OBJECTID": 77, "Block_Groups_TOTPOP10": 1268, "Block_Groups_PopOver65": 214, "Block_Groups_Over65Density": 168769.71608832807, "Shape_Length": 8108.6512967064027, "Shape_Area": 1810829.6646398485 }, "geometry": { "type": "Polygon", "coordinates": [ [ [ -669403.994735184125602, 4874289.522653753869236 ], [ -669685.265659528318793, 4875410.805353120900691 ], [ -669733.799131655832753, 4875581.678186054341495 ], [ -669768.974663858069107, 4875678.045038932934403 ], [ -669831.081554061966017, 4875814.458943501114845 ], [ -669991.614547510165721, 4876112.440646516159177 ], [ -670018.613645354053006, 4876096.124172190204263 ], [ -670006.786603557644412, 4876077.514816817827523 ], [ -670108.627165416022763, 4876034.472672030329704 ], [ -670107.093496026238427, 4875995.867362140677869 ], [ -670126.518311380175874, 4875932.369529150426388 ], [ -670159.838665509363636, 4875888.595231871120632 ], [ -670177.928009905386716, 4875871.468782346695662 ], [ -670207.600633254274726, 4875857.123608476482332 ], [ -670271.454215524485335, 4875845.761578909121454 ], [ -670294.412024873076007, 4875830.991563277319074 ], [ -670323.946281902492046, 4875787.304914785549045 ], [ -670376.845634910976514, 4875739.443440173752606 ], [ -670421.35768151585944, 4875670.566310523077846 ], [ -670463.196865768637508, 4875647.077035038731992 ], [ -670509.440451811999083, 4875607.069298810325563 ], [ -670513.880931494524702, 4875538.685166829265654 ], [ -670526.790239598834887, 4875512.380383478477597 ], [ -670620.278385414974764, 4875461.105701233260334 ], [ -670665.476482961559668, 4875461.509978774003685 ], [ -670707.295441892696545, 4875425.236332483589649 ], [ -670728.513389215106145, 4875398.883793566375971 ], [ -670751.719567328225821, 4875352.580987432040274 ], [ -670794.108659136109054, 4875321.66924093849957 ], [ -670811.446522057056427, 4875291.628919057548046 ], [ -670861.018893084488809, 4875232.655211339704692 ], [ -670878.82373788789846, 4875174.126811137422919 ], [ -670881.173022442264482, 4875139.202813572250307 ], [ -670874.49474088405259, 4875086.907579366117716 ], [ -670845.95999864814803, 4875017.247919132933021 ], [ -670705.932250564452261, 4874877.67392514180392 ], [ -670638.745395283680409, 4874860.63682188373059 ], [ -670552.315495599061251, 4874819.928754392080009 ], [ -670535.47800856246613, 4874816.978389228694141 ], [ -670403.43965160427615, 4874812.639300419017673 ], [ -670340.087942937156186, 4874821.087759397923946 ], [ -670290.877410907531157, 4874817.729308609850705 ], [ -670230.313597094500437, 4874797.345761935226619 ], [ -670163.868988999398425, 4874763.151830454356968 ], [ -670117.838982697110623, 4874711.483300139196217 ], [ -670060.979170146863908, 4874669.947411173023283 ], [ -670044.034006088040769, 4874633.147325943224132 ], [ -669985.83223511883989, 4874543.259830234572291 ], [ -669950.480382536770776, 4874404.74477681517601 ], [ -669942.210362017853186, 4874335.630074161104858 ], [ -669916.988802899606526, 4873940.991944605484605 ], [ -669914.422781767789274, 4873796.178100384771824 ], [ -669890.245096640661359, 4873761.869002485647798 ], [ -669847.234341185539961, 4873761.858181066811085 ], [ -669843.044958369806409, 4873798.719975718297064 ], [ -669828.137384446337819, 4873814.90769665222615 ], [ -669803.337492989376187, 4873814.325651144608855 ], [ -669784.36955905216746, 4873801.982341160997748 ], [ -669773.591732266591862, 4873773.027223802171648 ], [ -669774.145350520499051, 4873748.311381174251437 ], [ -669780.998945942847058, 4873730.713596357963979 ], [ -669813.334079229738563, 4873688.251955829560757 ], [ -669834.278425592696294, 4873633.269147036597133 ], [ -669858.900565046351403, 4873609.006508779712021 ], [ -669877.40111492946744, 4873602.470156143419445 ], [ -669883.352139048511162, 4873607.27152993530035 ], [ -669875.613003949634731, 4873612.684072598814964 ], [ -669873.697293490637094, 4873623.62750993296504 ], [ -669879.486468456918374, 4873633.663985524326563 ], [ -669910.135690478608012, 4873652.564206921495497 ], [ -669922.778797040693462, 4873645.002576900646091 ], [ -670019.587815306382254, 4873415.316183726303279 ], [ -670110.828836583066732, 4873307.96922811307013 ], [ -670148.370671191485599, 4873240.09698992408812 ], [ -670164.609760311665013, 4873177.518028996884823 ], [ -670166.204031074419618, 4873112.374492386355996 ], [ -670190.370216555194929, 4873051.934110693633556 ], [ -670196.442365009104833, 4873008.629328161478043 ], [ -670124.758154874201864, 4872969.75970359146595 ], [ -670119.956055864691734, 4872958.391032677143812 ], [ -669971.571199654601514, 4872978.287945439107716 ], [ -669586.330582785187289, 4873506.407007642090321 ], [ -669568.111716677900404, 4873524.27208732906729 ], [ -669551.620463525410742, 4873523.641738791018724 ], [ -669518.754807307617739, 4873685.564063585363328 ], [ -669466.643474621931091, 4873953.135128597728908 ], [ -669415.418027414008975, 4874232.879238299094141 ], [ -669403.994735184125602, 4874289.522653753869236 ] ] ] } },
{ "type": "Feature", "properties": { "OBJECTID": 78, "Block_Groups_TOTPOP10": 884, "Block_Groups_PopOver65": 152, "Block_Groups_Over65Density": 171945.70135746605, "Shape_Length": 5631.1617622114672, "Shape_Area": 713515.30674751801 }, "geometry": { "type": "Polygon", "coordinates": [ [ [ -668220.701418852899224, 4868644.468262609094381 ], [ -668269.823955993400887, 4868665.832048505544662 ], [ -668322.035688968375325, 4868717.07577663846314 ], [ -668384.092394621577114, 4868707.59645423386246 ], [ -668423.467884150100872, 4868689.643781626597047 ], [ -668448.062049109255895, 4868669.863087664358318 ], [ -668502.286781519651413, 4868575.507690915837884 ], [ -668602.600149400066584, 4868671.264951060526073 ], [ -668764.130286796949804, 4868498.592572609893978 ], [ -668818.77249117475003, 4868432.145008333958685 ], [ -668917.015346238389611, 4868526.795513175427914 ], [ -668975.960608115652576, 4868457.338250789791346 ], [ -669176.597277767257765, 4868289.986959527246654 ], [ -669284.113720916910097, 4868132.700985620729625 ], [ -669251.268404667731375, 4868108.905621718615294 ], [ -669231.868030332028866, 4868085.95387629698962 ], [ -669124.292098447214812, 4867910.658912168815732 ], [ -669082.812799947103485, 4867862.783310299739242 ], [ -668931.248615465126932, 4867852.871231465600431 ], [ -668914.042770387837663, 4867864.915657894685864 ], [ -668889.475780036998913, 4867897.495294462889433 ], [ -668871.313435694668442, 4867923.668776733800769 ], [ -668844.22808016021736, 4867983.647979863919318 ], [ -668782.92443460598588, 4868057.967030731029809 ], [ -668768.554965470917523, 4868066.744313610717654 ], [ -668637.960256703896448, 4868083.821555997245014 ], [ -668543.431673399871215, 4868119.234690326265991 ], [ -668515.171904947143048, 4868138.377926749177277 ], [ -668481.464521129149944, 4868149.798788037151098 ], [ -668436.382630763575435, 4868230.709788491949439 ], [ -668428.354352009482682, 4868224.794155201874673 ], [ -668465.407421105308458, 4868155.27207078691572 ], [ -668467.605942747322842, 4868138.351181786507368 ], [ -668460.087285639951006, 4868129.514891461469233 ], [ -668438.582336429972202, 4868127.266014409251511 ], [ -668362.948217542143539, 4868015.502485152333975 ], [ -668351.987114677671343, 4867887.939799329265952 ], [ -668354.534477759385481, 4867804.115321551449597 ], [ -668389.261212765239179, 4867717.629051715135574 ], [ -668391.966309956973419, 4867576.645277214236557 ], [ -668404.105043079936877, 4867554.685743240639567 ], [ -668406.589269997319207, 4867514.48763757571578 ], [ -668401.076656230492517, 4867498.476883354596794 ], [ -668385.007942678872496, 4867227.047123671509326 ], [ -668124.279828735860065, 4867314.740676492452621 ], [ -668111.981766484677792, 4867324.634250866249204 ], [ -667899.658776447176933, 4867714.965606287121773 ], [ -667892.429841279517859, 4867752.076257553882897 ], [ -668251.721131922677159, 4867817.77400329709053 ], [ -668237.545454824808985, 4867886.025527524761856 ], [ -668237.770097775151953, 4867940.98918307852 ], [ -668267.657808335032314, 4868107.214222552254796 ], [ -668274.190043186768889, 4868203.904954868368804 ], [ -668280.880525022046641, 4868226.138871594332159 ], [ -668265.970799092203379, 4868242.345570954494178 ], [ -668262.944405280752108, 4868255.35984587483108 ], [ -668220.701418852899224, 4868644.468262609094381 ] ] ] } },
{ "type": "Feature", "properties": { "OBJECTID": 79, "Block_Groups_TOTPOP10": 1454, "Block_Groups_PopOver65": 241, "Block_Groups_Over65Density": 165749.65612104538, "Shape_Length": 10960.158379110591, "Shape_Area": 3944295.7271812842 }, "geometry": { "type": "Polygon", "coordinates": [ [ [ -685043.341985832666978, 4866288.468026697635651 ], [ -685059.345735115697607, 4866292.052135764621198 ], [ -685077.549259320367128, 4866296.025542008690536 ], [ -685263.025538212619722, 4865311.476052844896913 ], [ -685381.423392236698419, 4864693.290399025194347 ], [ -685495.779193225782365, 4863969.553464727476239 ], [ -685578.863543590996414, 4863448.27432275377214 ], [ -685135.944979295600206, 4863561.455928193405271 ], [ -685055.736617202172056, 4863587.232679594308138 ], [ -684960.510838594287634, 4863608.09475620649755 ], [ -684879.002597549930215, 4863615.551825350150466 ], [ -683931.93856874643825, 4863649.524863662198186 ], [ -683870.059598034247756, 4863640.107033842243254 ], [ -683812.228590905666351, 4863616.329787884838879 ], [ -683745.668557195691392, 4863569.15400424040854 ], [ -683755.069011380895972, 4863558.753860793076456 ], [ -683584.042436652351171, 4863430.57925143931061 ], [ -683682.276998153189197, 4863632.58247946202755 ], [ -683649.538489561062306, 4863650.922292285598814 ], [ -683607.433386505581439, 4863662.332773505710065 ], [ -683134.730755186872557, 4863679.150525519624352 ], [ -683068.597783498233184, 4863693.860568293370306 ], [ -683016.499922697898, 4863727.628085375763476 ], [ -682691.978341846959665, 4864062.271918650716543 ], [ -682611.376453917240724, 4864107.589235267601907 ], [ -682660.031608568504453, 4864157.62063635699451 ], [ -682704.267961789155379, 4864181.25021440628916 ], [ -683966.238211548188701, 4864419.077184786088765 ], [ -683795.905803168658167, 4865216.463326098397374 ], [ -684414.642756611341611, 4865327.288472432643175 ], [ -684280.185836473712698, 4866049.547137525863945 ], [ -684189.770190270151943, 4866030.55295186303556 ], [ -684174.965504207415506, 4866122.878642459399998 ], [ -684531.314377108355984, 4866190.389596705324948 ], [ -685043.341985832666978, 4866288.468026697635651 ] ] ] } },
{ "type": "Feature", "properties": { "OBJECTID": 80, "Block_Groups_TOTPOP10": 617, "Block_Groups_PopOver65": 93, "Block_Groups_Over65Density": 150729.33549432739, "Shape_Length": 24551.057091829563, "Shape_Area": 27356618.889777254 }, "geometry": { "type": "Polygon", "coordinates": [ [ [ -651828.308284157887101, 4862463.849934371188283 ], [ -652558.303849265677854, 4862480.274299216456711 ], [ -652943.21805379120633, 4862480.282201984897256 ], [ -653570.160325426142663, 4862473.067080663517118 ], [ -654021.474074377445504, 4862451.463470513001084 ], [ -654990.695681219454855, 4862477.721367606893182 ], [ -655111.450963100418448, 4862491.004335524514318 ], [ -655207.71787540637888, 4862510.600182229653001 ], [ -655348.993201580364257, 4862553.749429712072015 ], [ -655543.672757093096152, 4862628.672062259167433 ], [ -655662.894218800356612, 4862655.240413808263838 ], [ -655798.459899730281904, 4862665.824348640628159 ], [ -656075.364578263368458, 4862657.907521348446608 ], [ -656237.782814276171848, 4862679.148047804832458 ], [ -656365.653576009673998, 4862712.486597066745162 ], [ -656496.009315526112914, 4862762.052963030524552 ], [ -657849.142581801395863, 4863398.835505004040897 ], [ -657995.232345988973975, 4863453.410744505003095 ], [ -658202.645488593960181, 4863520.090648584999144 ], [ -658614.681081113638356, 4863625.90875412337482 ], [ -658837.585057211108506, 4863699.049824644811451 ], [ -658851.079333796165884, 4863669.035842170007527 ], [ -658859.925488243810833, 4863661.538296684622765 ], [ -658967.75683833588846, 4863644.827222344465554 ], [ -658991.541886096354574, 4863633.894728769548237 ], [ -659127.575409989105538, 4863515.237427341751754 ], [ -659210.706670562038198, 4863409.998291618190706 ], [ -659410.895716526312754, 4863125.633547293953598 ], [ -659444.917606463422999, 4863055.53015867434442 ], [ -659469.101524227298796, 4862928.801370111294091 ], [ -659494.909910049289465, 4862884.360780511982739 ], [ -659669.643223444931209, 4862716.704673279076815 ], [ -659933.174066581996158, 4862441.758226377889514 ], [ -659996.304084483534098, 4862373.672189897857606 ], [ -660114.097094481112435, 4862220.983407068997622 ], [ -660213.336811172775924, 4862149.360263677313924 ], [ -660240.770272320136428, 4862121.749550278298557 ], [ -660263.854744095355272, 4862062.533797121606767 ], [ -660336.544051160104573, 4861620.583412085659802 ], [ -660656.44611081527546, 4861666.154721432365477 ], [ -660518.304843551712111, 4861517.323342023417354 ], [ -660360.180654026800767, 4861374.821095193736255 ], [ -660180.02622674847953, 4861254.852725584059954 ], [ -659164.177925953874364, 4860608.119457504712045 ], [ -658932.795452781487256, 4860452.246593411080539 ], [ -657775.811218188842759, 4859637.639595576561987 ], [ -657584.682886865455657, 4859519.623530697077513 ], [ -657037.460864694789052, 4859359.778369626961648 ], [ -656700.104329955996946, 4859340.75789753627032 ], [ -656468.966329696122557, 4859318.984945058822632 ], [ -656106.250612763687968, 4859333.249723280780017 ], [ -655886.349879529792815, 4859316.441720310598612 ], [ -655584.010330035351217, 4859269.64204348064959 ], [ -655457.205172850284725, 4859229.748461101204157 ], [ -655051.431835350813344, 4859037.994692724198103 ], [ -655009.771144403377548, 4858999.219907253049314 ], [ -653834.765726481098682, 4858405.830077693797648 ], [ -653646.881172544555739, 4858286.24852127302438 ], [ -653509.817625542171299, 4858182.930443430319428 ], [ -653391.717462519649416, 4858079.111196198500693 ], [ -653272.457320763031021, 4857960.044928317889571 ], [ -653207.677319832378998, 4857888.716555853374302 ], [ -653102.910168610746041, 4857755.587463421747088 ], [ -652742.924166509648785, 4857217.421998082660139 ], [ -652615.745757061289623, 4857914.236539366655052 ], [ -652395.925286493496969, 4859185.674816810525954 ], [ -652412.319647603668272, 4859213.317076147533953 ], [ -652412.732080260524526, 4859259.280045023187995 ], [ -652378.840312838088721, 4859430.254685075953603 ], [ -652330.183434398379177, 4859621.257596086710691 ], [ -652281.946892733918503, 4859884.544086947105825 ], [ -652262.578090598108247, 4859922.591660238802433 ], [ -652054.999600911745802, 4861161.89356626290828 ], [ -651828.308284157887101, 4862463.849934371188283 ] ] ] } },
{ "type": "Feature", "properties": { "OBJECTID": 81, "Block_Groups_TOTPOP10": 1463, "Block_Groups_PopOver65": 73, "Block_Groups_Over65Density": 49897.470950102528, "Shape_Length": 3800.35775486901, "Shape_Area": 495008.37111913174 }, "geometry": { "type": "Polygon", "coordinates": [ [ [ -670214.925715949619189, 4872730.611801779828966 ], [ -670233.002846549730748, 4872748.064995924010873 ], [ -670245.196161905303597, 4872751.703661371953785 ], [ -670259.177989314543083, 4872745.127025939524174 ], [ -670357.831570573616773, 4872789.472187201492488 ], [ -670362.156767104752362, 4872799.253886849619448 ], [ -670342.015003598295152, 4872892.738540687598288 ], [ -670349.55900014238432, 4872897.067536499351263 ], [ -670382.47369313868694, 4872795.290860123932362 ], [ -670368.31396707566455, 4872777.018961504101753 ], [ -670272.112636481178924, 4872731.598845666274428 ], [ -670275.502295475685969, 4872703.615024922415614 ], [ -670294.568810938624665, 4872655.062390287406743 ], [ -670320.91532369912602, 4872629.593199396505952 ], [ -670331.575959589332342, 4872641.988201653584838 ], [ -670343.233451194362715, 4872635.756609631702304 ], [ -670355.248942720936611, 4872614.546837876550853 ], [ -670380.633261328097433, 4872603.198023082688451 ], [ -670394.095353832934052, 4872616.835693465545774 ], [ -670405.089103875681758, 4872601.463316443376243 ], [ -670459.357604797463864, 4872584.643067292869091 ], [ -670479.341957561206073, 4872608.447654527612031 ], [ -670486.571525135543197, 4872605.953286342322826 ], [ -670487.032678332645446, 4872577.455750658176839 ], [ -670495.701980781974271, 4872562.428412605077028 ], [ -670532.405113107757643, 4872525.235182764008641 ], [ -670597.230273327790201, 4872422.270632490515709 ], [ -670651.495311452774331, 4872358.068219705484807 ], [ -670753.347775523317978, 4872160.049470892176032 ], [ -670829.045836224919185, 4872042.435310201719403 ], [ -670855.558645895915106, 4872011.727746397256851 ], [ -670928.393893867731094, 4871949.268403328955173 ], [ -670965.313446532934904, 4871932.417306932620704 ], [ -671060.982910763472319, 4871873.204275269061327 ], [ -670970.105772967450321, 4871736.942425306886435 ], [ -670904.712852624710649, 4871640.495759648270905 ], [ -670237.372671617427841, 4872089.272555501200259 ], [ -670226.285362328635529, 4872100.869596959091723 ], [ -670229.913123643258587, 4872106.017177779227495 ], [ -669922.149148513795808, 4872303.346726248040795 ], [ -669880.135697730816901, 4872332.093192798085511 ], [ -669865.575477482285351, 4872350.602553814649582 ], [ -670100.42423153296113, 4872600.019606743939221 ], [ -670214.925715949619189, 4872730.611801779828966 ] ] ] } },
{ "type": "Feature", "properties": { "OBJECTID": 82, "Block_Groups_TOTPOP10": 1373, "Block_Groups_PopOver65": 31, "Block_Groups_Over65Density": 22578.295702840496, "Shape_Length": 3611.1667396250396, "Shape_Area": 486883.5994535978 }, "geometry": { "type": "Polygon", "coordinates": [ [ [ -669743.226785640465096, 4872221.651390044949949 ], [ -669754.621340222423896, 4872234.173702632077038 ], [ -669762.763802618719637, 4872256.655829128809273 ], [ -669865.575477482285351, 4872350.602553814649582 ], [ -669880.135697730816901, 4872332.093192798085511 ], [ -669922.149148513795808, 4872303.346726248040795 ], [ -670229.913123643258587, 4872106.017177779227495 ], [ -670226.285362328635529, 4872100.869596959091723 ], [ -670237.372671617427841, 4872089.272555501200259 ], [ -670904.712852624710649, 4871640.495759648270905 ], [ -671073.76054693502374, 4871528.686834060586989 ], [ -670885.08157370146364, 4871248.173220805823803 ], [ -670598.313456972362474, 4871441.68249689321965 ], [ -670374.353942730696872, 4871591.275136041454971 ], [ -669903.944747948553413, 4871911.339656217955053 ], [ -669630.521635405253619, 4872093.637395289726555 ], [ -669649.938890942139551, 4872112.075446698814631 ], [ -669694.30203322134912, 4872177.744986773468554 ], [ -669743.226785640465096, 4872221.651390044949949 ] ] ] } },
{ "type": "Feature", "properties": { "OBJECTID": 83, "Block_Groups_TOTPOP10": 2246, "Block_Groups_PopOver65": 136, "Block_Groups_Over65Density": 60552.092609082814, "Shape_Length": 7327.8968021353521, "Shape_Area": 3275417.8277831892 }, "geometry": { "type": "Polygon", "coordinates": [ [ [ -660280.182259125867859, 4870211.369625268504024 ], [ -660144.213942644651979, 4871077.736260557547212 ], [ -660075.529453085968271, 4871243.195873714052141 ], [ -659946.693689235951751, 4872081.353324531577528 ], [ -660190.785630764439702, 4872056.82960326038301 ], [ -660390.434335859492421, 4872049.398291691206396 ], [ -660388.633679091930389, 4872064.11612432077527 ], [ -660597.746996947564185, 4872067.35164906270802 ], [ -660746.83987116930075, 4872077.456312798894942 ], [ -661110.204882640158758, 4872126.281985335052013 ], [ -661111.500175428343937, 4872114.482048962265253 ], [ -661608.401928698876873, 4872219.600603901781142 ], [ -661779.308928616112098, 4871253.388778228312731 ], [ -661940.693665753118694, 4870285.378032865002751 ], [ -661957.751568083651364, 4870195.870803138241172 ], [ -661977.189350644359365, 4870136.096255785785615 ], [ -661375.674818968400359, 4870045.916143474169075 ], [ -661259.51965773338452, 4870037.026691145263612 ], [ -661060.69120079651475, 4870039.348694169893861 ], [ -660954.5541184945032, 4870050.996969610452652 ], [ -660787.817265529418364, 4870081.447843551635742 ], [ -660280.182259125867859, 4870211.369625268504024 ] ] ] } },
{ "type": "Feature", "properties": { "OBJECTID": 84, "Block_Groups_TOTPOP10": 1967, "Block_Groups_PopOver65": 227, "Block_Groups_Over65Density": 115404.1687849517, "Shape_Length": 18961.949350405615, "Shape_Area": 20027405.278503019 }, "geometry": { "type": "Polygon", "coordinates": [ [ [ -658803.046960722422227, 4878178.262997560203075 ], [ -658839.7600616235286, 4878201.157856186851859 ], [ -658868.567799345823005, 4878200.155074732378125 ], [ -658956.004748621257022, 4878152.273652940988541 ], [ -658990.55175356566906, 4878170.288257464766502 ], [ -659096.314776990097016, 4878255.486129213124514 ], [ -659140.566337758908048, 4878282.696038962341845 ], [ -659213.894205789314583, 4878285.675841898657382 ], [ -659313.61648382153362, 4878206.144846987910569 ], [ -659404.532093086047098, 4878168.632761796936393 ], [ -659484.404133771313354, 4878159.987232314422727 ], [ -659601.319894848391414, 4878102.966980030760169 ], [ -659665.755280115641654, 4878027.063738376833498 ], [ -659771.755731808021665, 4877998.181895834393799 ], [ -659872.43594686454162, 4877999.914055967703462 ], [ -659980.535104022128507, 4878063.009861659258604 ], [ -660290.14910663687624, 4878124.354371342808008 ], [ -660368.974964598659426, 4878165.095940103754401 ], [ -660379.090865753125399, 4878223.924685685895383 ], [ -660361.225522933527827, 4878287.648078318685293 ], [ -660350.540972696617246, 4878448.733653328381479 ], [ -660362.858893610537052, 4878468.897451696917415 ], [ -660441.62166658975184, 4878518.639895899221301 ], [ -660567.098085446050391, 4878572.755564983002841 ], [ -660598.500822304049507, 4878604.499762463383377 ], [ -661889.076483863638714, 4877502.886152100749314 ], [ -662076.384379020659253, 4877349.23068748600781 ], [ -662124.239190274849534, 4877312.497526613995433 ], [ -662132.771417102776468, 4877332.760763951577246 ], [ -662365.819612179417163, 4877150.262898656539619 ], [ -662343.326048222603276, 4877136.580919800326228 ], [ -662353.883207636652514, 4877127.903555386699736 ], [ -663355.643137236125767, 4876349.891206979751587 ], [ -663269.109100982313976, 4876020.025904571637511 ], [ -663221.013929815962911, 4875746.435100837610662 ], [ -663145.601428152993321, 4874919.577619323506951 ], [ -663037.241190505446866, 4873692.37021154910326 ], [ -663028.92908119992353, 4873341.461646013893187 ], [ -663060.740209232084453, 4872980.984919737093151 ], [ -663086.972499697236344, 4872799.905921928584576 ], [ -663138.346275342162699, 4872548.034196049906313 ], [ -662584.021102792816237, 4872426.041679097339511 ], [ -661608.401928698876873, 4872219.600603901781142 ], [ -661111.500175428343937, 4872114.482048962265253 ], [ -661110.204882640158758, 4872126.281985335052013 ], [ -660746.83987116930075, 4872077.456312798894942 ], [ -660597.746996947564185, 4872067.35164906270802 ], [ -660388.633679091930389, 4872064.11612432077527 ], [ -660390.434335859492421, 4872049.398291691206396 ], [ -660190.785630764439702, 4872056.82960326038301 ], [ -659946.693689235951751, 4872081.353324531577528 ], [ -659920.974774249363691, 4872273.027517529204488 ], [ -659915.603062071604654, 4872312.674741162918508 ], [ -659913.043830186128616, 4872331.7688232306391 ], [ -659840.551253815880045, 4872862.478169127367437 ], [ -659639.805351006332785, 4873953.909001549705863 ], [ -659615.388428597012535, 4874111.947324086911976 ], [ -659318.487221644958481, 4875570.299818548373878 ], [ -659197.841155467322096, 4876226.070477217435837 ], [ -658974.871555425459519, 4877201.931122741661966 ], [ -658978.797210482880473, 4877218.382396676577628 ], [ -658970.568929957924411, 4877265.763555206358433 ], [ -658915.641220633406192, 4877521.295113038271666 ], [ -658844.722460452700034, 4877894.9272873820737 ], [ -658825.90248347283341, 4877977.255322337150574 ], [ -658812.300097365863621, 4877986.15549504570663 ], [ -658803.046960722422227, 4878178.262997560203075 ] ] ] } },
{ "type": "Feature", "properties": { "OBJECTID": 85, "Block_Groups_TOTPOP10": 702, "Block_Groups_PopOver65": 167, "Block_Groups_Over65Density": 237891.7378917379, "Shape_Length": 16545.377236825236, "Shape_Area": 8221685.8612807766 }, "geometry": { "type": "Polygon", "coordinates": [ [ [ -673802.297038514865562, 4878641.085029846057296 ], [ -673836.498090563807636, 4878669.65119744092226 ], [ -673864.641186276450753, 4878706.923307781107724 ], [ -673927.135869514429942, 4878754.748953962698579 ], [ -674035.431972893187776, 4878816.647450403310359 ], [ -674072.002453809604049, 4878810.304330559447408 ], [ -674100.600628013024107, 4878793.538518693298101 ], [ -674169.532709451625124, 4878787.628698894754052 ], [ -674249.943331497255713, 4878810.799365068785846 ], [ -674267.042842921102419, 4878825.08374316431582 ], [ -674319.763377673923969, 4878829.852224578149617 ], [ -674363.588799462653697, 4878846.58562832698226 ], [ -674493.370985784567893, 4878923.549704309552908 ], [ -674494.704299825942144, 4878881.690985160879791 ], [ -674369.568147966638207, 4878804.041264912113547 ], [ -674226.768158079357818, 4878749.594278206117451 ], [ -674064.999479080550373, 4878742.926203010603786 ], [ -673970.994593973271549, 4878724.131183981895447 ], [ -673908.931208463851362, 4878639.549467660486698 ], [ -673906.616535841720179, 4878609.827450971119106 ], [ -673911.120487394044176, 4878597.089828590862453 ], [ -673947.519884136039764, 4878553.131665355525911 ], [ -673930.212133747292683, 4878621.49519310425967 ], [ -673962.270243828883395, 4878657.953538140282035 ], [ -674006.676710814470425, 4878692.826266156509519 ], [ -674027.511433223029599, 4878698.747056428343058 ], [ -674115.582553485175595, 4878682.673720982857049 ], [ -674170.446870540268719, 4878679.54946943372488 ], [ -674202.642201147740707, 4878685.214903404936194 ], [ -674236.994529659394175, 4878695.770240707322955 ], [ -674271.232368569122627, 4878719.83569005317986 ], [ -674331.849706840002909, 4878744.033888105303049 ], [ -674487.165422806981951, 4878791.666187702678144 ], [ -674533.147886923514307, 4878813.290467102080584 ], [ -674568.656072918092832, 4878860.131816858425736 ], [ -674583.110100122634321, 4878855.159532418474555 ], [ -674611.992084924597293, 4878819.653025537729263 ], [ -674651.824659005971625, 4878803.363054578192532 ], [ -674657.883482033619657, 4878794.657729476690292 ], [ -674660.861854809802026, 4878803.450704353861511 ], [ -674682.838499052915722, 4878790.030781196430326 ], [ -674693.172371176769957, 4878795.608487669378519 ], [ -674701.760591724188998, 4878819.671222154051065 ], [ -674696.215188624802977, 4878825.460137594491243 ], [ -674705.740352261811495, 4878839.915820993483067 ], [ -674725.496399624971673, 4878843.393950283527374 ], [ -674761.426770061021671, 4878797.853101576678455 ], [ -674827.524787836475298, 4878795.208548696711659 ], [ -674863.9565450376831, 4878776.817076466046274 ], [ -674888.91200230945833, 4878772.190759313292801 ], [ -674927.628481435589492, 4878800.807544447481632 ], [ -674957.834408219903708, 4878796.354217975400388 ], [ -674994.13834287552163, 4878778.692452626302838 ], [ -675008.825023790355772, 4878746.699919319711626 ], [ -675031.149471811484545, 4878735.596810486167669 ], [ -675069.930844525108114, 4878742.426251724362373 ], [ -675122.549828091403469, 4878773.49282362125814 ], [ -675126.387737250188366, 4878781.685868174768984 ], [ -675192.66668088035658, 4878786.593397670425475 ], [ -675240.913327403133735, 4878474.098025637678802 ], [ -675524.527738497592509, 4878517.287070744670928 ], [ -677650.073262283811346, 4878889.065503986552358 ], [ -677719.95028178114444, 4878493.127618383616209 ], [ -677878.290317913983017, 4877617.227248011156917 ], [ -678003.13827134296298, 4876879.69860901683569 ], [ -678005.969379383139312, 4876863.65249237138778 ], [ -677594.846247990382835, 4876789.626899665221572 ], [ -677591.244371704757214, 4876810.049313246272504 ], [ -677493.543509125476703, 4876790.562763413414359 ], [ -677582.980689660413191, 4876167.810592757537961 ], [ -677560.901782552944496, 4876066.141071973368526 ], [ -677488.812469893600792, 4875995.516472736373544 ], [ -677460.558084298390895, 4875984.518064400181174 ], [ -677442.008404166437685, 4875939.880407687276602 ], [ -677950.807387652806938, 4876029.600127287209034 ], [ -677970.749685371061787, 4875916.532035076059401 ], [ -678041.891957526793703, 4875928.32787601929158 ], [ -678049.90028018434532, 4875865.805348590016365 ], [ -678136.812214761041105, 4875890.914049215614796 ], [ -678173.142610878683627, 4875873.252696217037737 ], [ -678196.349058967782184, 4875805.888281249441206 ], [ -678203.453840186819434, 4875680.019587223418057 ], [ -678175.939165734220296, 4875681.936078266240656 ], [ -678097.126626334618777, 4875666.530450505204499 ], [ -678055.793795805191621, 4875614.108208493329585 ], [ -678043.387357581174001, 4875607.406856880523264 ], [ -677990.085834956262261, 4875678.491796226240695 ], [ -677962.442735616816208, 4875681.138519255444407 ], [ -677985.643993318546563, 4875669.434284349903464 ], [ -678010.836547028739005, 4875612.196946415118873 ], [ -678025.163696981733665, 4875595.166413260623813 ], [ -677993.467019313247874, 4875530.904185030609369 ], [ -677973.294570030877367, 4875504.028247901238501 ], [ -677866.163348901784047, 4875512.215902612544596 ], [ -677742.420626948587596, 4875588.934341893531382 ], [ -677656.672273528994992, 4875625.716285754926503 ], [ -677579.819242490688339, 4875637.74071560613811 ], [ -677378.645657395943999, 4875639.885094492696226 ], [ -677244.235795417334884, 4875665.836149830371141 ], [ -677132.95495815994218, 4875646.223567162640393 ], [ -677015.716887651477009, 4875609.016045792028308 ], [ -676789.923479062505066, 4875519.590529779903591 ], [ -676648.052733175223693, 4875575.075466266833246 ], [ -676615.053529292577878, 4875603.860123708844185 ], [ -676471.262155920732766, 4875811.6839454555884 ], [ -676316.075770532246679, 4875981.393893473781645 ], [ -676230.202568528940901, 4876048.995700647123158 ], [ -676045.696504826657474, 4876162.397835101000965 ], [ -676003.867204886395484, 4876181.352699565701187 ], [ -675943.519450884778053, 4876194.038446700200438 ], [ -675864.832366167102009, 4876250.872316329739988 ], [ -675799.978046488016844, 4876276.301376856863499 ], [ -675632.772884700447321, 4876368.685874904505908 ], [ -675565.456044495571405, 4876425.265006056986749 ], [ -675508.273023712448776, 4876497.163055395707488 ], [ -675474.847736936761066, 4876562.715286906808615 ], [ -675280.79836470191367, 4876824.820060674101114 ], [ -675075.625277186511084, 4877017.284922339953482 ], [ -674974.681753731798381, 4877136.360757569782436 ], [ -674821.049073432339355, 4877289.016910434700549 ], [ -674815.825237940298393, 4877314.412211668677628 ], [ -674751.749988513300195, 4877408.39333865698427 ], [ -674737.064166277414188, 4877440.393034337088466 ], [ -674708.344821520615369, 4877470.674827159382403 ], [ -674698.640014559496194, 4877491.521622915752232 ], [ -674668.55490361340344, 4877611.028390402905643 ], [ -674646.859891943167895, 4877648.559737896546721 ], [ -674640.36723011219874, 4877694.028680113144219 ], [ -674646.915513493819162, 4877699.69189989566803 ], [ -674639.919788235099986, 4877718.007490786723793 ], [ -674519.669565088581294, 4877839.685231376439333 ], [ -674516.822471288498491, 4877873.014081062749028 ], [ -674488.941565803717822, 4877919.979830157011747 ], [ -674441.739442854886875, 4877969.559356007725 ], [ -674351.005930514074862, 4878039.293168429285288 ], [ -674224.008705134969205, 4878122.191053465940058 ], [ -674163.571332209277898, 4878148.392237122170627 ], [ -674157.912304007448256, 4878167.69316244777292 ], [ -674053.287054288433865, 4878277.82900925539434 ], [ -673941.135169030865654, 4878426.478223281912506 ], [ -673858.552619459107518, 4878501.400173192843795 ], [ -673779.909890242852271, 4878558.222842799499631 ], [ -673785.740637816954404, 4878576.536757008172572 ], [ -673836.93757327622734, 4878602.831070899032056 ], [ -673802.297038514865562, 4878641.085029846057296 ] ] ] } },
{ "type": "Feature", "properties": { "OBJECTID": 86, "Block_Groups_TOTPOP10": 1405, "Block_Groups_PopOver65": 76, "Block_Groups_Over65Density": 54092.52669039146, "Shape_Length": 5036.8212454030654, "Shape_Area": 1342766.19200473 }, "geometry": { "type": "Polygon", "coordinates": [ [ [ -687271.135261425748467, 4864876.971635054796934 ], [ -687331.753220277139917, 4865081.43614764418453 ], [ -687383.659666777122766, 4865070.278486953116953 ], [ -687460.938439983874559, 4865031.202332586981356 ], [ -687491.746227346826345, 4865023.845377571880817 ], [ -687703.60412994842045, 4865010.875482057221234 ], [ -687776.397151289274916, 4864992.867036507464945 ], [ -687820.497684090631083, 4864966.005506902933121 ], [ -687841.383688712259755, 4864946.337608213536441 ], [ -687875.821971081895754, 4864892.886882829479873 ], [ -687893.776772973826155, 4864847.068469734862447 ], [ -687914.112756998278201, 4864719.50075579341501 ], [ -687919.996332864742726, 4864553.937311897054315 ], [ -687970.115594773553312, 4864322.32572194095701 ], [ -687960.370214520720765, 4864227.867843407206237 ], [ -687967.452904854901135, 4864153.730736339464784 ], [ -687981.438656689133495, 4864100.418125993572176 ], [ -688023.520590789616108, 4864016.648107183165848 ], [ -688029.609772621188313, 4863956.657525459304452 ], [ -688019.297978169284761, 4863920.902807466685772 ], [ -688002.080804277444258, 4863889.956173337064683 ], [ -687954.956794310128316, 4863848.433529890142381 ], [ -687904.637639692286029, 4863833.487416516058147 ], [ -687763.172510218806565, 4863846.125201408751309 ], [ -687706.078126105479896, 4863822.441130352206528 ], [ -687665.684895122423768, 4863781.359317939728498 ], [ -687642.683133158599958, 4863727.525140941143036 ], [ -687639.619067736901343, 4863702.102152632549405 ], [ -687644.409375511808321, 4863675.054401906207204 ], [ -687661.154191299108788, 4863627.50499089807272 ], [ -687702.109920848859474, 4863622.695352620445192 ], [ -687675.525353363249451, 4863597.629980155266821 ], [ -687663.268709097290412, 4863572.840428984723985 ], [ -687654.895575053989887, 4863474.849619450047612 ], [ -687592.144546542316675, 4863478.816296165809035 ], [ -687496.421430359827355, 4863472.421098195016384 ], [ -687101.61986679234542, 4863437.205680667422712 ], [ -686829.515742920571938, 4863405.631540407426655 ], [ -686802.468585642986, 4863494.331632715649903 ], [ -686742.057590847834945, 4863886.975874557159841 ], [ -686727.398665778338909, 4863999.723735021427274 ], [ -686734.91229125764221, 4864047.03924382571131 ], [ -686768.792423838749528, 4864103.544561976566911 ], [ -686801.978671096265316, 4864129.772875109687448 ], [ -686833.566870339680463, 4864143.65681089926511 ], [ -686931.954452553531155, 4864164.842849225737154 ], [ -686987.967757920734584, 4864198.882793723605573 ], [ -687084.978362913941965, 4864313.306334963999689 ], [ -687107.073654952691868, 4864359.434431586414576 ], [ -687215.430811000522226, 4864683.173958919011056 ], [ -687271.135261425748467, 4864876.971635054796934 ] ] ] } },
{ "type": "Feature", "properties": { "OBJECTID": 87, "Block_Groups_TOTPOP10": 2840, "Block_Groups_PopOver65": 187, "Block_Groups_Over65Density": 65845.070422535209, "Shape_Length": 7139.5599180903946, "Shape_Area": 2177065.5774737657 }, "geometry": { "type": "Polygon", "coordinates": [ [ [ -669591.788293304620311, 4865263.40552771743387 ], [ -669735.79104391974397, 4865381.883157282136381 ], [ -669873.955483934143558, 4865512.141291303560138 ], [ -669930.33675314579159, 4865548.331977526657283 ], [ -670083.390261750435457, 4865580.32995982747525 ], [ -670116.026474621845409, 4865601.084541108459234 ], [ -670211.423814487876371, 4865604.197798615321517 ], [ -670946.989885441493243, 4865726.699284366331995 ], [ -670988.676599996397272, 4865747.535358684137464 ], [ -671291.476174519397318, 4865994.683475566096604 ], [ -671690.988402259070426, 4866163.915940243750811 ], [ -672112.6109318069648, 4866254.239824032410979 ], [ -672151.139025059062988, 4866271.520712457597256 ], [ -672530.095772334607318, 4865448.740517205558717 ], [ -672553.809224172728136, 4865386.636241142638028 ], [ -672498.097294965060428, 4865212.755125606432557 ], [ -672450.757242315681651, 4865211.247675570659339 ], [ -672372.36144141247496, 4865223.129397883079946 ], [ -672207.789228456327692, 4865256.826924937777221 ], [ -671782.42905198642984, 4865282.558011746034026 ], [ -671622.148054192075506, 4865283.138047439046204 ], [ -671572.616321596782655, 4865263.937338984571397 ], [ -671205.320089735323563, 4865031.089834774844348 ], [ -671186.867369351210073, 4865011.301931829191744 ], [ -671167.11678302846849, 4864951.386084836907685 ], [ -671158.384578760946169, 4864940.825717115774751 ], [ -671117.425550487823784, 4864920.115979623049498 ], [ -671076.273077729856595, 4864909.159872645512223 ], [ -671050.451452087843791, 4864909.917350901290774 ], [ -670640.448168288683519, 4864843.550268920138478 ], [ -670552.627650253474712, 4864822.939596176147461 ], [ -670127.005675225518644, 4864750.865651538595557 ], [ -670103.830337484832853, 4864758.11119703296572 ], [ -669884.378400329500437, 4864993.811786393634975 ], [ -669821.452407708158717, 4865068.641429433599114 ], [ -669791.008708898210898, 4865134.838578393682837 ], [ -669755.370960601139814, 4865174.534747350029647 ], [ -669591.788293304620311, 4865263.40552771743387 ] ] ] } },
{ "type": "Feature", "properties": { "OBJECTID": 88, "Block_Groups_TOTPOP10": 1406, "Block_Groups_PopOver65": 38, "Block_Groups_Over65Density": 27027.027027027027, "Shape_Length": 4639.1532666732728, "Shape_Area": 832381.938694807 }, "geometry": { "type": "Polygon", "coordinates": [ [ [ -672151.139025059062988, 4866271.520712457597256 ], [ -672019.501907382626086, 4866566.151612820103765 ], [ -671927.719512673327699, 4866766.877717227675021 ], [ -672329.761480702785775, 4866675.401583412662148 ], [ -673292.051416884874925, 4866512.675782094709575 ], [ -673284.566047550411895, 4866451.891193069517612 ], [ -673255.074864067835733, 4866357.138294278644025 ], [ -673209.921915906947106, 4866278.462800015695393 ], [ -673163.001332696760073, 4866222.815932239405811 ], [ -672878.994926472660154, 4865972.073477107100189 ], [ -672809.991784297861159, 4865891.483110320754349 ], [ -672763.772971303900704, 4865823.163278402760625 ], [ -672730.714985911734402, 4865761.664520526304841 ], [ -672694.510604679584503, 4865679.287574918940663 ], [ -672671.211568934144452, 4865605.19208921957761 ], [ -672616.722108827671036, 4865350.9667086340487 ], [ -672602.087145995115861, 4865214.388287020847201 ], [ -672594.499820580007508, 4865214.566322571597993 ], [ -672515.30983176198788, 4865218.025760068558156 ], [ -672498.097294965060428, 4865212.755125606432557 ], [ -672553.809224172728136, 4865386.636241142638028 ], [ -672530.095772334607318, 4865448.740517205558717 ], [ -672151.139025059062988, 4866271.520712457597256 ] ] ] } },
{ "type": "Feature", "properties": { "OBJECTID": 89, "Block_Groups_TOTPOP10": 1544, "Block_Groups_PopOver65": 171, "Block_Groups_Over65Density": 110751.29533678756, "Shape_Length": 18904.540596765873, "Shape_Area": 11784778.831015617 }, "geometry": { "type": "Polygon", "coordinates": [ [ [ -673958.793138817185536, 4859195.984551409259439 ], [ -673505.620682595996186, 4861640.036600553430617 ], [ -673446.444950329372659, 4861909.160126402974129 ], [ -673350.38508781674318, 4862216.261543771252036 ], [ -672917.061414875322953, 4863401.279461754485965 ], [ -672689.876636748202145, 4864112.342895503155887 ], [ -672640.098694765474647, 4864288.876185675151646 ], [ -672591.786857618717477, 4864547.735767400823534 ], [ -672572.63004230032675, 4864769.520767332054675 ], [ -672572.636236344231293, 4864981.099079804494977 ], [ -672594.499820580007508, 4865214.566322571597993 ], [ -672602.087145995115861, 4865214.388287020847201 ], [ -672766.973129781894386, 4865204.84609183203429 ], [ -672806.061350159114227, 4865197.381912385113537 ], [ -673001.615459772991017, 4865193.965259241871536 ], [ -673187.930385628016666, 4865182.912362500093877 ], [ -673294.651244128821418, 4865212.139545537531376 ], [ -673304.089075055439025, 4865210.02732817735523 ], [ -673391.386280525010079, 4865138.723060640506446 ], [ -673453.983255970058963, 4865113.542028684169054 ], [ -673636.456652867374942, 4865141.733904642984271 ], [ -673741.24119550967589, 4864672.890715300105512 ], [ -673732.53097731852904, 4864627.68931308016181 ], [ -673700.671065300935879, 4864585.210965233854949 ], [ -673768.028606080682948, 4864498.358119171112776 ], [ -673786.321266717044637, 4864458.637546410784125 ], [ -673807.916487181559205, 4864387.113482128828764 ], [ -674140.172563208499923, 4862882.511595673859119 ], [ -674193.706029435154051, 4862732.197780219838023 ], [ -674973.826161950360984, 4862892.190789107233286 ], [ -675323.672424052609131, 4862940.692980399355292 ], [ -676367.054707245901227, 4863061.123640132136643 ], [ -676756.352731812512502, 4863121.895756361074746 ], [ -676942.301859863335267, 4862264.747865488752723 ], [ -677103.13453062903136, 4861533.440358428284526 ], [ -677071.786580171436071, 4861518.144367686472833 ], [ -676865.845041301799938, 4861485.030074243433774 ], [ -675711.650359730003402, 4861330.893848134204745 ], [ -676018.414243092294782, 4859696.651214786805212 ], [ -676014.942599111236632, 4859686.245471306145191 ], [ -676000.172173370607197, 4859679.889622063376009 ], [ -675947.043680788483471, 4859676.611545390449464 ], [ -675687.096933839377016, 4859636.35455864854157 ], [ -675334.276201408822089, 4859569.295357543975115 ], [ -674182.625154748791829, 4859317.270290159620345 ], [ -674083.015395935392007, 4859290.052298400551081 ], [ -673958.793138817185536, 4859195.984551409259439 ] ] ] } },
{ "type": "Feature", "properties": { "OBJECTID": 90, "Block_Groups_TOTPOP10": 830, "Block_Groups_PopOver65": 144, "Block_Groups_Over65Density": 173493.97590361445, "Shape_Length": 29473.316894185318, "Shape_Area": 29740132.10895244 }, "geometry": { "type": "Polygon", "coordinates": [ [ [ -678712.594909618608654, 4865095.017544221132994 ], [ -679094.008037382969633, 4865165.879347047768533 ], [ -679546.62914854567498, 4865240.257392156869173 ], [ -680113.236345315352082, 4865354.325836407952011 ], [ -680201.009528369642794, 4865182.198452278971672 ], [ -680310.400368490023538, 4865016.133135652169585 ], [ -680442.928510207217187, 4864864.685501231811941 ], [ -680552.350259693106636, 4864767.178230761550367 ], [ -680641.314877235097811, 4864699.970927353948355 ], [ -680739.171933544101194, 4864638.096835859119892 ], [ -680871.618624157039449, 4864568.753752237185836 ], [ -681270.635362267727032, 4864381.366213442757726 ], [ -681675.101521341595799, 4862287.478106397204101 ], [ -681798.111225978704169, 4861614.92222808022052 ], [ -682153.448790405876935, 4859764.831497456878424 ], [ -682176.640656345756724, 4859731.968566255643964 ], [ -681856.334102286957204, 4859436.550455598160625 ], [ -682030.863284406717867, 4859098.543271312490106 ], [ -682053.461844607722014, 4859034.654690920375288 ], [ -682103.306671525118873, 4858850.382203174754977 ], [ -682130.143219389021397, 4858792.515745342709124 ], [ -682186.251847065519542, 4858693.046400862745941 ], [ -682230.17937071621418, 4858628.383303393609822 ], [ -682341.606154943350703, 4858537.14121725782752 ], [ -682383.050515704555437, 4858490.893032582476735 ], [ -682401.19693368836306, 4858460.905003803782165 ], [ -682494.526552509982139, 4858021.05667080450803 ], [ -682582.007285654079169, 4857519.807802315801382 ], [ -681356.045308941742405, 4857294.31590420473367 ], [ -680645.787320459494367, 4857170.973509719595313 ], [ -680264.061742485500872, 4857094.855361309833825 ], [ -678758.065833347151056, 4856826.706389170140028 ], [ -678727.600809666560963, 4856944.279371370561421 ], [ -678698.83473455812782, 4857017.657439122907817 ], [ -678581.127124554011971, 4857196.835609320551157 ], [ -678569.129512175684795, 4857226.401171905919909 ], [ -678496.74424065509811, 4857608.8142951708287 ], [ -677793.256733554415405, 4857477.894060174934566 ], [ -676882.416797987418249, 4857321.277611608617008 ], [ -676683.284298773156479, 4858488.072282805107534 ], [ -676663.921529565704986, 4858568.352535895071924 ], [ -676557.638046284904703, 4858911.546667248010635 ], [ -676532.101583136245608, 4858966.619222932495177 ], [ -676223.328866183990613, 4859425.052040661685169 ], [ -676051.983184487558901, 4859647.515021024271846 ], [ -676030.748888000147417, 4859669.419455429539084 ], [ -676000.172173370607197, 4859679.889622063376009 ], [ -676014.942599111236632, 4859686.245471306145191 ], [ -676018.414243092294782, 4859696.651214786805212 ], [ -675711.650359730003402, 4861330.893848134204745 ], [ -676865.845041301799938, 4861485.030074243433774 ], [ -677071.786580171436071, 4861518.144367686472833 ], [ -677103.13453062903136, 4861533.440358428284526 ], [ -677270.552456352161244, 4860868.014247386716306 ], [ -677318.916555576492101, 4860730.296201894059777 ], [ -678728.33706068363972, 4860965.658670636825264 ], [ -680026.098203110508621, 4861212.594378210604191 ], [ -679304.193125421646982, 4863562.736580276861787 ], [ -678878.95409467164427, 4864669.278519954532385 ], [ -678712.594909618608654, 4865095.017544221132994 ] ] ] } },
{ "type": "Feature", "properties": { "OBJECTID": 91, "Block_Groups_TOTPOP10": 2569, "Block_Groups_PopOver65": 126, "Block_Groups_Over65Density": 49046.321525885556, "Shape_Length": 4575.1106872861019, "Shape_Area": 890555.59384687117 }, "geometry": { "type": "Polygon", "coordinates": [ [ [ -675012.632864315295592, 4865714.993310079909861 ], [ -675075.877272771438584, 4865763.735582936555147 ], [ -675198.243996372679248, 4865794.234566020779312 ], [ -675902.477191149257123, 4865868.101215262897313 ], [ -675922.101723984116688, 4865816.57335159368813 ], [ -676041.502412562025711, 4865683.15378599986434 ], [ -676055.245961027918383, 4865647.912604970857501 ], [ -676093.373593591153622, 4865486.667801484465599 ], [ -676114.76196721708402, 4865459.54521666560322 ], [ -676135.657152203610167, 4865448.150848997756839 ], [ -676171.785627519944683, 4865444.702183291316032 ], [ -676455.486606681719422, 4865486.222671710886061 ], [ -676505.399636681191623, 4865473.146007620729506 ], [ -676539.768072356469929, 4865445.290284064598382 ], [ -676564.201048319693655, 4865405.145993208512664 ], [ -676610.591236160136759, 4865282.999478215351701 ], [ -676567.201357180019841, 4865276.134095832705498 ], [ -676511.256157574243844, 4865293.424301826395094 ], [ -676489.094139662804082, 4865294.805189072154462 ], [ -676432.010181659832597, 4865271.226969038136303 ], [ -676375.768271234119311, 4865234.24066739436239 ], [ -676352.006504872115329, 4865175.843721479177475 ], [ -676292.207207350526005, 4864956.725752699188888 ], [ -676284.703478873241693, 4864900.428193458355963 ], [ -676297.054209331516176, 4864855.89999561663717 ], [ -676319.947326762368903, 4864824.519306904636323 ], [ -676391.143190855626017, 4864767.723702411167324 ], [ -676398.54555743932724, 4864729.857624243013561 ], [ -676283.673241811338812, 4864708.189285597763956 ], [ -676258.079826375236735, 4864694.659393896348774 ], [ -676215.964917859993875, 4864650.362500438466668 ], [ -675983.951064217835665, 4864753.503887238912284 ], [ -675862.773633020697162, 4864832.410936804488301 ], [ -675102.620277737965807, 4865615.56466808449477 ], [ -675012.632864315295592, 4865714.993310079909861 ] ] ] } },
{ "type": "Feature", "properties": { "OBJECTID": 92, "Block_Groups_TOTPOP10": 1799, "Block_Groups_PopOver65": 97, "Block_Groups_Over65Density": 53918.843802112286, "Shape_Length": 10079.994375002225, "Shape_Area": 6387972.3308086731 }, "geometry": { "type": "Polygon", "coordinates": [ [ [ -677493.56581232487224, 4863259.597899001091719 ], [ -678172.484174928627908, 4863384.881769868545234 ], [ -679304.193125421646982, 4863562.736580276861787 ], [ -680026.098203110508621, 4861212.594378210604191 ], [ -678728.33706068363972, 4860965.658670636825264 ], [ -677318.916555576492101, 4860730.296201894059777 ], [ -677270.552456352161244, 4860868.014247386716306 ], [ -677103.13453062903136, 4861533.440358428284526 ], [ -676942.301859863335267, 4862264.747865488752723 ], [ -676756.352731812512502, 4863121.895756361074746 ], [ -677269.502809632336721, 4863217.995391204953194 ], [ -677493.56581232487224, 4863259.597899001091719 ] ] ] } },
{ "type": "Feature", "properties": { "OBJECTID": 93, "Block_Groups_TOTPOP10": 2317, "Block_Groups_PopOver65": 265, "Block_Groups_Over65Density": 114372.03280103582, "Shape_Length": 8408.1435188661108, "Shape_Area": 1861793.5091301526 }, "geometry": { "type": "Polygon", "coordinates": [ [ [ -664926.704414174659178, 4862714.450212423689663 ], [ -664838.540382507489994, 4863095.799423402175307 ], [ -664746.30445463443175, 4863696.181044736877084 ], [ -664735.840534383663908, 4863725.972035810351372 ], [ -664682.651220727711916, 4863819.082087971270084 ], [ -664671.086680159904063, 4863868.248337952420115 ], [ -665465.747105652233586, 4863980.793886535800993 ], [ -665590.344490551622584, 4863989.666597403585911 ], [ -665603.385205049999058, 4863997.202839910052717 ], [ -665881.898111914750189, 4864059.192370840348303 ], [ -666049.684352597687393, 4864067.307665052823722 ], [ -666261.500018768012524, 4864095.883421348407865 ], [ -666274.247654032893479, 4864092.080411618575454 ], [ -666293.954347366234288, 4864109.057375061325729 ], [ -666308.011475650826469, 4864110.750954571180046 ], [ -666438.086382401175797, 4864105.539340702816844 ], [ -666405.195480395341292, 4864047.12877974845469 ], [ -666395.45200919220224, 4864003.283804113045335 ], [ -666388.068090985063463, 4863898.129901742562652 ], [ -666388.337504042545334, 4863801.080540644936264 ], [ -666329.257408590754494, 4863650.046558403410017 ], [ -666321.672986765624955, 4863593.77963372413069 ], [ -666356.834615789586678, 4863417.740434939041734 ], [ -666356.552545637823641, 4863367.258646531030536 ], [ -666327.050086281262338, 4863163.402898435480893 ], [ -666340.123054155614227, 4863053.516822734847665 ], [ -666378.518601382616907, 4862963.089721381664276 ], [ -666406.579676438588649, 4862919.04106832947582 ], [ -666451.947212803410366, 4862866.711279153823853 ], [ -666511.883832518476993, 4862813.15161572303623 ], [ -666510.026343570789322, 4862797.772570246830583 ], [ -666531.487752155866474, 4862809.034329826012254 ], [ -666570.44158711633645, 4862802.261324089951813 ], [ -666665.608632078161463, 4862750.31445437297225 ], [ -666715.299736569868401, 4862729.601108592003584 ], [ -666749.260003342526034, 4862682.060361171141267 ], [ -666788.211565159726888, 4862545.047877991572022 ], [ -666782.680831673322245, 4862455.250368472188711 ], [ -666755.139365946641192, 4862344.306674195453525 ], [ -666756.931543580489233, 4862238.465383355505764 ], [ -666750.898540226509795, 4862225.369879232719541 ], [ -666727.07846575207077, 4862218.967128217220306 ], [ -666713.349174014991149, 4862241.42298536375165 ], [ -666683.006518645444885, 4862259.48285782430321 ], [ -666667.224377152509987, 4862258.995730536989868 ], [ -666637.106909387744963, 4862280.106232329271734 ], [ -666606.227111007086933, 4862249.137206413783133 ], [ -666597.221311301458627, 4862222.726399931125343 ], [ -666560.513246471295133, 4862203.542255308479071 ], [ -666367.165642705280334, 4862563.641668113879859 ], [ -666303.388147257268429, 4862700.096996418200433 ], [ -665976.692194308852777, 4863288.383653769269586 ], [ -665930.784984229831025, 4863387.283930199220777 ], [ -665899.503577595343813, 4863475.930456823669374 ], [ -665450.957041802350432, 4862736.304112780839205 ], [ -665338.70412280713208, 4862591.085749723017216 ], [ -665214.24658466456458, 4862459.555800716392696 ], [ -665160.51233170251362, 4862520.976915968582034 ], [ -665104.103103233035654, 4862754.306670687161386 ], [ -664926.704414174659178, 4862714.450212423689663 ] ] ] } },
{ "type": "Feature", "properties": { "OBJECTID": 94, "Block_Groups_TOTPOP10": 2153, "Block_Groups_PopOver65": 245, "Block_Groups_Over65Density": 113794.7050627032, "Shape_Length": 5074.4012996214087, "Shape_Area": 1520433.7999319921 }, "geometry": { "type": "Polygon", "coordinates": [ [ [ -681012.211073881248012, 4874264.939024051651359 ], [ -681328.440038961358368, 4874548.092437997460365 ], [ -681429.473328470019624, 4874621.640225755982101 ], [ -681495.862957736942917, 4874660.468858314678073 ], [ -681633.331208136165515, 4874720.145185561850667 ], [ -682246.196591871790588, 4874888.757347922772169 ], [ -682335.00398395396769, 4874792.344175327569246 ], [ -682429.537644771393389, 4874659.314841890707612 ], [ -682588.539632658241317, 4874354.05958432238549 ], [ -682632.252089129993692, 4874256.43046969268471 ], [ -682664.592103411443532, 4874159.045082900673151 ], [ -682712.726776502095163, 4873942.525388712063432 ], [ -682686.057243108050898, 4873931.032327113673091 ], [ -682748.308162220520899, 4873617.64978470467031 ], [ -682635.7750799653586, 4873634.619765661656857 ], [ -682581.442528871586546, 4873612.964216669090092 ], [ -682555.89362494694069, 4873612.207522801123559 ], [ -682424.869342050747946, 4873579.996634011156857 ], [ -682121.075343906879425, 4873704.64057634677738 ], [ -682021.096976412460208, 4873765.985163012519479 ], [ -681839.934319619555026, 4873748.249513204209507 ], [ -681638.056302803102881, 4873749.434391601011157 ], [ -681550.944659815402701, 4873742.313164134509861 ], [ -681500.753424905007705, 4873735.698475990444422 ], [ -681137.987106337444857, 4873655.778940686956048 ], [ -681093.356489335885271, 4873882.693452102132142 ], [ -681070.02696911804378, 4873933.507056954316795 ], [ -680986.017696413211524, 4874028.532715756446123 ], [ -680970.441104411613196, 4874073.942272602580488 ], [ -680975.545750608900562, 4874130.531351229175925 ], [ -681011.335623966995627, 4874227.158535462804139 ], [ -681012.211073881248012, 4874264.939024051651359 ] ] ] } },
{ "type": "Feature", "properties": { "OBJECTID": 95, "Block_Groups_TOTPOP10": 1038, "Block_Groups_PopOver65": 166, "Block_Groups_Over65Density": 159922.92870905588, "Shape_Length": 41104.164871347748, "Shape_Area": 78941062.886476427 }, "geometry": { "type": "Polygon", "coordinates": [ [ [ -695772.96583397872746, 4880087.705734383314848 ], [ -697086.640832069329917, 4881040.722649716772139 ], [ -697992.686843796400353, 4881700.24373229406774 ], [ -698002.380467809503898, 4881646.278113005682826 ], [ -698218.730353789869696, 4880445.921727064065635 ], [ -698669.205274251289666, 4878050.740173135884106 ], [ -699134.989211343461648, 4875653.641542407684028 ], [ -700029.137427751906216, 4870761.812590308487415 ], [ -699256.464007766451687, 4870618.787571503780782 ], [ -696944.440362952183932, 4870190.592373095452785 ], [ -692446.104330737376586, 4869361.366810472682118 ], [ -691960.57099089352414, 4869259.073131348006427 ], [ -691932.416346561396495, 4869247.277444033883512 ], [ -691909.109313271706924, 4869216.749833405017853 ], [ -691852.635010872967541, 4869232.319809397682548 ], [ -691827.791373062646016, 4869231.665179068222642 ], [ -691671.031210516113788, 4869203.005950857885182 ], [ -691628.155559713952243, 4869205.92517951503396 ], [ -691623.247683889931068, 4869195.254287065938115 ], [ -691568.522835198789835, 4869184.006462297402322 ], [ -691528.225833273259923, 4869197.936206161044538 ], [ -691463.685054360656068, 4869165.347594412043691 ], [ -690334.23696950240992, 4868958.410677017644048 ], [ -690164.75877224910073, 4869766.973716511391103 ], [ -690167.728396091843024, 4869775.790191015228629 ], [ -690159.629772752057761, 4869825.588069638237357 ], [ -689830.389718842227012, 4871498.355885706841946 ], [ -689706.62660252628848, 4872181.405525992624462 ], [ -689311.332002370851114, 4874386.237725228071213 ], [ -689282.404936952050775, 4874557.288677047938108 ], [ -689283.401818903395906, 4874602.644542824476957 ], [ -689051.803554070880637, 4875823.294113199226558 ], [ -690560.614019486121833, 4876591.180976055562496 ], [ -690588.676280388608575, 4876539.719141947105527 ], [ -690614.239007399650291, 4876527.71289854682982 ], [ -690643.921021060086787, 4876530.745455962605774 ], [ -692242.84945182595402, 4876864.913452103734016 ], [ -693012.360953832045197, 4877003.081660780124366 ], [ -693396.133835979504511, 4877067.13053910061717 ], [ -693415.012804367113858, 4877062.974439423531294 ], [ -693443.872831567656249, 4877041.024418449029326 ], [ -693483.537015079753473, 4877026.276110204868019 ], [ -693587.162742705084383, 4877000.368921154178679 ], [ -693736.514928471995518, 4876942.726459800265729 ], [ -693831.43642942304723, 4876919.030503070913255 ], [ -694378.518025078810751, 4877046.213148965500295 ], [ -694498.371964395744726, 4877111.324835287407041 ], [ -694521.262163385748863, 4877131.23271067161113 ], [ -694852.814258591271937, 4877271.872493335045874 ], [ -695022.906927385833114, 4877360.292126858606935 ], [ -695510.356547980569303, 4877449.045496503822505 ], [ -695517.913154836045578, 4877440.608547856099904 ], [ -695529.673785015475005, 4877396.023787805810571 ], [ -695576.154488377273083, 4877288.371295399032533 ], [ -695690.47073742072098, 4877131.107200973667204 ], [ -695709.246698045404628, 4877114.887947651557624 ], [ -695748.308278308017179, 4877196.439003044739366 ], [ -695563.858548879390582, 4877411.933750073425472 ], [ -695535.00088427728042, 4877497.13508362043649 ], [ -695520.380722475470975, 4877642.115811131894588 ], [ -695505.508618246996775, 4877691.413001509383321 ], [ -695207.82860852102749, 4878239.768103405833244 ], [ -695142.009290842339396, 4878371.046923930756748 ], [ -695115.951205390971154, 4878436.40581423882395 ], [ -695118.076235058018938, 4878475.186270798556507 ], [ -695167.380302249686792, 4878558.553901358507574 ], [ -695183.708186401752755, 4878627.735097521916032 ], [ -695179.428624387132004, 4878681.179355750791728 ], [ -695111.976736249402165, 4879062.116172694601119 ], [ -695744.678558489540592, 4879182.966752965003252 ], [ -695849.214198692236096, 4879215.248230705037713 ], [ -695918.895863705081865, 4879248.062446204014122 ], [ -695772.96583397872746, 4880087.705734383314848 ] ] ] } },
{ "type": "Feature", "properties": { "OBJECTID": 96, "Block_Groups_TOTPOP10": 2589, "Block_Groups_PopOver65": 209, "Block_Groups_Over65Density": 80726.14909231363, "Shape_Length": 25467.853006076508, "Shape_Area": 21828847.296241041 }, "geometry": { "type": "Polygon", "coordinates": [ [ [ -689545.290181439602748, 4882182.885386472567916 ], [ -689514.496008126530796, 4882296.243724571540952 ], [ -689515.112141997087747, 4882487.416548115201294 ], [ -689486.317798634059727, 4882585.33032132871449 ], [ -689336.326406706357375, 4883404.734335131011903 ], [ -689571.108229534467682, 4883438.363391674123704 ], [ -690119.268319631461054, 4883534.724527003243566 ], [ -690158.217898873146623, 4883536.41522366553545 ], [ -690185.773386884480715, 4883530.0540726557374 ], [ -690546.972809445811436, 4883388.475402191281319 ], [ -690667.840676996158436, 4883328.831059090793133 ], [ -690898.261473326943815, 4883239.114738361909986 ], [ -691091.219816331053153, 4883135.184185972437263 ], [ -691164.75696026510559, 4883070.092107960954309 ], [ -691234.657463537529111, 4882991.561180255375803 ], [ -691271.757830973947421, 4882940.267127613537014 ], [ -691341.039210079936311, 4882818.743761242367327 ], [ -691368.088820490753278, 4882781.450072325766087 ], [ -691497.7073574133683, 4882672.963958019390702 ], [ -691647.527169903041795, 4882506.396270724013448 ], [ -691814.134069062303752, 4882292.416504421271384 ], [ -691945.927547792904079, 4882100.043812265619636 ], [ -691963.479349385714158, 4882082.114517381414771 ], [ -691986.102984967874363, 4882069.606187522411346 ], [ -692012.284596926765516, 4882066.762761788442731 ], [ -692108.980090644443408, 4882096.088385323993862 ], [ -692139.972660487983376, 4882100.12475766800344 ], [ -692174.905459070578218, 4882090.570115079171956 ], [ -692187.967008512467146, 4882080.867015835829079 ], [ -692434.94275727448985, 4881763.86201330833137 ], [ -692579.138036881806329, 4881612.065935620106757 ], [ -692621.826333643402904, 4881576.056181750260293 ], [ -692635.911207004450262, 4881573.307606124319136 ], [ -692664.240428691031411, 4881575.364064766094089 ], [ -692666.559774999972433, 4881629.957558619789779 ], [ -692679.775616553379223, 4881682.737173897214234 ], [ -692709.220359567552805, 4881737.666753116063774 ], [ -692737.19391681579873, 4881771.263947524130344 ], [ -692947.702426086412743, 4881970.700716381892562 ], [ -693141.66500660404563, 4882097.957732093520463 ], [ -693177.632955241017044, 4882137.502301503904164 ], [ -693257.449956249678507, 4882286.475666923448443 ], [ -693284.505964600946754, 4882443.311493442393839 ], [ -693387.10194338997826, 4882469.199349164962769 ], [ -693660.024738864740357, 4882518.05751075502485 ], [ -693880.63004571176134, 4882547.023803142830729 ], [ -693984.740628437371925, 4882568.677987103350461 ], [ -694215.327568771550432, 4882579.878754876554012 ], [ -694316.064854596508667, 4882565.567238478921354 ], [ -694378.991566124139354, 4882576.840146292001009 ], [ -694519.662574896356091, 4882617.844973777420819 ], [ -694905.872153689851984, 4882666.736432710662484 ], [ -695088.319336176617071, 4881614.981307505629957 ], [ -695091.637690827716142, 4881550.097178316675127 ], [ -695079.481894359225407, 4881449.323375070467591 ], [ -695083.662651397520676, 4881404.913887828588486 ], [ -695115.442642682464793, 4881278.14120916929096 ], [ -695169.989683400606737, 4881159.208745210431516 ], [ -695190.140760307665914, 4881097.336331786587834 ], [ -695212.747923804214224, 4880992.247081561945379 ], [ -695184.462028271285817, 4880901.371289246715605 ], [ -695185.532098189927638, 4880861.669630960561335 ], [ -695200.926220556022599, 4880809.47996686771512 ], [ -695255.241520549869165, 4880721.358235570602119 ], [ -695318.983974264003336, 4880378.236505449749529 ], [ -695337.307730093132704, 4880347.645001724362373 ], [ -695363.788544644135982, 4880330.559213681146502 ], [ -695563.774353860178962, 4880331.765030305832624 ], [ -695616.110552293946967, 4880309.52666238322854 ], [ -695668.368747071828693, 4880262.432240163907409 ], [ -695743.21501111285761, 4880165.1835070066154 ], [ -695768.077012931462377, 4880119.200680597685277 ], [ -695772.96583397872746, 4880087.705734383314848 ], [ -695918.895863705081865, 4879248.062446204014122 ], [ -695849.214198692236096, 4879215.248230705037713 ], [ -695744.678558489540592, 4879182.966752965003252 ], [ -695111.976736249402165, 4879062.116172694601119 ], [ -695179.428624387132004, 4878681.179355750791728 ], [ -695183.708186401752755, 4878627.735097521916032 ], [ -695167.380302249686792, 4878558.553901358507574 ], [ -695118.076235058018938, 4878475.186270798556507 ], [ -695115.951205390971154, 4878436.40581423882395 ], [ -695142.009290842339396, 4878371.046923930756748 ], [ -695207.82860852102749, 4878239.768103405833244 ], [ -695505.508618246996775, 4877691.413001509383321 ], [ -695520.380722475470975, 4877642.115811131894588 ], [ -695535.00088427728042, 4877497.13508362043649 ], [ -695563.858548879390582, 4877411.933750073425472 ], [ -695748.308278308017179, 4877196.439003044739366 ], [ -695709.246698045404628, 4877114.887947651557624 ], [ -695690.47073742072098, 4877131.107200973667204 ], [ -695576.154488377273083, 4877288.371295399032533 ], [ -695529.673785015475005, 4877396.023787805810571 ], [ -695517.913154836045578, 4877440.608547856099904 ], [ -695510.356547980569303, 4877449.045496503822505 ], [ -695022.906927385833114, 4877360.292126858606935 ], [ -694852.814258591271937, 4877271.872493335045874 ], [ -694521.262163385748863, 4877131.23271067161113 ], [ -694498.371964395744726, 4877111.324835287407041 ], [ -694378.518025078810751, 4877046.213148965500295 ], [ -693831.43642942304723, 4876919.030503070913255 ], [ -693736.514928471995518, 4876942.726459800265729 ], [ -693587.162742705084383, 4877000.368921154178679 ], [ -693483.537015079753473, 4877026.276110204868019 ], [ -693443.872831567656249, 4877041.024418449029326 ], [ -693415.012804367113858, 4877062.974439423531294 ], [ -693396.133835979504511, 4877067.13053910061717 ], [ -693012.360953832045197, 4877003.081660780124366 ], [ -692968.752419080352411, 4877209.128215149044991 ], [ -692865.91725776810199, 4877463.31431299354881 ], [ -692838.932930191513151, 4877559.382106876000762 ], [ -692807.770490186521783, 4877712.673676427453756 ], [ -692783.282201843801886, 4877782.080233548767865 ], [ -692750.107336945133284, 4877840.899937895126641 ], [ -692714.234111500671133, 4877889.449992421083152 ], [ -692550.884468944976106, 4878055.25551385153085 ], [ -692497.48459942964837, 4878130.032887849956751 ], [ -692465.858134276932105, 4878192.889492650516331 ], [ -692325.755058141192421, 4878524.685094067826867 ], [ -692314.70493001001887, 4878540.024902463890612 ], [ -692288.901126555399969, 4878540.685268420726061 ], [ -692219.481055986369029, 4878527.53337527718395 ], [ -692180.108529086923227, 4878528.028984531760216 ], [ -691910.202228056266904, 4878613.817338611930609 ], [ -691889.294777094852179, 4878625.138646972365677 ], [ -691867.474518663482741, 4878764.259632151573896 ], [ -691767.560357653303072, 4879268.78251029830426 ], [ -691709.530451991129667, 4879399.165376941673458 ], [ -691669.9295160532929, 4879443.27306423895061 ], [ -691649.365902582416311, 4879456.911541021429002 ], [ -691614.287836739560589, 4879501.073826636187732 ], [ -691602.18521009478718, 4879501.170549195259809 ], [ -691582.255047361599281, 4879523.95353898126632 ], [ -691544.707988410256803, 4879548.106316787190735 ], [ -691487.267618079902604, 4879569.459681028500199 ], [ -691346.680456748232245, 4879671.548178977333009 ], [ -691267.411838821833953, 4879844.788793019019067 ], [ -691261.471433334983885, 4879873.831002121791244 ], [ -691231.116584264673293, 4879900.01936172414571 ], [ -690906.220685597043484, 4880036.177507060579956 ], [ -690858.400618858402595, 4880050.217887871898711 ], [ -690834.036299208644778, 4880042.859008303843439 ], [ -690723.198034552391618, 4879906.43503928091377 ], [ -690590.427127559669316, 4879875.969037374481559 ], [ -690473.756435924209654, 4880017.694645773619413 ], [ -690498.689436763059348, 4880051.491336921229959 ], [ -690505.24354637763463, 4880078.245955900289118 ], [ -690500.6390629587695, 4880142.139387784525752 ], [ -690482.404643999878317, 4880223.1647834405303 ], [ -690392.606721240794286, 4880400.527427329681814 ], [ -690292.288873458281159, 4880624.163500555790961 ], [ -690302.712685888633132, 4880654.616074674762785 ], [ -690409.702661332441494, 4880761.743441738188267 ], [ -690482.846794111188501, 4880868.098690155893564 ], [ -690568.243995558004826, 4881049.625794961117208 ], [ -690579.654656735714525, 4881112.607805158011615 ], [ -690559.757001444464549, 4881211.382322801277041 ], [ -690528.671882363269106, 4881305.148760882206261 ], [ -690518.097052427474409, 4881355.927618272602558 ], [ -690507.881606919923797, 4881552.729288717731833 ], [ -690489.323829540750012, 4881741.265056894160807 ], [ -690501.019400140969083, 4881844.91812009178102 ], [ -690487.126817416632548, 4881897.357577440328896 ], [ -690443.536496782675385, 4882006.184042673557997 ], [ -690392.187506740214303, 4882276.869624900631607 ], [ -690377.402096210280433, 4882321.62318629398942 ], [ -690362.751250833505765, 4882331.796065486967564 ], [ -690338.086242501856759, 4882330.401294240728021 ], [ -689767.95439575961791, 4882233.900129526853561 ], [ -689545.290181439602748, 4882182.885386472567916 ] ] ] } },
{ "type": "Feature", "properties": { "OBJECTID": 97, "Block_Groups_TOTPOP10": 1631, "Block_Groups_PopOver65": 207, "Block_Groups_Over65Density": 126916.00245248314, "Shape_Length": 19195.349455651445, "Shape_Area": 14160627.85790698 }, "geometry": { "type": "Polygon", "coordinates": [ [ [ -689545.290181439602748, 4882182.885386472567916 ], [ -689767.95439575961791, 4882233.900129526853561 ], [ -690338.086242501856759, 4882330.401294240728021 ], [ -690362.751250833505765, 4882331.796065486967564 ], [ -690377.402096210280433, 4882321.62318629398942 ], [ -690392.187506740214303, 4882276.869624900631607 ], [ -690443.536496782675385, 4882006.184042673557997 ], [ -690487.126817416632548, 4881897.357577440328896 ], [ -690501.019400140969083, 4881844.91812009178102 ], [ -690489.323829540750012, 4881741.265056894160807 ], [ -690507.881606919923797, 4881552.729288717731833 ], [ -690518.097052427474409, 4881355.927618272602558 ], [ -690528.671882363269106, 4881305.148760882206261 ], [ -690559.757001444464549, 4881211.382322801277041 ], [ -690579.654656735714525, 4881112.607805158011615 ], [ -690568.243995558004826, 4881049.625794961117208 ], [ -690482.846794111188501, 4880868.098690155893564 ], [ -690409.702661332441494, 4880761.743441738188267 ], [ -690302.712685888633132, 4880654.616074674762785 ], [ -690292.288873458281159, 4880624.163500555790961 ], [ -690392.606721240794286, 4880400.527427329681814 ], [ -690482.404643999878317, 4880223.1647834405303 ], [ -690500.6390629587695, 4880142.139387784525752 ], [ -690505.24354637763463, 4880078.245955900289118 ], [ -690498.689436763059348, 4880051.491336921229959 ], [ -690473.756435924209654, 4880017.694645773619413 ], [ -690590.427127559669316, 4879875.969037374481559 ], [ -690723.198034552391618, 4879906.43503928091377 ], [ -690834.036299208644778, 4880042.859008303843439 ], [ -690858.400618858402595, 4880050.217887871898711 ], [ -690906.220685597043484, 4880036.177507060579956 ], [ -691231.116584264673293, 4879900.01936172414571 ], [ -691261.471433334983885, 4879873.831002121791244 ], [ -691267.411838821833953, 4879844.788793019019067 ], [ -691346.680456748232245, 4879671.548178977333009 ], [ -691487.267618079902604, 4879569.459681028500199 ], [ -691544.707988410256803, 4879548.106316787190735 ], [ -691582.255047361599281, 4879523.95353898126632 ], [ -691602.18521009478718, 4879501.170549195259809 ], [ -691614.287836739560589, 4879501.073826636187732 ], [ -691649.365902582416311, 4879456.911541021429002 ], [ -691669.9295160532929, 4879443.27306423895061 ], [ -691709.530451991129667, 4879399.165376941673458 ], [ -691767.560357653303072, 4879268.78251029830426 ], [ -691867.474518663482741, 4878764.259632151573896 ], [ -691889.294777094852179, 4878625.138646972365677 ], [ -691910.202228056266904, 4878613.817338611930609 ], [ -692180.108529086923227, 4878528.028984531760216 ], [ -692219.481055986369029, 4878527.53337527718395 ], [ -692288.901126555399969, 4878540.685268420726061 ], [ -692314.70493001001887, 4878540.024902463890612 ], [ -692325.755058141192421, 4878524.685094067826867 ], [ -692465.858134276932105, 4878192.889492650516331 ], [ -692497.48459942964837, 4878130.032887849956751 ], [ -692550.884468944976106, 4878055.25551385153085 ], [ -692714.234111500671133, 4877889.449992421083152 ], [ -692750.107336945133284, 4877840.899937895126641 ], [ -692783.282201843801886, 4877782.080233548767865 ], [ -692807.770490186521783, 4877712.673676427453756 ], [ -692838.932930191513151, 4877559.382106876000762 ], [ -692865.91725776810199, 4877463.31431299354881 ], [ -692968.752419080352411, 4877209.128215149044991 ], [ -693012.360953832045197, 4877003.081660780124366 ], [ -692242.84945182595402, 4876864.913452103734016 ], [ -690643.921021060086787, 4876530.745455962605774 ], [ -690614.239007399650291, 4876527.71289854682982 ], [ -690588.676280388608575, 4876539.719141947105527 ], [ -690560.614019486121833, 4876591.180976055562496 ], [ -689051.803554070880637, 4875823.294113199226558 ], [ -688951.939314220100641, 4876464.973359414376318 ], [ -688669.637705858564004, 4877974.277667022310197 ], [ -688661.360369640402496, 4877982.587681852281094 ], [ -688652.232976904604584, 4878025.365859345532954 ], [ -688466.899367098230869, 4879006.790348208509386 ], [ -688445.553239973261952, 4879037.603434515185654 ], [ -688400.657761919312179, 4879378.752041233703494 ], [ -688315.499919028254226, 4879852.659277965314686 ], [ -688370.603168033063412, 4879865.483358071185648 ], [ -688412.827294565038756, 4879882.785493917763233 ], [ -688478.705583834322169, 4879928.37817292753607 ], [ -688537.66701043676585, 4879957.691552949137986 ], [ -688559.493344469927251, 4879962.332171633839607 ], [ -688682.556519458070397, 4879962.437187084928155 ], [ -688791.25046204472892, 4879992.337451223284006 ], [ -688883.562215043231845, 4879999.75764964800328 ], [ -689022.344713021535426, 4880038.785987105220556 ], [ -689115.202610246138647, 4880098.223779414780438 ], [ -689182.053975741378963, 4880155.284736680798233 ], [ -689301.988087162841111, 4880219.552167814224958 ], [ -689401.759981784969568, 4880329.134433286264539 ], [ -689549.845054392702878, 4880434.542187442071736 ], [ -689645.152686410350725, 4880526.779374955222011 ], [ -689712.498904754873365, 4880559.857680554501712 ], [ -689752.475785677554086, 4880615.14182614069432 ], [ -689771.18376613385044, 4880738.862713578157127 ], [ -689785.242754691513255, 4880964.828520631417632 ], [ -689783.048447117442265, 4880998.293864947743714 ], [ -689604.798501262208447, 4881967.827343829907477 ], [ -689545.290181439602748, 4882182.885386472567916 ] ] ] } },
{ "type": "Feature", "properties": { "OBJECTID": 98, "Block_Groups_TOTPOP10": 1153, "Block_Groups_PopOver65": 51, "Block_Groups_Over65Density": 44232.437120555071, "Shape_Length": 17656.288040944903, "Shape_Area": 7915163.4182173377 }, "geometry": { "type": "Polygon", "coordinates": [ [ [ -669280.652749540284276, 4867080.127976738847792 ], [ -669569.158510709181428, 4867132.017096042633057 ], [ -669652.233103049686179, 4867127.713726288639009 ], [ -669712.558079490205273, 4867106.643840515054762 ], [ -669775.340027244994417, 4867067.189342693425715 ], [ -669820.692950219847262, 4867019.422016214579344 ], [ -669865.253620241768658, 4866945.928248500451446 ], [ -669903.06900694873184, 4866807.284654109738767 ], [ -670200.769640032900497, 4866858.544642887078226 ], [ -670856.060897967312485, 4866933.944824619218707 ], [ -671101.636213877471164, 4866955.058442063629627 ], [ -671203.588604301679879, 4866946.545059230178595 ], [ -671927.719512673327699, 4866766.877717227675021 ], [ -672019.501907382626086, 4866566.151612820103765 ], [ -672151.139025059062988, 4866271.520712457597256 ], [ -672112.6109318069648, 4866254.239824032410979 ], [ -671690.988402259070426, 4866163.915940243750811 ], [ -671291.476174519397318, 4865994.683475566096604 ], [ -670988.676599996397272, 4865747.535358684137464 ], [ -670946.989885441493243, 4865726.699284366331995 ], [ -670211.423814487876371, 4865604.197798615321517 ], [ -670116.026474621845409, 4865601.084541108459234 ], [ -670083.390261750435457, 4865580.32995982747525 ], [ -669930.33675314579159, 4865548.331977526657283 ], [ -669873.955483934143558, 4865512.141291303560138 ], [ -669735.79104391974397, 4865381.883157282136381 ], [ -669591.788293304620311, 4865263.40552771743387 ], [ -669474.268922484712675, 4865187.943060449324548 ], [ -669455.558665388263762, 4865169.622752889059484 ], [ -669442.999854355817661, 4865129.041366177611053 ], [ -669456.609572753310204, 4865038.076951192691922 ], [ -669536.325373554602265, 4864646.247814320959151 ], [ -668502.970127081498504, 4864459.215796421281993 ], [ -668240.719413127517328, 4864416.50656808167696 ], [ -668100.121431882260367, 4864438.668534602038562 ], [ -668197.079718232387677, 4864554.175791434943676 ], [ -668211.491742392769083, 4864575.506061295047402 ], [ -668231.552310024388134, 4864629.435089805163443 ], [ -668227.071123966015875, 4864694.13979025837034 ], [ -668190.366665402660146, 4864766.022143332287669 ], [ -668164.204882559133694, 4864799.096227271482348 ], [ -668041.263515756465495, 4864923.685480802319944 ], [ -667856.912905537523329, 4865066.922019158490002 ], [ -667624.394666923675686, 4865261.218812834471464 ], [ -667534.769674020586535, 4865363.759421180002391 ], [ -667498.091275335522369, 4865379.193065456114709 ], [ -667440.277311220997944, 4865372.88155166245997 ], [ -667391.478921767091379, 4865353.842175271362066 ], [ -667362.686616817954928, 4865306.680037399753928 ], [ -667218.903606851119548, 4865152.182542869821191 ], [ -667150.020158172352239, 4865118.357335712760687 ], [ -667123.502411815570667, 4865114.490735722705722 ], [ -667058.489489490399137, 4865123.48638582509011 ], [ -667035.897760387510061, 4865136.108413783833385 ], [ -667027.173692640149966, 4865160.176953875459731 ], [ -667004.921254376647994, 4865140.49670597538352 ], [ -666976.489324136869982, 4865130.276363004930317 ], [ -666901.910899523412809, 4865124.813236414454877 ], [ -666751.040828972822055, 4865132.405419637449086 ], [ -666685.393866042140871, 4865145.05640786793083 ], [ -666637.564996283035725, 4865163.82062538061291 ], [ -666538.257363954558969, 4865235.331517856568098 ], [ -666437.230750366812572, 4865381.796598708257079 ], [ -666413.638719134731218, 4865434.881487365812063 ], [ -666380.868469857377931, 4865562.37211119197309 ], [ -666371.868471586145461, 4865683.463863188400865 ], [ -666395.021794201107696, 4865806.389645986258984 ], [ -666418.788995248964056, 4865873.737086981534958 ], [ -666489.963509331224486, 4866002.765970528125763 ], [ -666530.70717277773656, 4866055.010086456313729 ], [ -666482.010444623185322, 4866295.593455408699811 ], [ -666498.298536705318838, 4866310.469403459690511 ], [ -666504.616353975143284, 4866334.895607955753803 ], [ -666519.595843518851325, 4866344.276519042439759 ], [ -666521.734112641075626, 4866353.678351428359747 ], [ -666530.783516045194119, 4866353.749568371102214 ], [ -666535.974507119506598, 4866345.624370072036982 ], [ -666559.427917530294508, 4866349.709423393011093 ], [ -666571.820926445303485, 4866343.591086621396244 ], [ -666574.043966123834252, 4866322.15725838765502 ], [ -666566.108999382704496, 4866320.022746872156858 ], [ -666547.967477893922478, 4866289.774774795398116 ], [ -666511.006324494723231, 4866293.871459827758372 ], [ -666498.861490619368851, 4866281.221967904828489 ], [ -666547.0864890483208, 4866056.357706531882286 ], [ -666608.158002622658387, 4866104.617989607155323 ], [ -666611.635026515927166, 4866115.005767940543592 ], [ -666602.052283892640844, 4866139.673218066804111 ], [ -666574.068158045178279, 4866300.340387907810509 ], [ -666583.565840481081977, 4866306.509432438760996 ], [ -666621.33296527620405, 4866146.041236069053411 ], [ -666635.313397921156138, 4866122.139830442145467 ], [ -666646.240923196077347, 4866115.765983685851097 ], [ -666786.148389475652948, 4866170.987813132815063 ], [ -666881.776957030873746, 4866172.597482995130122 ], [ -666990.715840924764052, 4866141.160434831865132 ], [ -667015.794050037395209, 4866140.262412814423442 ], [ -667036.31665435153991, 4866143.838164304383099 ], [ -667104.552170664304867, 4866181.312512362375855 ], [ -667136.898590568685904, 4866190.711403894238174 ], [ -667199.03668843023479, 4866189.499454634264112 ], [ -667240.998975397087634, 4866169.721976014785469 ], [ -667299.951280128676444, 4866169.46058580186218 ], [ -667293.245031769620255, 4866238.274700242094696 ], [ -667267.214226950891316, 4866378.969029190950096 ], [ -667294.047338970936835, 4866389.665594153106213 ], [ -667301.565520962001756, 4866381.193604200147092 ], [ -667323.813531327061355, 4866275.207238131202757 ], [ -667344.306081276386976, 4866157.625518153421581 ], [ -667336.849212133791298, 4866157.078387203626335 ], [ -667341.049546078545973, 4866132.977555694058537 ], [ -667410.580069344025105, 4866124.02522187680006 ], [ -667466.061400586040691, 4866130.685222298838198 ], [ -667594.186318621505052, 4866227.518098440952599 ], [ -667654.003000975586474, 4866243.96598219871521 ], [ -667688.482780578080565, 4866245.461887061595917 ], [ -667884.809750360669568, 4866224.00440978910774 ], [ -667786.155250480631366, 4866252.707680782303214 ], [ -667791.351138831116259, 4866261.891347001306713 ], [ -667786.003130712313578, 4866292.565027850680053 ], [ -667790.947428673040122, 4866320.517872729338706 ], [ -667787.444076422136277, 4866331.94740161113441 ], [ -667765.300469805952162, 4866350.662035158835351 ], [ -667752.557850993936881, 4866371.768263336271048 ], [ -667733.215606313431635, 4866374.416056321002543 ], [ -667646.153942879056558, 4866353.969800817780197 ], [ -667589.180792623665184, 4866368.87023227289319 ], [ -667563.469575838418677, 4866390.725679650902748 ], [ -667559.079145214287564, 4866424.575277778320014 ], [ -667561.821643824921921, 4866434.83575585950166 ], [ -667569.756619563093409, 4866436.971556344069541 ], [ -667577.626057926798239, 4866430.818538322113454 ], [ -667582.845954914810136, 4866400.875976400449872 ], [ -667643.194550829008222, 4866375.276574219577014 ], [ -667698.674298622412607, 4866381.939059332944453 ], [ -667745.520378875546157, 4866399.13675931096077 ], [ -667732.023106725187972, 4866476.549092514440417 ], [ -667765.251933806343004, 4866623.812245619483292 ], [ -667756.363597065908834, 4866635.807177221402526 ], [ -667659.563203864032403, 4866662.572880500927567 ], [ -667616.830935342703015, 4866652.112507276237011 ], [ -667593.501994477817789, 4866629.985747395083308 ], [ -667578.110882590757683, 4866627.302388821728528 ], [ -667571.101761686382815, 4866632.852684423327446 ], [ -667567.571104906033725, 4866666.09859286993742 ], [ -667605.90587555244565, 4866675.791954546235502 ], [ -667625.091857188846916, 4866695.691430134698749 ], [ -667639.526340036420152, 4866695.198327296413481 ], [ -667681.010084672365338, 4866673.837111098691821 ], [ -667773.15835500927642, 4866647.765503846108913 ], [ -667781.093012635130435, 4866649.901612993329763 ], [ -667797.313276216387749, 4866656.492428258061409 ], [ -667804.32535130600445, 4866668.249963497743011 ], [ -667749.880632351851091, 4866742.281697919592261 ], [ -667757.30579095846042, 4866747.338879198767245 ], [ -667802.228237249422818, 4866706.261029367335141 ], [ -667807.834156699012965, 4866691.436420995742083 ], [ -667828.290518110152334, 4866686.726280596107244 ], [ -667879.471776858670637, 4866731.018448582850397 ], [ -667935.179453800199553, 4866792.655138082802296 ], [ -667990.754533527418971, 4866820.407463913783431 ], [ -668031.159967421321198, 4866831.217208478599787 ], [ -668087.432348621776327, 4866828.992608509026468 ], [ -668173.781933111371472, 4866792.885294886305928 ], [ -668215.428487862227485, 4866783.595235734246671 ], [ -668230.086675292812288, 4866786.152251930907369 ], [ -668261.857889873441309, 4866807.497191061265767 ], [ -668307.874565011356026, 4866855.407561358064413 ], [ -668325.944781308295205, 4866894.680048341862857 ], [ -668362.622262427583337, 4866913.871483897790313 ], [ -668517.772769476752728, 4866937.932765679433942 ], [ -669280.652749540284276, 4867080.127976738847792 ] ] ] } },
{ "type": "Feature", "properties": { "OBJECTID": 99, "Block_Groups_TOTPOP10": 1301, "Block_Groups_PopOver65": 68, "Block_Groups_Over65Density": 52267.486548808607, "Shape_Length": 3690.2244069352964, "Shape_Area": 610633.57410850807 }, "geometry": { "type": "Polygon", "coordinates": [ [ [ -666231.335656450828537, 4873370.419076182879508 ], [ -667262.817957069491968, 4873564.042188904248178 ], [ -667310.341823578346521, 4873581.364979625679553 ], [ -667350.47923459415324, 4873606.418985306285322 ], [ -667385.681218579644337, 4873638.128897945396602 ], [ -667403.344549103407189, 4873662.264358868822455 ], [ -667501.274712368147448, 4873585.401123001240194 ], [ -667610.960381908109412, 4873471.497506529092789 ], [ -667692.595457683084533, 4873401.558611479587853 ], [ -667713.769309812225401, 4873379.696616933681071 ], [ -667696.880066790618002, 4873299.307978605851531 ], [ -667608.724693969590589, 4873138.802786665968597 ], [ -667548.003315946552902, 4873002.637737247161567 ], [ -667511.649865945102647, 4872739.904205995611846 ], [ -667297.88773057051003, 4872849.181970152072608 ], [ -666835.657416518544778, 4873072.206043728627264 ], [ -666612.466963155893609, 4873188.110638901591301 ], [ -666231.335656450828537, 4873370.419076182879508 ] ] ] } },
{ "type": "Feature", "properties": { "OBJECTID": 100, "Block_Groups_TOTPOP10": 1207, "Block_Groups_PopOver65": 93, "Block_Groups_Over65Density": 77050.538525269265, "Shape_Length": 6380.4696626532577, "Shape_Area": 825892.44553094439 }, "geometry": { "type": "Polygon", "coordinates": [ [ [ -666191.800378935411572, 4873363.519750909879804 ], [ -666231.335656450828537, 4873370.419076182879508 ], [ -666612.466963155893609, 4873188.110638901591301 ], [ -666835.657416518544778, 4873072.206043728627264 ], [ -667297.88773057051003, 4872849.181970152072608 ], [ -667511.649865945102647, 4872739.904205995611846 ], [ -667797.823626032099128, 4872604.930601414293051 ], [ -668498.740473984740674, 4872255.946336833760142 ], [ -668559.402901967987418, 4872232.710459228605032 ], [ -668255.731992702465504, 4872264.610152445733547 ], [ -667855.356548476498574, 4872184.881925114430487 ], [ -667517.658446834189817, 4871901.820787911303341 ], [ -667339.039866276085377, 4871775.134921858087182 ], [ -667282.423624972114339, 4871848.716863992623985 ], [ -667275.323083033086732, 4871850.485018790699542 ], [ -667272.679814444854856, 4871861.302650769241154 ], [ -667263.509732453851029, 4871861.957512128166854 ], [ -667217.529456154443324, 4871935.13944680057466 ], [ -667189.954948928905651, 4871963.410419660620391 ], [ -667045.404336215462536, 4871857.720786002464592 ], [ -667175.722294270992279, 4871971.452742333523929 ], [ -667180.91186508606188, 4871980.629874342121184 ], [ -667173.270004081306979, 4871989.822754924185574 ], [ -667123.852449614787474, 4872065.410536030307412 ], [ -667095.481393319321796, 4872137.152497699484229 ], [ -667087.361027393490076, 4872179.345172950997949 ], [ -667086.277365736896172, 4872211.487618233077228 ], [ -667092.898625592002645, 4872242.719379981048405 ], [ -667125.529065659502521, 4872328.116508036851883 ], [ -667128.646187398815528, 4872388.05968448985368 ], [ -667124.759410483995453, 4872436.25322663038969 ], [ -667115.907197418389842, 4872461.023316323757172 ], [ -667086.932404077146202, 4872514.6104197492823 ], [ -666980.558675552485511, 4872661.447179432958364 ], [ -666696.002988158259541, 4873003.469993059523404 ], [ -666663.97621799306944, 4873074.562061982229352 ], [ -666651.464136562310159, 4873133.272380304522812 ], [ -666640.831351813394576, 4873150.962567648850381 ], [ -666613.677241607569158, 4873155.243836125358939 ], [ -666436.01589305489324, 4873243.764293653890491 ], [ -666363.501406405586749, 4873287.489551484584808 ], [ -666262.433732793200761, 4873291.651653260923922 ], [ -666247.313760779099539, 4873304.799509445205331 ], [ -666221.976540334522724, 4873346.233801636844873 ], [ -666191.800378935411572, 4873363.519750909879804 ] ] ] } },
{ "type": "Feature", "properties": { "OBJECTID": 101, "Block_Groups_TOTPOP10": 1077, "Block_Groups_PopOver65": 125, "Block_Groups_Over65Density": 116063.13834726092, "Shape_Length": 5618.735636301446, "Shape_Area": 1494283.8060231931 }, "geometry": { "type": "Polygon", "coordinates": [ [ [ -665624.362670869799331, 4873251.743408700451255 ], [ -666097.004738384159282, 4873344.722666656598449 ], [ -666191.800378935411572, 4873363.519750909879804 ], [ -666221.976540334522724, 4873346.233801636844873 ], [ -666247.313760779099539, 4873304.799509445205331 ], [ -666262.433732793200761, 4873291.651653260923922 ], [ -666363.501406405586749, 4873287.489551484584808 ], [ -666436.01589305489324, 4873243.764293653890491 ], [ -666613.677241607569158, 4873155.243836125358939 ], [ -666640.831351813394576, 4873150.962567648850381 ], [ -666651.464136562310159, 4873133.272380304522812 ], [ -666663.97621799306944, 4873074.562061982229352 ], [ -666696.002988158259541, 4873003.469993059523404 ], [ -666980.558675552485511, 4872661.447179432958364 ], [ -667086.932404077146202, 4872514.6104197492823 ], [ -667115.907197418389842, 4872461.023316323757172 ], [ -667124.759410483995453, 4872436.25322663038969 ], [ -667128.646187398815528, 4872388.05968448985368 ], [ -667125.529065659502521, 4872328.116508036851883 ], [ -667092.898625592002645, 4872242.719379981048405 ], [ -667086.277365736896172, 4872211.487618233077228 ], [ -667087.361027393490076, 4872179.345172950997949 ], [ -667095.481393319321796, 4872137.152497699484229 ], [ -667123.852449614787474, 4872065.410536030307412 ], [ -667173.270004081306979, 4871989.822754924185574 ], [ -666635.768316339701414, 4871528.32132273260504 ], [ -666592.020300846081227, 4871545.502465249970555 ], [ -666555.021099314559251, 4871541.30321759916842 ], [ -666540.444922551047057, 4871633.503070495091379 ], [ -666456.704263054765761, 4871620.397692431695759 ], [ -666401.579688426107168, 4871884.473991358652711 ], [ -666405.59814094635658, 4871973.89744181279093 ], [ -666399.710741146933287, 4872011.968071550130844 ], [ -666316.228536253795028, 4872416.937481252476573 ], [ -666054.627984566614032, 4872381.073872946202755 ], [ -665765.392866018461064, 4872330.62789505161345 ], [ -665761.367055775830522, 4872453.221345311030746 ], [ -665743.147453469922766, 4872613.933481837622821 ], [ -665624.362670869799331, 4873251.743408700451255 ] ] ] } },
{ "type": "Feature", "properties": { "OBJECTID": 102, "Block_Groups_TOTPOP10": 1135, "Block_Groups_PopOver65": 146, "Block_Groups_Over65Density": 128634.36123348017, "Shape_Length": 5284.0395183430774, "Shape_Area": 1034950.1626073576 }, "geometry": { "type": "Polygon", "coordinates": [ [ [ -679367.391721534077078, 4874299.516285631805658 ], [ -679433.380077401874587, 4874302.133848545141518 ], [ -679639.044124516425654, 4874364.771139025688171 ], [ -679674.604711568681523, 4874026.430877254344523 ], [ -679753.737278624204919, 4873804.875777404755354 ], [ -679746.236977325519547, 4873796.026922126300633 ], [ -679932.492646122351289, 4873626.483488949947059 ], [ -679782.785472848918289, 4873456.326907699927688 ], [ -679763.510630826931447, 4873424.329017325304449 ], [ -679683.440370364347473, 4873231.848233019001782 ], [ -679536.198513250565156, 4872769.385138154029846 ], [ -679505.442748146364465, 4872776.752795828506351 ], [ -679404.961881311843172, 4872883.95150310639292 ], [ -679371.116949746152386, 4872908.83547523804009 ], [ -679343.252109738066792, 4872921.228514681570232 ], [ -679319.555866351351142, 4872918.553441713564098 ], [ -679270.334793416084722, 4872885.036757160909474 ], [ -679165.721599781420082, 4872865.831795920617878 ], [ -679150.646250293590128, 4872869.945745307952166 ], [ -679037.075080741895363, 4872854.430705001577735 ], [ -679033.71001422428526, 4872847.816949591971934 ], [ -678652.929704300826415, 4872797.229850367642939 ], [ -678524.145773976109922, 4872773.773971940390766 ], [ -678505.062376788118854, 4872774.925041849724948 ], [ -678532.520049214828759, 4872794.815516873262823 ], [ -678597.72938615293242, 4872887.582293945364654 ], [ -678657.809759919997305, 4872979.445081795565784 ], [ -678705.437007742468268, 4873069.112391731701791 ], [ -678720.243221947224811, 4873109.347752064466476 ], [ -678725.656439532758668, 4873147.174269519746304 ], [ -678721.537142512854189, 4873226.211309907026589 ], [ -678719.527461416320875, 4873246.17389817442745 ], [ -678688.092793341493234, 4873261.700216572731733 ], [ -678702.83948786300607, 4873280.85498571023345 ], [ -678720.237551158526912, 4873332.081169301643968 ], [ -678754.747218064032495, 4873397.611629480496049 ], [ -678771.304463892942294, 4873419.343133858405054 ], [ -678836.625237307045609, 4873442.902343750931323 ], [ -678854.686808635713533, 4873460.384654895402491 ], [ -678913.620322414441034, 4873528.718611910939217 ], [ -679063.965656677028164, 4873669.612342440523207 ], [ -679087.636125604622066, 4873702.381470767781138 ], [ -679111.941502259112895, 4873718.70854982919991 ], [ -679167.176703191362321, 4873803.698623093776405 ], [ -679203.528851628070697, 4873798.825596947222948 ], [ -679221.677089628530666, 4873820.086440907791257 ], [ -679320.809799248352647, 4874054.282265688292682 ], [ -679353.287335089873523, 4874195.450814917683601 ], [ -679371.426151868188754, 4874203.918904071673751 ], [ -679394.079908009618521, 4874199.640321461483836 ], [ -679444.80434173764661, 4874173.228543232195079 ], [ -679470.564423767384142, 4874177.022656491026282 ], [ -679494.263799277599901, 4874192.491959082894027 ], [ -679491.526240778388456, 4874225.115660299547017 ], [ -679467.720763450255617, 4874248.753712764941156 ], [ -679439.594797164900228, 4874249.808947499841452 ], [ -679418.004094953415915, 4874230.949835215695202 ], [ -679395.08517375215888, 4874223.895288133993745 ], [ -679370.74964379821904, 4874224.867302751168609 ], [ -679360.118617435917258, 4874238.039478617720306 ], [ -679367.391721534077078, 4874299.516285631805658 ] ] ] } },
{ "type": "Feature", "properties": { "OBJECTID": 103, "Block_Groups_TOTPOP10": 1469, "Block_Groups_PopOver65": 183, "Block_Groups_Over65Density": 124574.54050374405, "Shape_Length": 4951.0003985197191, "Shape_Area": 1045880.3819895609 }, "geometry": { "type": "Polygon", "coordinates": [ [ [ -678505.062376788118854, 4872774.925041849724948 ], [ -678524.145773976109922, 4872773.773971940390766 ], [ -678652.929704300826415, 4872797.229850367642939 ], [ -679033.71001422428526, 4872847.816949591971934 ], [ -679037.075080741895363, 4872854.430705001577735 ], [ -679150.646250293590128, 4872869.945745307952166 ], [ -679165.721599781420082, 4872865.831795920617878 ], [ -679270.334793416084722, 4872885.036757160909474 ], [ -679319.555866351351142, 4872918.553441713564098 ], [ -679343.252109738066792, 4872921.228514681570232 ], [ -679371.116949746152386, 4872908.83547523804009 ], [ -679404.961881311843172, 4872883.95150310639292 ], [ -679505.442748146364465, 4872776.752795828506351 ], [ -679536.198513250565156, 4872769.385138154029846 ], [ -679523.84976810705848, 4872728.072574053891003 ], [ -679517.915900726336986, 4872680.365821118466556 ], [ -679403.244772389065474, 4872512.630091208033264 ], [ -679226.586727468762547, 4872190.968192387372255 ], [ -679174.786636841949075, 4872116.355978692881763 ], [ -679088.327760402811691, 4872019.827864093706012 ], [ -679038.920088513055816, 4871978.753808349370956 ], [ -678953.091705125989392, 4871921.475015934556723 ], [ -678900.50535842217505, 4871894.141660903580487 ], [ -678793.144351267721504, 4871851.885092073120177 ], [ -678719.323162079788744, 4871833.604845910333097 ], [ -678612.200620249379426, 4871819.992995106615126 ], [ -678545.805273520993069, 4871819.580942876636982 ], [ -678489.022840048884973, 4871824.626498416997492 ], [ -678328.289932086365297, 4871845.222603783942759 ], [ -678193.148174688918516, 4871862.051704085431993 ], [ -678079.308826597873122, 4872426.728108365088701 ], [ -677964.090242435224354, 4872403.418148440308869 ], [ -677877.847624662099406, 4872408.54248206410557 ], [ -677862.278258871287107, 4872484.060527693480253 ], [ -677942.788700183853507, 4872477.174077206291258 ], [ -678157.801857326645404, 4872525.59362539742142 ], [ -678247.146734602749348, 4872571.438619399443269 ], [ -678308.885564550524577, 4872628.222639791667461 ], [ -678411.137332916958258, 4872707.950734940357506 ], [ -678493.507412627339363, 4872656.247954216785729 ], [ -678560.220595246180892, 4872633.391518519259989 ], [ -678570.54393608844839, 4872613.38786418363452 ], [ -678624.52811175910756, 4872564.206432657316327 ], [ -678602.911753054475412, 4872631.134190881624818 ], [ -678599.537284828722477, 4872667.413289587944746 ], [ -678582.107033502776176, 4872689.174064575694501 ], [ -678503.317833163775504, 4872694.850814797915518 ], [ -678456.51065573352389, 4872720.463394610211253 ], [ -678445.751975493505597, 4872734.369878613390028 ], [ -678461.233256520470604, 4872753.653983850032091 ], [ -678505.062376788118854, 4872774.925041849724948 ] ] ] } },
{ "type": "Feature", "properties": { "OBJECTID": 104, "Block_Groups_TOTPOP10": 909, "Block_Groups_PopOver65": 147, "Block_Groups_Over65Density": 161716.17161716172, "Shape_Length": 4503.451356534908, "Shape_Area": 800043.58374599146 }, "geometry": { "type": "Polygon", "coordinates": [ [ [ -679378.697985391132534, 4872039.422052719630301 ], [ -679411.819183600367978, 4872082.895261489786208 ], [ -679805.973161513218656, 4872147.908968196250498 ], [ -679951.981374984839931, 4871337.423109900206327 ], [ -680066.878241299651563, 4871358.445805968716741 ], [ -680198.342982454225421, 4871277.008076448924839 ], [ -680177.208123977994546, 4871246.932396593503654 ], [ -680147.344532613176852, 4871180.689583014696836 ], [ -680140.813976591220126, 4871144.91001052595675 ], [ -680145.997610103106126, 4871098.399871012195945 ], [ -680176.307712144451216, 4870990.830121162347496 ], [ -680197.956955152796581, 4870949.482144892215729 ], [ -680309.123253874946386, 4870854.669400805607438 ], [ -680317.690019779605791, 4870840.371861690655351 ], [ -680363.426740960683674, 4870593.986687845550478 ], [ -679821.418351593660191, 4870501.395367781631649 ], [ -679705.517228539800271, 4870481.710799844935536 ], [ -679562.608823269838467, 4871279.284268958494067 ], [ -679509.842809659894556, 4871424.285320667549968 ], [ -679410.121517966967076, 4871998.300356170162559 ], [ -679400.527647676644847, 4872018.434913862496614 ], [ -679378.697985391132534, 4872039.422052719630301 ] ] ] } },
{ "type": "Feature", "properties": { "OBJECTID": 105, "Block_Groups_TOTPOP10": 1240, "Block_Groups_PopOver65": 253, "Block_Groups_Over65Density": 204032.25806451612, "Shape_Length": 4576.2581025866284, "Shape_Area": 1068434.3433127759 }, "geometry": { "type": "Polygon", "coordinates": [ [ [ -678900.50535842217505, 4871894.141660903580487 ], [ -678958.318238421343267, 4871883.260000341571867 ], [ -679280.785496234660968, 4871952.159334841184318 ], [ -679320.828446612227708, 4871973.521067942492664 ], [ -679378.697985391132534, 4872039.422052719630301 ], [ -679400.527647676644847, 4872018.434913862496614 ], [ -679410.121517966967076, 4871998.300356170162559 ], [ -679509.842809659894556, 4871424.285320667549968 ], [ -679562.608823269838467, 4871279.284268958494067 ], [ -679705.517228539800271, 4870481.710799844935536 ], [ -679188.294558054534718, 4870394.295978860929608 ], [ -679183.303579366765916, 4870559.78059926442802 ], [ -679169.166943329386413, 4870609.982747416011989 ], [ -679148.386021738639101, 4870650.733044859021902 ], [ -679053.162601168965921, 4870770.950682557187974 ], [ -679019.233622969361022, 4870804.866115066222847 ], [ -678971.562767894472927, 4870843.886786403134465 ], [ -678833.660284965066239, 4870936.255989993922412 ], [ -678801.970403363695368, 4870966.048966418020427 ], [ -678769.223515164805576, 4871018.989310091361403 ], [ -678745.323769089067355, 4871137.467004974372685 ], [ -678673.450267066480592, 4871541.025387329980731 ], [ -678644.804558164905757, 4871600.704178653657436 ], [ -678565.615346029633656, 4871707.169307853095233 ], [ -678553.233522534370422, 4871738.855206565000117 ], [ -678545.805273520993069, 4871819.580942876636982 ], [ -678612.200620249379426, 4871819.992995106615126 ], [ -678719.323162079788744, 4871833.604845910333097 ], [ -678793.144351267721504, 4871851.885092073120177 ], [ -678900.50535842217505, 4871894.141660903580487 ] ] ] } },
{ "type": "Feature", "properties": { "OBJECTID": 106, "Block_Groups_TOTPOP10": 1185, "Block_Groups_PopOver65": 228, "Block_Groups_Over65Density": 192405.06329113923, "Shape_Length": 5026.8951896408198, "Shape_Area": 1338835.2861655743 }, "geometry": { "type": "Polygon", "coordinates": [ [ [ -679805.973161513218656, 4872147.908968196250498 ], [ -680483.240472102304921, 4872265.178821487352252 ], [ -681100.099625053117052, 4872382.38746152818203 ], [ -681155.398454172536731, 4872420.005503479391336 ], [ -681223.605807237559929, 4872517.109791634604335 ], [ -681254.600256508216262, 4872551.187859476543963 ], [ -681282.829049735795707, 4872566.712746389210224 ], [ -681348.845277863554657, 4872582.139774087816477 ], [ -681449.416625225218013, 4872068.482361050322652 ], [ -681522.244980402290821, 4871673.342836397700012 ], [ -681231.64365000766702, 4871620.507001329213381 ], [ -681231.83598270220682, 4871572.362364367581904 ], [ -681215.359458480961621, 4871541.599130850285292 ], [ -681190.700940635986626, 4871522.941292732022703 ], [ -681120.102019195212051, 4871499.182040326297283 ], [ -680292.590211774222553, 4871350.847847279161215 ], [ -680250.692109361523762, 4871331.410515885800123 ], [ -680198.342982454225421, 4871277.008076448924839 ], [ -680066.878241299651563, 4871358.445805968716741 ], [ -679951.981374984839931, 4871337.423109900206327 ], [ -679805.973161513218656, 4872147.908968196250498 ] ] ] } },
{ "type": "Feature", "properties": { "OBJECTID": 107, "Block_Groups_TOTPOP10": 1831, "Block_Groups_PopOver65": 286, "Block_Groups_Over65Density": 156198.79847078098, "Shape_Length": 4356.0572484781987, "Shape_Area": 1059253.9415409409 }, "geometry": { "type": "Polygon", "coordinates": [ [ [ -680198.342982454225421, 4871277.008076448924839 ], [ -680250.692109361523762, 4871331.410515885800123 ], [ -680292.590211774222553, 4871350.847847279161215 ], [ -681120.102019195212051, 4871499.182040326297283 ], [ -681190.700940635986626, 4871522.941292732022703 ], [ -681215.359458480961621, 4871541.599130850285292 ], [ -681231.83598270220682, 4871572.362364367581904 ], [ -681231.64365000766702, 4871620.507001329213381 ], [ -681522.244980402290821, 4871673.342836397700012 ], [ -681573.712430940009654, 4871407.657482556067407 ], [ -681690.540706778410822, 4870814.712046450003982 ], [ -680831.904462814098224, 4870675.150697660632432 ], [ -680363.426740960683674, 4870593.986687845550478 ], [ -680317.690019779605791, 4870840.371861690655351 ], [ -680309.123253874946386, 4870854.669400805607438 ], [ -680197.956955152796581, 4870949.482144892215729 ], [ -680176.307712144451216, 4870990.830121162347496 ], [ -680145.997610103106126, 4871098.399871012195945 ], [ -680140.813976591220126, 4871144.91001052595675 ], [ -680147.344532613176852, 4871180.689583014696836 ], [ -680177.208123977994546, 4871246.932396593503654 ], [ -680198.342982454225421, 4871277.008076448924839 ] ] ] } },
{ "type": "Feature", "properties": { "OBJECTID": 108, "Block_Groups_TOTPOP10": 1525, "Block_Groups_PopOver65": 228, "Block_Groups_Over65Density": 149508.19672131148, "Shape_Length": 4411.6347503544703, "Shape_Area": 829140.5542339941 }, "geometry": { "type": "Polygon", "coordinates": [ [ [ -681348.845277863554657, 4872582.139774087816477 ], [ -681406.112313101766631, 4872591.505473149009049 ], [ -681443.812358448514715, 4872587.62897253036499 ], [ -681478.922933001769707, 4872572.757207560352981 ], [ -681582.136094611836597, 4872505.938875678926706 ], [ -681638.099879101617262, 4872484.214133647270501 ], [ -681699.887859377777204, 4872480.831684879027307 ], [ -681793.567719347774982, 4872493.624563071876764 ], [ -681806.94782379316166, 4872435.017632025294006 ], [ -681839.379348317859694, 4872392.573959523811936 ], [ -682029.589441925054416, 4872295.214727247133851 ], [ -682070.943075445480645, 4872253.594557066448033 ], [ -682087.518026787322015, 4872206.841097392141819 ], [ -682118.565698663704097, 4872009.828498880378902 ], [ -682108.038141690893099, 4871971.080306572839618 ], [ -682022.741730087669566, 4871803.936524529010057 ], [ -682011.908863202435896, 4871758.358532447367907 ], [ -682044.785137969534844, 4871508.205302381888032 ], [ -682042.300527799874544, 4871432.481209346093237 ], [ -682023.732918696012348, 4871336.598368154838681 ], [ -682023.24349836143665, 4871296.610145903192461 ], [ -682102.383015106199309, 4870882.953299053944647 ], [ -681897.560909203719348, 4870849.023505305871367 ], [ -681690.540706778410822, 4870814.712046450003982 ], [ -681573.712430940009654, 4871407.657482556067407 ], [ -681522.244980402290821, 4871673.342836397700012 ], [ -681449.416625225218013, 4872068.482361050322652 ], [ -681348.845277863554657, 4872582.139774087816477 ] ] ] } },
{ "type": "Feature", "properties": { "OBJECTID": 109, "Block_Groups_TOTPOP10": 2414, "Block_Groups_PopOver65": 412, "Block_Groups_Over65Density": 170671.08533554268, "Shape_Length": 7449.817950051618, "Shape_Area": 2334310.3502136613 }, "geometry": { "type": "Polygon", "coordinates": [ [ [ -679517.915900726336986, 4872680.365821118466556 ], [ -680099.0834476868622, 4873401.538516264408827 ], [ -680225.29614639794454, 4873546.486667962744832 ], [ -681012.211073881248012, 4874264.939024051651359 ], [ -681011.335623966995627, 4874227.158535462804139 ], [ -680975.545750608900562, 4874130.531351229175925 ], [ -680970.441104411613196, 4874073.942272602580488 ], [ -680986.017696413211524, 4874028.532715756446123 ], [ -681070.02696911804378, 4873933.507056954316795 ], [ -681093.356489335885271, 4873882.693452102132142 ], [ -681137.987106337444857, 4873655.778940686956048 ], [ -681272.308389169396833, 4872968.288842145353556 ], [ -681348.845277863554657, 4872582.139774087816477 ], [ -681282.829049735795707, 4872566.712746389210224 ], [ -681254.600256508216262, 4872551.187859476543963 ], [ -681223.605807237559929, 4872517.109791634604335 ], [ -681155.398454172536731, 4872420.005503479391336 ], [ -681100.099625053117052, 4872382.38746152818203 ], [ -680483.240472102304921, 4872265.178821487352252 ], [ -679805.973161513218656, 4872147.908968196250498 ], [ -679411.819183600367978, 4872082.895261489786208 ], [ -679378.697985391132534, 4872039.422052719630301 ], [ -679320.828446612227708, 4871973.521067942492664 ], [ -679280.785496234660968, 4871952.159334841184318 ], [ -678958.318238421343267, 4871883.260000341571867 ], [ -678900.50535842217505, 4871894.141660903580487 ], [ -678953.091705125989392, 4871921.475015934556723 ], [ -679038.920088513055816, 4871978.753808349370956 ], [ -679088.327760402811691, 4872019.827864093706012 ], [ -679174.786636841949075, 4872116.355978692881763 ], [ -679226.586727468762547, 4872190.968192387372255 ], [ -679403.244772389065474, 4872512.630091208033264 ], [ -679517.915900726336986, 4872680.365821118466556 ] ] ] } },
{ "type": "Feature", "properties": { "OBJECTID": 110, "Block_Groups_TOTPOP10": 728, "Block_Groups_PopOver65": 104, "Block_Groups_Over65Density": 142857.14285714287, "Shape_Length": 4306.3660881502028, "Shape_Area": 783478.14172208146 }, "geometry": { "type": "Polygon", "coordinates": [ [ [ -665715.808982775080949, 4869467.590049003250897 ], [ -666199.439758415566757, 4869620.310381145216525 ], [ -666224.15760530740954, 4869634.396117448806763 ], [ -666706.293595184572041, 4870371.268001221120358 ], [ -666723.97092979028821, 4870395.40892491210252 ], [ -666731.199684629682451, 4870392.909537306055427 ], [ -666751.640703017357737, 4870353.607550287619233 ], [ -666940.974697409663349, 4870073.01567146088928 ], [ -666966.03390555572696, 4870020.227125393226743 ], [ -667115.135286748642102, 4869234.664695669896901 ], [ -667006.454172262456268, 4869217.21414088178426 ], [ -666966.607349047902972, 4869216.282501084730029 ], [ -666935.616727240849286, 4869225.169466714374721 ], [ -666868.001227270113304, 4869262.269923382438719 ], [ -666823.091711532790214, 4869268.729912683367729 ], [ -666485.300582768395543, 4869218.862038414925337 ], [ -666452.780847731279209, 4869219.210383902303874 ], [ -666421.760844273027033, 4869232.606945249252021 ], [ -666364.980715528596193, 4869276.864233772270381 ], [ -666343.84367637289688, 4869328.838382620364428 ], [ -666183.40750378719531, 4869300.87478316668421 ], [ -665737.650352398166433, 4869238.244117957539856 ], [ -665724.446080701658502, 4869383.356182244606316 ], [ -665715.808982775080949, 4869467.590049003250897 ] ] ] } },
{ "type": "Feature", "properties": { "OBJECTID": 111, "Block_Groups_TOTPOP10": 1155, "Block_Groups_PopOver65": 253, "Block_Groups_Over65Density": 219047.61904761905, "Shape_Length": 5047.9912441010856, "Shape_Area": 1560869.2253298936 }, "geometry": { "type": "Polygon", "coordinates": [ [ [ -666056.572662821738049, 4866622.546132805757225 ], [ -666013.66696682269685, 4866968.689768536016345 ], [ -666000.088262657402083, 4867536.587134988978505 ], [ -665968.461716485442594, 4867822.21166445594281 ], [ -666575.169737897114828, 4867910.609118606895208 ], [ -667303.294596510473639, 4868017.224743350408971 ], [ -667321.455848233774304, 4867830.80334070045501 ], [ -667343.528930994682014, 4867608.945315431803465 ], [ -667384.106708765262738, 4867185.653349488973618 ], [ -667419.371153038693592, 4866823.110204716213048 ], [ -666683.286575303878635, 4866752.767324930988252 ], [ -666441.400749229593202, 4866697.840147889219224 ], [ -666056.572662821738049, 4866622.546132805757225 ] ] ] } },
{ "type": "Feature", "properties": { "OBJECTID": 112, "Block_Groups_TOTPOP10": 1768, "Block_Groups_PopOver65": 296, "Block_Groups_Over65Density": 167420.81447963801, "Shape_Length": 4284.3817964560112, "Shape_Area": 1087921.9198452819 }, "geometry": { "type": "Polygon", "coordinates": [ [ [ -664331.131241783499718, 4872941.372436271049082 ], [ -664471.55532533256337, 4873005.67594503518194 ], [ -664693.560198288178071, 4873073.676447981037199 ], [ -665624.362670869799331, 4873251.743408700451255 ], [ -665743.147453469922766, 4872613.933481837622821 ], [ -665761.367055775830522, 4872453.221345311030746 ], [ -665765.392866018461064, 4872330.62789505161345 ], [ -665571.032502130139619, 4872307.261802094057202 ], [ -665406.887179962359369, 4872296.686573122628033 ], [ -665039.308676581131294, 4872249.906280395574868 ], [ -664795.413515804102644, 4872216.426365028135478 ], [ -664544.70525958831422, 4872178.761708906851709 ], [ -664447.620460177073255, 4872697.075479838997126 ], [ -664438.077227609697729, 4872717.212017275393009 ], [ -664412.395852118730545, 4872739.047135236673057 ], [ -664388.270203416002914, 4872747.622840693220496 ], [ -664334.156294000567868, 4872746.464402437210083 ], [ -664331.131241783499718, 4872941.372436271049082 ] ] ] } },
{ "type": "Feature", "properties": { "OBJECTID": 113, "Block_Groups_TOTPOP10": 2259, "Block_Groups_PopOver65": 131, "Block_Groups_Over65Density": 57990.261177512177, "Shape_Length": 11084.458049625042, "Shape_Area": 7474582.2552532237 }, "geometry": { "type": "Polygon", "coordinates": [ [ [ -663640.864645041292533, 4865933.806245516985655 ], [ -663268.314362791366875, 4867699.976698042824864 ], [ -663254.286423842888325, 4867811.108359110541642 ], [ -663244.270679083885625, 4867964.300599851645529 ], [ -663244.968438196228817, 4868047.151620922610164 ], [ -663301.607749357819557, 4869115.108181123621762 ], [ -663434.712721468880773, 4869096.138786444440484 ], [ -663490.415591351687908, 4869101.312165442854166 ], [ -664211.969772226409987, 4869209.519738377071917 ], [ -664995.893254267284647, 4869332.426195487380028 ], [ -665396.081217134138569, 4869370.529102060943842 ], [ -665461.981443365570158, 4869386.519952083006501 ], [ -665715.808982775080949, 4869467.590049003250897 ], [ -665724.446080701658502, 4869383.356182244606316 ], [ -665737.650352398166433, 4869238.244117957539856 ], [ -665771.637772656744346, 4868947.826703841798007 ], [ -665900.815251982072368, 4868227.924555383622646 ], [ -665922.015827571740374, 4868093.207173117436469 ], [ -665968.461716485442594, 4867822.21166445594281 ], [ -666000.088262657402083, 4867536.587134988978505 ], [ -666013.66696682269685, 4866968.689768536016345 ], [ -666056.572662821738049, 4866622.546132805757225 ], [ -666053.149920691736042, 4866512.100510650314391 ], [ -666041.01332107023336, 4866443.023438980802894 ], [ -666018.136893833754584, 4866370.571369588375092 ], [ -665505.210533924866468, 4866432.520553156733513 ], [ -665440.979293928714469, 4866437.142632770352066 ], [ -665334.240958242909983, 4866434.368739248253405 ], [ -665198.373788403812796, 4866416.747651879675686 ], [ -664573.5543443930801, 4866275.719821197912097 ], [ -664253.369435768108815, 4866206.510960809886456 ], [ -664137.053355361800641, 4866171.998307777568698 ], [ -664045.388767707860097, 4866125.973546841181815 ], [ -663872.742366807069629, 4866007.196595462970436 ], [ -663792.871327095199376, 4865971.50083632580936 ], [ -663640.864645041292533, 4865933.806245516985655 ] ] ] } },
{ "type": "Feature", "properties": { "OBJECTID": 114, "Block_Groups_TOTPOP10": 1187, "Block_Groups_PopOver65": 140, "Block_Groups_Over65Density": 117944.39764111205, "Shape_Length": 27107.838581582535, "Shape_Area": 27844216.712698232 }, "geometry": { "type": "Polygon", "coordinates": [ [ [ -666438.086382401175797, 4864105.539340702816844 ], [ -666470.222076090751216, 4864185.645423481240869 ], [ -666566.859921070747077, 4864316.11627509072423 ], [ -666575.26216850313358, 4864358.974381453357637 ], [ -666586.012790926964954, 4864379.661903247237206 ], [ -666789.462785629788414, 4864616.788237134926021 ], [ -666852.993879078188911, 4864720.423794656991959 ], [ -666946.803862533764914, 4864832.342978127300739 ], [ -667256.569465377833694, 4865135.413502940908074 ], [ -667296.329017811687663, 4865189.001872045919299 ], [ -667295.316228728508577, 4865212.156184718944132 ], [ -667378.233493325766176, 4865286.810980916954577 ], [ -667427.871834632474929, 4865344.378959338180721 ], [ -667440.277311220997944, 4865372.88155166245997 ], [ -667498.091275335522369, 4865379.193065456114709 ], [ -667534.769674020586535, 4865363.759421180002391 ], [ -667624.394666923675686, 4865261.218812834471464 ], [ -667856.912905537523329, 4865066.922019158490002 ], [ -668041.263515756465495, 4864923.685480802319944 ], [ -668164.204882559133694, 4864799.096227271482348 ], [ -668190.366665402660146, 4864766.022143332287669 ], [ -668227.071123966015875, 4864694.13979025837034 ], [ -668231.552310024388134, 4864629.435089805163443 ], [ -668211.491742392769083, 4864575.506061295047402 ], [ -668197.079718232387677, 4864554.175791434943676 ], [ -668100.121431882260367, 4864438.668534602038562 ], [ -668240.719413127517328, 4864416.50656808167696 ], [ -668502.970127081498504, 4864459.215796421281993 ], [ -669536.325373554602265, 4864646.247814320959151 ], [ -669456.609572753310204, 4865038.076951192691922 ], [ -669442.999854355817661, 4865129.041366177611053 ], [ -669455.558665388263762, 4865169.622752889059484 ], [ -669474.268922484712675, 4865187.943060449324548 ], [ -669591.788293304620311, 4865263.40552771743387 ], [ -669755.370960601139814, 4865174.534747350029647 ], [ -669791.008708898210898, 4865134.838578393682837 ], [ -669821.452407708158717, 4865068.641429433599114 ], [ -669884.378400329500437, 4864993.811786393634975 ], [ -670103.830337484832853, 4864758.11119703296572 ], [ -670127.005675225518644, 4864750.865651538595557 ], [ -670552.627650253474712, 4864822.939596176147461 ], [ -670640.448168288683519, 4864843.550268920138478 ], [ -671050.451452087843791, 4864909.917350901290774 ], [ -671076.273077729856595, 4864909.159872645512223 ], [ -671117.425550487823784, 4864920.115979623049498 ], [ -671158.384578760946169, 4864940.825717115774751 ], [ -671167.11678302846849, 4864951.386084836907685 ], [ -671186.867369351210073, 4865011.301931829191744 ], [ -671205.320089735323563, 4865031.089834774844348 ], [ -671572.616321596782655, 4865263.937338984571397 ], [ -671622.148054192075506, 4865283.138047439046204 ], [ -671782.42905198642984, 4865282.558011746034026 ], [ -672207.789228456327692, 4865256.826924937777221 ], [ -672372.36144141247496, 4865223.129397883079946 ], [ -672450.757242315681651, 4865211.247675570659339 ], [ -672498.097294965060428, 4865212.755125606432557 ], [ -672515.30983176198788, 4865218.025760068558156 ], [ -672594.499820580007508, 4865214.566322571597993 ], [ -672572.636236344231293, 4864981.099079804494977 ], [ -672572.63004230032675, 4864769.520767332054675 ], [ -672591.786857618717477, 4864547.735767400823534 ], [ -672640.098694765474647, 4864288.876185675151646 ], [ -672689.876636748202145, 4864112.342895503155887 ], [ -672917.061414875322953, 4863401.279461754485965 ], [ -673350.38508781674318, 4862216.261543771252036 ], [ -673446.444950329372659, 4861909.160126402974129 ], [ -673505.620682595996186, 4861640.036600553430617 ], [ -673958.793138817185536, 4859195.984551409259439 ], [ -673859.897924443241209, 4859121.419498228468001 ], [ -673802.372045641066507, 4859100.057751136831939 ], [ -673694.5779910357669, 4859119.644914272241294 ], [ -673483.965538985328749, 4859182.299110204912722 ], [ -673413.255505315260962, 4859188.778620902448893 ], [ -673272.895802565617487, 4859174.043498628772795 ], [ -673152.580055386759341, 4859131.16497837100178 ], [ -672768.550869151251391, 4859061.05543371476233 ], [ -672664.747537466464564, 4859581.675227386876941 ], [ -672644.551857626531273, 4859580.407487685792148 ], [ -672611.373311741743237, 4859562.555953302420676 ], [ -672576.661966894054785, 4859553.47841792460531 ], [ -672551.264704219531268, 4859560.344073837623 ], [ -672541.883249618811533, 4859570.76074525155127 ], [ -672536.391331609804183, 4859602.200450913980603 ], [ -672469.798049705801532, 4859667.420763471163809 ], [ -672461.501278623472899, 4859680.287071609869599 ], [ -672452.238767982693389, 4859759.288007942028344 ], [ -672436.961714055156335, 4859959.292557750828564 ], [ -672355.394945728825405, 4860131.889955984428525 ], [ -672288.744431021623313, 4860188.806467801332474 ], [ -672258.337081480072811, 4860228.698303990066051 ], [ -672248.736005631973967, 4860218.734011942520738 ], [ -672228.698353313840926, 4860246.876102502457798 ], [ -672198.516712436452508, 4860272.492803990840912 ], [ -672186.645337879192084, 4860305.827840499579906 ], [ -672138.091060360195115, 4860315.428109374828637 ], [ -672102.105313026579097, 4860330.990448358468711 ], [ -672058.496826618444175, 4860333.921248994767666 ], [ -671941.137175295036286, 4860308.905238389968872 ], [ -671929.367186063667759, 4860294.042643196880817 ], [ -671924.584924664814025, 4860260.81304444745183 ], [ -671852.490986647317186, 4860240.690361109562218 ], [ -671764.574966594344005, 4860207.258860285393894 ], [ -671380.558966394281015, 4860163.574318550527096 ], [ -671327.892024027183652, 4860218.415386174805462 ], [ -671310.123899624682963, 4860220.587467286735773 ], [ -671293.28066849289462, 4860213.127776425331831 ], [ -671280.64822296006605, 4860198.869743542745709 ], [ -671260.359856415074319, 4860193.822243965230882 ], [ -671255.5746552743949, 4860177.920486582443118 ], [ -671224.184910561190918, 4860167.16897697839886 ], [ -671164.752544297138229, 4860070.16392704565078 ], [ -671139.327168680960312, 4860046.893639248795807 ], [ -671084.045921444892883, 4860090.733896626159549 ], [ -671069.054082448361441, 4860115.99099768511951 ], [ -671053.455333948833868, 4860123.062323042191565 ], [ -671051.797841122141108, 4860149.892723679542542 ], [ -671024.780146629316732, 4860179.077747537754476 ], [ -671020.633961213985458, 4860194.173913728445768 ], [ -671035.149287353269756, 4860219.306149584241211 ], [ -671029.504037073813379, 4860238.660554213449359 ], [ -671019.264831070089713, 4860249.680103095248342 ], [ -670973.554516918025911, 4860273.342963703908026 ], [ -670968.133657671511173, 4860313.075455233454704 ], [ -670929.061393048614264, 4860385.353828619234264 ], [ -670936.303836492821574, 4860417.502435106784105 ], [ -670925.90580841107294, 4860433.767006675712764 ], [ -670907.500788554083556, 4860439.594876349903643 ], [ -670875.123710279352963, 4860430.17910993937403 ], [ -670846.416895991424099, 4860456.05489344522357 ], [ -670775.286941731581464, 4860491.100728469900787 ], [ -670778.222632535966113, 4860508.938156989403069 ], [ -670770.313923817593604, 4860536.935779044404626 ], [ -670748.020000935299322, 4860573.722366406582296 ], [ -670695.264399905223399, 4860607.453787011094391 ], [ -670644.581442431081086, 4860624.975376893766224 ], [ -670645.316442601382732, 4860642.428323872387409 ], [ -670635.844932043692097, 4860666.386346922256052 ], [ -670608.829444765113294, 4860678.244633855298162 ], [ -670568.19163489411585, 4860659.856486927717924 ], [ -670512.311292324448004, 4860685.510549813508987 ], [ -670455.381670250557363, 4860738.851238165050745 ], [ -670412.52083176211454, 4860811.216448590159416 ], [ -670393.069632874801755, 4860862.054940656758845 ], [ -670385.258522449061275, 4860893.833740011788905 ], [ -670388.737758154049516, 4860921.556113913655281 ], [ -670376.84461548901163, 4860959.401289821602404 ], [ -670339.941306228982285, 4860949.951221010647714 ], [ -670317.039118288084865, 4860933.905066072940826 ], [ -670293.150091951945797, 4860936.516946843825281 ], [ -670284.57246489985846, 4860955.357139656320214 ], [ -670144.687361373566091, 4860756.216604589484632 ], [ -670086.979048785055056, 4860692.675041441805661 ], [ -670024.298558279871941, 4860657.642212924547493 ], [ -669962.220784933539107, 4860606.144454933702946 ], [ -669912.331053522415459, 4860580.122085648588836 ], [ -669827.936286601005122, 4860587.251318853348494 ], [ -669779.971801728010178, 4860619.562296367250383 ], [ -669745.557106850435957, 4860621.847942406311631 ], [ -669702.273510687053204, 4860614.302517688833177 ], [ -669646.460425267927349, 4860630.93500623293221 ], [ -669606.177200300386176, 4860632.198219780810177 ], [ -669511.935302818892524, 4860665.481764230877161 ], [ -669457.968838322907686, 4860662.854362066835165 ], [ -669324.482693600002676, 4860635.07148199249059 ], [ -669146.546667176764458, 4860645.489202465862036 ], [ -669089.427479507401586, 4860656.625338294543326 ], [ -668960.446309800026938, 4860650.72280581202358 ], [ -668884.575612625805661, 4860665.371701680123806 ], [ -668831.28921575169079, 4860689.227291901595891 ], [ -668777.208910838700831, 4860721.982279667630792 ], [ -668719.254838670836762, 4860803.015430427156389 ], [ -668697.459127657115459, 4860858.715156389400363 ], [ -668678.573483590735123, 4860936.761242801323533 ], [ -668657.572530122706667, 4860983.560925959609449 ], [ -668632.703182937810197, 4861095.958322526887059 ], [ -668615.879630637355149, 4861140.472089866176248 ], [ -668581.797101425239816, 4861166.917621522210538 ], [ -668531.704399412730709, 4861189.821242086589336 ], [ -668271.719532959861681, 4861155.084282570518553 ], [ -668213.747382740490139, 4861166.827723652124405 ], [ -668132.450928428443149, 4861225.717362256720662 ], [ -668045.234992575133219, 4861309.931985337287188 ], [ -667991.036941105732694, 4861343.417909475043416 ], [ -667936.128806285792962, 4861354.942459248937666 ], [ -667859.470516530331224, 4861361.174753305502236 ], [ -667831.507788009010255, 4861369.860918722115457 ], [ -667776.548463749466464, 4861407.732671150006354 ], [ -667719.951316955732182, 4861489.746130852028728 ], [ -667671.132347160018981, 4861635.609752506017685 ], [ -667614.694634382380173, 4861712.376797164790332 ], [ -667547.757318494375795, 4861766.985398736782372 ], [ -667512.559838524088264, 4861778.176500503905118 ], [ -667442.806652453960851, 4861740.434770809486508 ], [ -667415.593185260891914, 4861710.097844569943845 ], [ -667387.55680588632822, 4861693.170873310416937 ], [ -667357.230930354213342, 4861689.398817640729249 ], [ -667269.106813483638689, 4861709.450922760181129 ], [ -667244.627667466178536, 4861728.532150357030332 ], [ -667193.157556340796873, 4861907.055313616991043 ], [ -667145.646941096289083, 4861967.302788011729717 ], [ -667044.216741963289678, 4862020.425504697486758 ], [ -666949.312005597632378, 4862049.085439720191061 ], [ -666810.237197345355526, 4862114.481206062249839 ], [ -666793.907150448067114, 4862104.111316720955074 ], [ -666785.185207091504708, 4862071.725712399929762 ], [ -666798.347552848514169, 4862061.216651674360037 ], [ -666815.499377959175035, 4862058.177651868201792 ], [ -666821.132406895514578, 4862038.829778896644711 ], [ -666805.662673867074773, 4862027.856642856262624 ], [ -666776.306654796935618, 4862044.583062022924423 ], [ -666734.062710937578231, 4862048.527040229178965 ], [ -666693.803866093745455, 4862067.121298271231353 ], [ -666643.199607186252251, 4862114.783725369721651 ], [ -666587.482045448385179, 4862196.187859451398253 ], [ -666574.887503799982369, 4862194.749815724790096 ], [ -666560.513246471295133, 4862203.542255308479071 ], [ -666597.221311301458627, 4862222.726399931125343 ], [ -666606.227111007086933, 4862249.137206413783133 ], [ -666637.106909387744963, 4862280.106232329271734 ], [ -666667.224377152509987, 4862258.995730536989868 ], [ -666683.006518645444885, 4862259.48285782430321 ], [ -666713.349174014991149, 4862241.42298536375165 ], [ -666727.07846575207077, 4862218.967128217220306 ], [ -666750.898540226509795, 4862225.369879232719541 ], [ -666756.931543580489233, 4862238.465383355505764 ], [ -666755.139365946641192, 4862344.306674195453525 ], [ -666782.680831673322245, 4862455.250368472188711 ], [ -666788.211565159726888, 4862545.047877991572022 ], [ -666749.260003342526034, 4862682.060361171141267 ], [ -666715.299736569868401, 4862729.601108592003584 ], [ -666665.608632078161463, 4862750.31445437297225 ], [ -666570.44158711633645, 4862802.261324089951813 ], [ -666531.487752155866474, 4862809.034329826012254 ], [ -666510.026343570789322, 4862797.772570246830583 ], [ -666511.883832518476993, 4862813.15161572303623 ], [ -666451.947212803410366, 4862866.711279153823853 ], [ -666406.579676438588649, 4862919.04106832947582 ], [ -666378.518601382616907, 4862963.089721381664276 ], [ -666340.123054155614227, 4863053.516822734847665 ], [ -666327.050086281262338, 4863163.402898435480893 ], [ -666356.552545637823641, 4863367.258646531030536 ], [ -666356.834615789586678, 4863417.740434939041734 ], [ -666321.672986765624955, 4863593.77963372413069 ], [ -666329.257408590754494, 4863650.046558403410017 ], [ -666388.337504042545334, 4863801.080540644936264 ], [ -666388.068090985063463, 4863898.129901742562652 ], [ -666395.45200919220224, 4864003.283804113045335 ], [ -666405.195480395341292, 4864047.12877974845469 ], [ -666438.086382401175797, 4864105.539340702816844 ] ] ] } },
{ "type": "Feature", "properties": { "OBJECTID": 115, "Block_Groups_TOTPOP10": 1183, "Block_Groups_PopOver65": 146, "Block_Groups_Over65Density": 123415.04649196957, "Shape_Length": 4774.7183559472278, "Shape_Area": 1035999.4661437634 }, "geometry": { "type": "Polygon", "coordinates": [ [ [ -665214.24658466456458, 4862459.555800716392696 ], [ -665338.70412280713208, 4862591.085749723017216 ], [ -665450.957041802350432, 4862736.304112780839205 ], [ -665899.503577595343813, 4863475.930456823669374 ], [ -665930.784984229831025, 4863387.283930199220777 ], [ -665976.692194308852777, 4863288.383653769269586 ], [ -666303.388147257268429, 4862700.096996418200433 ], [ -666367.165642705280334, 4862563.641668113879859 ], [ -666560.513246471295133, 4862203.542255308479071 ], [ -666536.791000405093655, 4862200.921543651260436 ], [ -666521.468557975720614, 4862223.85321157053113 ], [ -666432.259800307685509, 4862167.68235485162586 ], [ -666345.072683173231781, 4862082.503167779184878 ], [ -666326.099972960771993, 4862026.50356590282172 ], [ -666319.57603431167081, 4861994.501640928909183 ], [ -666331.416214713361114, 4861961.176074954681098 ], [ -666370.781438964186236, 4861891.228948159143329 ], [ -666433.415318327024579, 4861704.864908780902624 ], [ -666442.020488617243245, 4861698.832436263561249 ], [ -666444.660285549238324, 4861687.998045437969267 ], [ -666388.715902874013409, 4861709.890858497470617 ], [ -666327.064229111652821, 4861781.987708374857903 ], [ -666271.172080279095098, 4861834.004735295660794 ], [ -666241.875606274232268, 4861841.709273885004222 ], [ -666149.182721189688891, 4861831.615014276467264 ], [ -666121.226267677964643, 4861840.30589699652046 ], [ -666070.741971801267937, 4861869.924523366615176 ], [ -665291.97179864323698, 4862377.461923966184258 ], [ -665214.24658466456458, 4862459.555800716392696 ] ] ] } },
{ "type": "Feature", "properties": { "OBJECTID": 116, "Block_Groups_TOTPOP10": 1050, "Block_Groups_PopOver65": 192, "Block_Groups_Over65Density": 182857.14285714287, "Shape_Length": 3778.2042666401676, "Shape_Area": 812418.55306892982 }, "geometry": { "type": "Polygon", "coordinates": [ [ [ -677331.773869835305959, 4870907.340409277938306 ], [ -677405.822354892268777, 4870928.652486134320498 ], [ -677454.537049321923405, 4870952.279729144647717 ], [ -677779.094138639280573, 4871181.018312178552151 ], [ -677834.361528218956664, 4871210.318501215428114 ], [ -677892.893488459754735, 4871229.657313638366759 ], [ -677962.016466171713546, 4871240.325220204889774 ], [ -678039.700466555776075, 4871236.696114180609584 ], [ -678307.733557907631621, 4871168.752797611989081 ], [ -678318.769388304324821, 4871080.377111750654876 ], [ -678331.92163452017121, 4871044.307743883691728 ], [ -678356.83525651297532, 4871005.79396791011095 ], [ -678410.221410559490323, 4870955.736564796417952 ], [ -678506.102782908361405, 4870913.165194239467382 ], [ -678493.920500132255256, 4870879.405752035789192 ], [ -678484.473874946823344, 4870868.709133375436068 ], [ -678351.517167896963656, 4870800.125918798148632 ], [ -678322.147465483751148, 4870773.877056948840618 ], [ -678295.092089283745736, 4870734.487379824742675 ], [ -678272.793909539468586, 4870668.085603691637516 ], [ -678271.549194841179997, 4870627.972847710363567 ], [ -678281.925560162868351, 4870573.346795916557312 ], [ -678304.114902956411242, 4870524.564462574198842 ], [ -678205.175263457465917, 4870481.547130474820733 ], [ -678016.02184631745331, 4870418.882979372516274 ], [ -678018.9014772917144, 4870368.205086018890142 ], [ -677994.258703037397936, 4870246.440945369191468 ], [ -677999.541535158874467, 4870186.399475174956024 ], [ -677911.999123964225873, 4870168.729138493537903 ], [ -677882.689798660110682, 4870163.569430141709745 ], [ -677752.648750622523949, 4870138.419844390824437 ], [ -677477.050471000373363, 4870086.151011435315013 ], [ -677422.35489567136392, 4870392.659829823300242 ], [ -677331.773869835305959, 4870907.340409277938306 ] ] ] } },
{ "type": "Feature", "properties": { "OBJECTID": 117, "Block_Groups_TOTPOP10": 1002, "Block_Groups_PopOver65": 202, "Block_Groups_Over65Density": 201596.80638722554, "Shape_Length": 3901.3279943437101, "Shape_Area": 617539.09355093807 }, "geometry": { "type": "Polygon", "coordinates": [ [ [ -677999.541535158874467, 4870186.399475174956024 ], [ -677994.258703037397936, 4870246.440945369191468 ], [ -678018.9014772917144, 4870368.205086018890142 ], [ -678016.02184631745331, 4870418.882979372516274 ], [ -678205.175263457465917, 4870481.547130474820733 ], [ -678304.114902956411242, 4870524.564462574198842 ], [ -678281.925560162868351, 4870573.346795916557312 ], [ -678271.549194841179997, 4870627.972847710363567 ], [ -678272.793909539468586, 4870668.085603691637516 ], [ -678295.092089283745736, 4870734.487379824742675 ], [ -678322.147465483751148, 4870773.877056948840618 ], [ -678351.517167896963656, 4870800.125918798148632 ], [ -678484.473874946823344, 4870868.709133375436068 ], [ -678493.920500132255256, 4870879.405752035789192 ], [ -678506.102782908361405, 4870913.165194239467382 ], [ -678410.221410559490323, 4870955.736564796417952 ], [ -678356.83525651297532, 4871005.79396791011095 ], [ -678331.92163452017121, 4871044.307743883691728 ], [ -678318.769388304324821, 4871080.377111750654876 ], [ -678307.733557907631621, 4871168.752797611989081 ], [ -678568.600129506550729, 4871124.391238802112639 ], [ -678653.83274512947537, 4871125.108405813574791 ], [ -678745.323769089067355, 4871137.467004974372685 ], [ -678769.223515164805576, 4871018.989310091361403 ], [ -678801.970403363695368, 4870966.048966418020427 ], [ -678833.660284965066239, 4870936.255989993922412 ], [ -678971.562767894472927, 4870843.886786403134465 ], [ -679019.233622969361022, 4870804.866115066222847 ], [ -679053.162601168965921, 4870770.950682557187974 ], [ -679148.386021738639101, 4870650.733044859021902 ], [ -679169.166943329386413, 4870609.982747416011989 ], [ -679183.303579366765916, 4870559.78059926442802 ], [ -679188.294558054534718, 4870394.295978860929608 ], [ -678290.179823139216751, 4870239.08137801848352 ], [ -677999.541535158874467, 4870186.399475174956024 ] ] ] } },
{ "type": "Feature", "properties": { "OBJECTID": 118, "Block_Groups_TOTPOP10": 2119, "Block_Groups_PopOver65": 322, "Block_Groups_Over65Density": 151958.47097687589, "Shape_Length": 4747.0015846013448, "Shape_Area": 1206845.9349726306 }, "geometry": { "type": "Polygon", "coordinates": [ [ [ -676510.686159953009337, 4869283.889673389494419 ], [ -676550.301062880316749, 4869359.352927196770906 ], [ -676555.372003882657737, 4869382.073746463283896 ], [ -676463.680607468821108, 4869907.900129174813628 ], [ -676489.877161172684282, 4869904.979306936264038 ], [ -676537.633222272153944, 4869912.623414219357073 ], [ -677176.577207424212247, 4870025.001557974144816 ], [ -677402.825528329238296, 4870070.078627075999975 ], [ -677477.050471000373363, 4870086.151011435315013 ], [ -677634.864657640922815, 4869185.006856260821223 ], [ -677765.339820907684043, 4868464.89469423238188 ], [ -677529.580408513080329, 4868555.175337063148618 ], [ -677421.972108053741977, 4868608.522775278426707 ], [ -677230.266872548963875, 4868727.634299780242145 ], [ -677150.12837200332433, 4868788.071282285265625 ], [ -677025.440318338107318, 4868895.629178122617304 ], [ -676648.87541068601422, 4869198.282181512564421 ], [ -676510.686159953009337, 4869283.889673389494419 ] ] ] } },
{ "type": "Feature", "properties": { "OBJECTID": 119, "Block_Groups_TOTPOP10": 1029, "Block_Groups_PopOver65": 224, "Block_Groups_Over65Density": 217687.07482993198, "Shape_Length": 4167.0100835898947, "Shape_Area": 608483.21951379511 }, "geometry": { "type": "Polygon", "coordinates": [ [ [ -677477.050471000373363, 4870086.151011435315013 ], [ -677752.648750622523949, 4870138.419844390824437 ], [ -677882.689798660110682, 4870163.569430141709745 ], [ -677949.306226230459288, 4869780.852916337549686 ], [ -678024.713988042902201, 4869356.750445675104856 ], [ -678097.665726606966928, 4868933.69362707156688 ], [ -677953.970153460511938, 4868900.12260396592319 ], [ -678013.080822484334931, 4868521.28408117685467 ], [ -677965.184109128080308, 4868514.361627045087516 ], [ -677981.989582609850913, 4868393.088910043239594 ], [ -677796.621850335970521, 4868454.587388400919735 ], [ -677765.339820907684043, 4868464.89469423238188 ], [ -677634.864657640922815, 4869185.006856260821223 ], [ -677477.050471000373363, 4870086.151011435315013 ] ] ] } },
{ "type": "Feature", "properties": { "OBJECTID": 120, "Block_Groups_TOTPOP10": 1238, "Block_Groups_PopOver65": 202, "Block_Groups_Over65Density": 163166.39741518578, "Shape_Length": 4355.4658437167982, "Shape_Area": 1082947.8560951587 }, "geometry": { "type": "Polygon", "coordinates": [ [ [ -677999.541535158874467, 4870186.399475174956024 ], [ -678290.179823139216751, 4870239.08137801848352 ], [ -679188.294558054534718, 4870394.295978860929608 ], [ -679195.34311872208491, 4870217.125280978158116 ], [ -679223.21948574250564, 4870106.10508075542748 ], [ -679257.208954722620547, 4870037.565757757984102 ], [ -679345.846887228544801, 4869916.17101792152971 ], [ -679378.165025446098298, 4869857.121846756897867 ], [ -679404.778453216422349, 4869778.998098309151828 ], [ -679442.734721868066117, 4869606.504136002622545 ], [ -678745.905219342326745, 4869487.497799593023956 ], [ -678024.713988042902201, 4869356.750445675104856 ], [ -677949.306226230459288, 4869780.852916337549686 ], [ -677882.689798660110682, 4870163.569430141709745 ], [ -677911.999123964225873, 4870168.729138493537903 ], [ -677999.541535158874467, 4870186.399475174956024 ] ] ] } },
{ "type": "Feature", "properties": { "OBJECTID": 121, "Block_Groups_TOTPOP10": 1213, "Block_Groups_PopOver65": 211, "Block_Groups_Over65Density": 173948.88705688377, "Shape_Length": 5597.1039491174088, "Shape_Area": 1794243.2519515587 }, "geometry": { "type": "Polygon", "coordinates": [ [ [ -678024.713988042902201, 4869356.750445675104856 ], [ -678745.905219342326745, 4869487.497799593023956 ], [ -679442.734721868066117, 4869606.504136002622545 ], [ -679530.629538832698017, 4869107.757787631824613 ], [ -679583.598929538391531, 4868798.593332499265671 ], [ -679410.694503202103078, 4868647.652424258179963 ], [ -679148.703555510845035, 4868384.643572175875306 ], [ -678510.453671421157196, 4867807.672409245744348 ], [ -678443.997196476440877, 4868026.390987613238394 ], [ -678397.748541894368827, 4868113.125508701428771 ], [ -678344.157401379430667, 4868185.766160861589015 ], [ -678274.094893505098298, 4868253.248268591240048 ], [ -678212.544193846872076, 4868298.133589772507548 ], [ -678127.502076603239402, 4868343.402358250692487 ], [ -677981.989582609850913, 4868393.088910043239594 ], [ -677965.184109128080308, 4868514.361627045087516 ], [ -678013.080822484334931, 4868521.28408117685467 ], [ -677953.970153460511938, 4868900.12260396592319 ], [ -678097.665726606966928, 4868933.69362707156688 ], [ -678024.713988042902201, 4869356.750445675104856 ] ] ] } },
{ "type": "Feature", "properties": { "OBJECTID": 122, "Block_Groups_TOTPOP10": 1373, "Block_Groups_PopOver65": 210, "Block_Groups_Over65Density": 152949.7450837582, "Shape_Length": 4708.8652691887801, "Shape_Area": 1136710.5857409795 }, "geometry": { "type": "Polygon", "coordinates": [ [ [ -679589.557858473854139, 4868760.488817158155143 ], [ -679670.30173423490487, 4868816.884097112342715 ], [ -679708.027572948951274, 4868825.791470023803413 ], [ -679857.711382823763415, 4868846.901829560287297 ], [ -680793.088644406292588, 4869006.566067961975932 ], [ -681040.470371261239052, 4869047.950579826720059 ], [ -681247.541579342214391, 4869082.230673322454095 ], [ -681320.99341387860477, 4868721.675266814418137 ], [ -681223.984120278153569, 4868706.063534589484334 ], [ -681310.487079222686589, 4868267.207521075382829 ], [ -681140.040901619940996, 4868239.39600021019578 ], [ -680951.011861016508192, 4868209.817493681795895 ], [ -680764.786341476952657, 4868181.492012148723006 ], [ -680547.903328884625807, 4868147.013173154555261 ], [ -680061.222121417056769, 4868056.701755494810641 ], [ -680016.929916221415624, 4868295.14520313218236 ], [ -679987.277597508393228, 4868356.186479740776122 ], [ -679969.450047961669043, 4868380.15364267770201 ], [ -679933.437621326651424, 4868412.964220073074102 ], [ -679692.574418391101062, 4868548.981003191322088 ], [ -679645.144935768097639, 4868586.556050700135529 ], [ -679623.833368370775133, 4868617.438362124375999 ], [ -679608.049759416840971, 4868659.836272557266057 ], [ -679589.557858473854139, 4868760.488817158155143 ] ] ] } },
{ "type": "Feature", "properties": { "OBJECTID": 123, "Block_Groups_TOTPOP10": 1938, "Block_Groups_PopOver65": 141, "Block_Groups_Over65Density": 72755.41795665634, "Shape_Length": 3423.4026935164015, "Shape_Area": 718651.77152928442 }, "geometry": { "type": "Polygon", "coordinates": [ [ [ -681310.487079222686589, 4868267.207521075382829 ], [ -681223.984120278153569, 4868706.063534589484334 ], [ -681320.99341387860477, 4868721.675266814418137 ], [ -681247.541579342214391, 4869082.230673322454095 ], [ -681772.227442315779626, 4869171.079979085363448 ], [ -682013.875951481983066, 4869210.736471098847687 ], [ -682052.978004880482331, 4869040.667464690282941 ], [ -682080.45838419534266, 4868992.050477834418416 ], [ -682154.999296670313925, 4868908.063447088003159 ], [ -682201.572489318903536, 4868845.49548236746341 ], [ -682262.995063849491999, 4868643.206523028202355 ], [ -682268.047153269872069, 4868571.796606615185738 ], [ -682248.746349995024502, 4868514.161378481425345 ], [ -682219.840819466859102, 4868476.671388653106987 ], [ -682190.683501818450168, 4868453.447051498107612 ], [ -681884.612940458348021, 4868294.72171575576067 ], [ -681871.215753943892196, 4868314.951391145586967 ], [ -681844.237437206087634, 4868335.043169585056603 ], [ -681802.204837459372357, 4868341.933449874632061 ], [ -681468.770342096220702, 4868286.852133356034756 ], [ -681310.487079222686589, 4868267.207521075382829 ] ] ] } },
{ "type": "Feature", "properties": { "OBJECTID": 124, "Block_Groups_TOTPOP10": 804, "Block_Groups_PopOver65": 61, "Block_Groups_Over65Density": 75870.646766169157, "Shape_Length": 2432.5667830292014, "Shape_Area": 328886.91074283957 }, "geometry": { "type": "Polygon", "coordinates": [ [ [ -680700.855257974239066, 4867339.506582420319319 ], [ -680615.780634002527222, 4867774.894389948807657 ], [ -680547.903328884625807, 4868147.013173154555261 ], [ -680764.786341476952657, 4868181.492012148723006 ], [ -680951.011861016508192, 4868209.817493681795895 ], [ -681090.604420224670321, 4867521.208610882051289 ], [ -681119.756441224832088, 4867407.345844756811857 ], [ -680968.954218493541703, 4867383.764554135501385 ], [ -680700.855257974239066, 4867339.506582420319319 ] ] ] } },
{ "type": "Feature", "properties": { "OBJECTID": 125, "Block_Groups_TOTPOP10": 3711, "Block_Groups_PopOver65": 240, "Block_Groups_Over65Density": 64672.59498787389, "Shape_Length": 15359.374741713451, "Shape_Area": 8963450.6080741398 }, "geometry": { "type": "Polygon", "coordinates": [ [ [ -654753.762862319592386, 4884847.085100418888032 ], [ -656471.902271998813376, 4885134.089958977885544 ], [ -657448.17906732391566, 4885298.518519870005548 ], [ -659054.712033119983971, 4885578.811333355493844 ], [ -659311.89746076008305, 4883958.916421951726079 ], [ -656235.233299830928445, 4883432.326506328769028 ], [ -656469.522994535043836, 4881995.791722249239683 ], [ -656496.926744566764683, 4881842.230988063849509 ], [ -656544.578712068032473, 4881628.401260897517204 ], [ -656581.920293119503185, 4881465.300859346054494 ], [ -656588.565304391784593, 4881435.688908187672496 ], [ -656260.35840803058818, 4881534.812493026256561 ], [ -655257.404050653101876, 4881812.547564961947501 ], [ -655116.501193859148771, 4882642.607331875711679 ], [ -654753.762862319592386, 4884847.085100418888032 ] ] ] } },
{ "type": "Feature", "properties": { "OBJECTID": 126, "Block_Groups_TOTPOP10": 970, "Block_Groups_PopOver65": 197, "Block_Groups_Over65Density": 203092.78350515463, "Shape_Length": 14346.09049006701, "Shape_Area": 9412978.9762041103 }, "geometry": { "type": "Polygon", "coordinates": [ [ [ -651163.723369686864316, 4883353.331788931041956 ], [ -651225.883775907335803, 4883511.798936370760202 ], [ -651189.347488868515939, 4883818.914495276287198 ], [ -651059.284251956501976, 4884623.431415840052068 ], [ -651781.798035509884357, 4884752.894938099198043 ], [ -652676.526916316477582, 4884904.760099089704454 ], [ -652744.545922182500362, 4884498.887453166767955 ], [ -654753.762862319592386, 4884847.085100418888032 ], [ -655116.501193859148771, 4882642.607331875711679 ], [ -655257.404050653101876, 4881812.547564961947501 ], [ -655301.260351551230997, 4881594.320042840205133 ], [ -655394.901611723704264, 4881227.900166434235871 ], [ -655491.82817338895984, 4881007.597004405222833 ], [ -655324.453007428674027, 4880930.56159767601639 ], [ -655230.82021312462166, 4880840.799103589728475 ], [ -655073.867676289752126, 4881003.434306372888386 ], [ -654187.613602051278576, 4881924.999737359583378 ], [ -654153.652589847333729, 4881977.631089895032346 ], [ -654128.385048378491774, 4882045.270824269391596 ], [ -653714.73914207960479, 4882134.165717247873545 ], [ -653458.282589950598776, 4882202.281315635889769 ], [ -652103.425009477883577, 4882615.13913385476917 ], [ -651959.86513119447045, 4882670.560784821398556 ], [ -651832.613107642624527, 4882731.803231037221849 ], [ -651740.767798387911171, 4882784.168786043301225 ], [ -651616.572913415031508, 4882866.938731275498867 ], [ -651524.255790157709271, 4882939.470787544734776 ], [ -651407.000420435797423, 4883047.436425402760506 ], [ -651319.93287060665898, 4883141.871398569084704 ], [ -651253.904863294446841, 4883223.444188555702567 ], [ -651163.723369686864316, 4883353.331788931041956 ] ] ] } },
{ "type": "Feature", "properties": { "OBJECTID": 127, "Block_Groups_TOTPOP10": 1546, "Block_Groups_PopOver65": 82, "Block_Groups_Over65Density": 53040.103492884868, "Shape_Length": 3229.3122176576212, "Shape_Area": 583670.47420776577 }, "geometry": { "type": "Polygon", "coordinates": [ [ [ -681119.756441224832088, 4867407.345844756811857 ], [ -681090.604420224670321, 4867521.208610882051289 ], [ -680951.011861016508192, 4868209.817493681795895 ], [ -681140.040901619940996, 4868239.39600021019578 ], [ -681310.487079222686589, 4868267.207521075382829 ], [ -681468.770342096220702, 4868286.852133356034756 ], [ -681802.204837459372357, 4868341.933449874632061 ], [ -681844.237437206087634, 4868335.043169585056603 ], [ -681871.215753943892196, 4868314.951391145586967 ], [ -681884.612940458348021, 4868294.72171575576067 ], [ -681835.688223740784451, 4868237.883590836077929 ], [ -681708.462182765593752, 4867960.85820175614208 ], [ -681706.610618981532753, 4867894.251611474901438 ], [ -681745.466663720784709, 4867695.486457515507936 ], [ -681746.957287149270996, 4867665.621195039711893 ], [ -681782.179753438802436, 4867517.427287090569735 ], [ -681595.1080523354467, 4867485.171645890921354 ], [ -681119.756441224832088, 4867407.345844756811857 ] ] ] } },
{ "type": "Feature", "properties": { "OBJECTID": 128, "Block_Groups_TOTPOP10": 1610, "Block_Groups_PopOver65": 128, "Block_Groups_Over65Density": 79503.105590062114, "Shape_Length": 3757.2632235398669, "Shape_Area": 715211.66688794806 }, "geometry": { "type": "Polygon", "coordinates": [ [ [ -681299.707990426803008, 4866416.91777733899653 ], [ -681171.941169683123007, 4867124.302478407509625 ], [ -681119.756441224832088, 4867407.345844756811857 ], [ -681595.1080523354467, 4867485.171645890921354 ], [ -681782.179753438802436, 4867517.427287090569735 ], [ -681793.93422046652995, 4867420.828283214941621 ], [ -681823.106540284119546, 4867319.768963267095387 ], [ -681840.55689833429642, 4867229.445011088624597 ], [ -681831.766716653015465, 4867103.605500584468246 ], [ -681837.518782660597935, 4867062.437216115184128 ], [ -681849.531075131846592, 4867032.919245931319892 ], [ -682006.792666611960158, 4866814.341780225746334 ], [ -682069.509350984590128, 4866767.403892068192363 ], [ -682298.982719233492389, 4866632.37510752491653 ], [ -682268.510929338168353, 4866590.836585179902613 ], [ -682102.327435739804059, 4866560.003270614892244 ], [ -681604.212427909485996, 4866473.632652503438294 ], [ -681299.707990426803008, 4866416.91777733899653 ] ] ] } },
{ "type": "Feature", "properties": { "OBJECTID": 129, "Block_Groups_TOTPOP10": 1400, "Block_Groups_PopOver65": 87, "Block_Groups_Over65Density": 62142.857142857145, "Shape_Length": 3396.3535173809109, "Shape_Area": 691444.71226113755 }, "geometry": { "type": "Polygon", "coordinates": [ [ [ -682298.982719233492389, 4866632.37510752491653 ], [ -682069.509350984590128, 4866767.403892068192363 ], [ -682006.792666611960158, 4866814.341780225746334 ], [ -681849.531075131846592, 4867032.919245931319892 ], [ -681837.518782660597935, 4867062.437216115184128 ], [ -681831.766716653015465, 4867103.605500584468246 ], [ -681840.55689833429642, 4867229.445011088624597 ], [ -681823.106540284119546, 4867319.768963267095387 ], [ -681793.93422046652995, 4867420.828283214941621 ], [ -681782.179753438802436, 4867517.427287090569735 ], [ -682019.570670312270522, 4867547.270990712568164 ], [ -682225.486460968386382, 4867579.852524952962995 ], [ -682336.878646876430139, 4867604.037358079105616 ], [ -682496.520506138913333, 4867624.691625376231968 ], [ -682563.220858846092597, 4867610.858701163902879 ], [ -682706.134580826852471, 4867546.457109050825238 ], [ -682698.268486717483029, 4867509.663885001093149 ], [ -682721.149526095716283, 4867388.658962773159146 ], [ -682715.469525024062023, 4867326.638885961845517 ], [ -682680.76836815290153, 4867266.273408003151417 ], [ -682620.141188712092116, 4867190.030581249855459 ], [ -682597.956471180310473, 4867152.967937059700489 ], [ -682585.431555096292868, 4867116.857536946423352 ], [ -682579.844440888147801, 4867071.425459976308048 ], [ -682663.343401993624866, 4866607.041695347987115 ], [ -682509.494480956811458, 4866579.129162375815213 ], [ -682487.320793704595417, 4866567.681521743535995 ], [ -682458.10577535466291, 4866536.157138169743121 ], [ -682298.982719233492389, 4866632.37510752491653 ] ] ] } },
{ "type": "Feature", "properties": { "OBJECTID": 130, "Block_Groups_TOTPOP10": 822, "Block_Groups_PopOver65": 123, "Block_Groups_Over65Density": 149635.03649635037, "Shape_Length": 3655.0643127668864, "Shape_Area": 624362.39584506 }, "geometry": { "type": "Polygon", "coordinates": [ [ [ -678856.446760874474421, 4866889.591610502451658 ], [ -678925.492804177803919, 4866986.846079858951271 ], [ -678947.808523389743641, 4867010.354898289777339 ], [ -678973.647612066240981, 4867022.434301033616066 ], [ -679861.141772760776803, 4867184.744152550585568 ], [ -679900.827323613455519, 4866968.047726622782648 ], [ -679903.042215498397127, 4866938.311102818697691 ], [ -679877.973205149173737, 4866780.246733957901597 ], [ -679910.849002066068351, 4866615.062340522184968 ], [ -680107.389088053023443, 4866657.969600039534271 ], [ -680127.130944345612079, 4866554.490804804489017 ], [ -680145.741868805838749, 4866440.265704008750618 ], [ -680132.212826442206278, 4866405.493207694962621 ], [ -680085.093419973505661, 4866419.789727182127535 ], [ -680032.225506557617337, 4866419.515777599997818 ], [ -679915.557896310230717, 4866395.199778949841857 ], [ -679860.517311262199655, 4866377.220307772047818 ], [ -679779.0568289575167, 4866328.978845837526023 ], [ -679641.898397187236696, 4866210.672863408923149 ], [ -679477.533130025491118, 4866397.151773519814014 ], [ -679319.388032289687544, 4866544.048436020500958 ], [ -679190.393897195812315, 4866645.612311379052699 ], [ -678856.446760874474421, 4866889.591610502451658 ] ] ] } },
{ "type": "Feature", "properties": { "OBJECTID": 131, "Block_Groups_TOTPOP10": 1158, "Block_Groups_PopOver65": 141, "Block_Groups_Over65Density": 121761.65803108808, "Shape_Length": 3436.7057271463964, "Shape_Area": 717050.92720347806 }, "geometry": { "type": "Polygon", "coordinates": [ [ [ -677212.73582252045162, 4868101.177263441495597 ], [ -677351.132564475992694, 4868302.443276772275567 ], [ -677383.888261552900076, 4868335.307758247479796 ], [ -677413.258279814152047, 4868348.754824781790376 ], [ -677446.844400719273835, 4868355.414708711206913 ], [ -677774.718890795717016, 4868411.583182618021965 ], [ -677765.339820907684043, 4868464.89469423238188 ], [ -677796.621850335970521, 4868454.587388400919735 ], [ -677981.989582609850913, 4868393.088910043239594 ], [ -678127.502076603239402, 4868343.402358250692487 ], [ -678212.544193846872076, 4868298.133589772507548 ], [ -678274.094893505098298, 4868253.248268591240048 ], [ -678344.157401379430667, 4868185.766160861589015 ], [ -678397.748541894368827, 4868113.125508701428771 ], [ -678443.997196476440877, 4868026.390987613238394 ], [ -678510.453671421157196, 4867807.672409245744348 ], [ -678432.737555617233738, 4867738.272456628270447 ], [ -678261.483926181681454, 4867603.468528315424919 ], [ -678084.42113523487933, 4867445.810517912730575 ], [ -677948.754008045652881, 4867559.744511121883988 ], [ -677929.082870935555547, 4867585.651021831668913 ], [ -677900.841590184951201, 4867655.981835435144603 ], [ -677845.389605747302994, 4867644.721760717220604 ], [ -677809.53992185741663, 4867659.499397567473352 ], [ -677212.73582252045162, 4868101.177263441495597 ] ] ] } },
{ "type": "Feature", "properties": { "OBJECTID": 132, "Block_Groups_TOTPOP10": 1275, "Block_Groups_PopOver65": 173, "Block_Groups_Over65Density": 135686.27450980392, "Shape_Length": 5684.7517891723028, "Shape_Area": 1124957.5002954276 }, "geometry": { "type": "Polygon", "coordinates": [ [ [ -677373.414364715106785, 4867079.809928770177066 ], [ -677360.905121690127999, 4867142.369284733198583 ], [ -677269.05349798547104, 4867123.210590590722859 ], [ -677197.482169864233583, 4867521.75397037062794 ], [ -677283.501420343760401, 4867535.370460441336036 ], [ -677289.526039123302326, 4867561.277198115363717 ], [ -677284.534120310563594, 4867602.565000950358808 ], [ -677122.266995289828628, 4867562.744242771528661 ], [ -677033.022400857647881, 4867554.586221695877612 ], [ -676963.039087290177122, 4867540.026613153517246 ], [ -676927.581354182446375, 4867522.500499316491187 ], [ -676870.798686710419133, 4867450.026864886283875 ], [ -676422.029700528364629, 4867376.444564138539135 ], [ -676388.547595634358004, 4867416.49075579829514 ], [ -676431.243413419928402, 4867461.637202051468194 ], [ -676429.841624550055712, 4867633.053609347902238 ], [ -676363.377876930870116, 4868204.84850874915719 ], [ -676787.808386327000335, 4868300.51977530028671 ], [ -676724.557839546585456, 4868419.644103822298348 ], [ -676714.731823361245915, 4868454.052956291474402 ], [ -676706.073267359985039, 4868524.802725804969668 ], [ -676882.34503083769232, 4868377.366422913968563 ], [ -677212.73582252045162, 4868101.177263441495597 ], [ -677809.53992185741663, 4867659.499397567473352 ], [ -677845.389605747302994, 4867644.721760717220604 ], [ -677900.841590184951201, 4867655.981835435144603 ], [ -677929.082870935555547, 4867585.651021831668913 ], [ -677948.754008045652881, 4867559.744511121883988 ], [ -678084.42113523487933, 4867445.810517912730575 ], [ -677862.075057616224512, 4867244.801227523013949 ], [ -677783.0623946308624, 4867182.711945741437376 ], [ -677742.380823704879731, 4867160.497192481532693 ], [ -677658.009550440590829, 4867124.576117629185319 ], [ -677567.917532997904345, 4867099.698627495206892 ], [ -677373.414364715106785, 4867079.809928770177066 ] ] ] } },
{ "type": "Feature", "properties": { "OBJECTID": 133, "Block_Groups_TOTPOP10": 1325, "Block_Groups_PopOver65": 96, "Block_Groups_Over65Density": 72452.830188679247, "Shape_Length": 6186.8776291364093, "Shape_Area": 1208325.2052787046 }, "geometry": { "type": "Polygon", "coordinates": [ [ [ -675463.275257275439799, 4869909.705999681726098 ], [ -675631.625791660975665, 4869781.230573832057416 ], [ -675530.052962300600484, 4870565.652060581371188 ], [ -675872.877084574196488, 4870321.105599076487124 ], [ -676229.028956363908947, 4870065.348953232169151 ], [ -676381.823364759096876, 4869956.732576294802129 ], [ -676463.680607468821108, 4869907.900129174813628 ], [ -676555.372003882657737, 4869382.073746463283896 ], [ -676550.301062880316749, 4869359.352927196770906 ], [ -676510.686159953009337, 4869283.889673389494419 ], [ -676489.936494578840211, 4869234.324852072633803 ], [ -676472.055090767797083, 4869237.203497034497559 ], [ -675850.110975715797395, 4869565.221134771592915 ], [ -675666.475330559769645, 4869273.28281859587878 ], [ -675611.28029644722119, 4869187.565071221441031 ], [ -675581.768597688293085, 4869101.842412354424596 ], [ -675494.290168126579374, 4869105.295136917382479 ], [ -675456.825641972012818, 4869094.951718095690012 ], [ -675434.914974215440452, 4869112.179080934263766 ], [ -675424.142892488278449, 4869113.298012088052928 ], [ -675409.963219688506797, 4869112.313068922609091 ], [ -675355.625955966534093, 4869086.211356548592448 ], [ -675335.327490918571129, 4869085.657441913150251 ], [ -675215.039956339402124, 4869108.190521555021405 ], [ -675182.61466262745671, 4869125.077246033586562 ], [ -675142.27464632387273, 4869122.510061867535114 ], [ -675121.683702726615593, 4869127.926784276030958 ], [ -675024.794332750374451, 4869176.397550215013325 ], [ -675017.613788058515638, 4869187.179442281834781 ], [ -674963.1890329180751, 4869217.515215259976685 ], [ -674957.986923215910792, 4869225.633732812479138 ], [ -674848.549325016560033, 4869238.032706633210182 ], [ -674835.782691648229957, 4869259.123648730106652 ], [ -674856.029156993841752, 4869311.599578273482621 ], [ -674854.858514384366572, 4869335.478478250093758 ], [ -674835.059247983852401, 4869379.418614353053272 ], [ -674799.780351734254509, 4869416.877782615832984 ], [ -674777.432613312266767, 4869428.007245580665767 ], [ -674752.995529926614836, 4869425.222652342170477 ], [ -674731.305643891682848, 4869415.394137121737003 ], [ -674734.091645358828828, 4869433.946076940745115 ], [ -674776.721590559463948, 4869470.781777648255229 ], [ -674786.871182305505499, 4869486.110739707946777 ], [ -674892.394633228890598, 4869655.159454428590834 ], [ -674877.887331408681348, 4869664.653989133425057 ], [ -674984.045816373778507, 4869830.05129583645612 ], [ -675217.432579112704843, 4869688.152819452807307 ], [ -675229.889002997195348, 4869690.340535158291459 ], [ -675322.833718631882221, 4869840.631533776409924 ], [ -675427.428193459054455, 4869881.582845783792436 ], [ -675442.338909010170028, 4869882.697042386047542 ], [ -675463.275257275439799, 4869909.705999681726098 ] ] ] } },
{ "type": "Feature", "properties": { "OBJECTID": 134, "Block_Groups_TOTPOP10": 1012, "Block_Groups_PopOver65": 137, "Block_Groups_Over65Density": 135375.49407114624, "Shape_Length": 3975.6276361656928, "Shape_Area": 552664.34155556757 }, "geometry": { "type": "Polygon", "coordinates": [ [ [ -676831.682669799542055, 4871624.589501079171896 ], [ -676990.350944720208645, 4871658.532345882616937 ], [ -677193.575931725790724, 4871701.074842386879027 ], [ -677258.242333130212501, 4871329.403711335733533 ], [ -677331.773869835305959, 4870907.340409277938306 ], [ -677422.35489567136392, 4870392.659829823300242 ], [ -677477.050471000373363, 4870086.151011435315013 ], [ -677402.825528329238296, 4870070.078627075999975 ], [ -677176.577207424212247, 4870025.001557974144816 ], [ -677034.950080291368067, 4870838.547989199869335 ], [ -676948.498466124292463, 4870823.337057798169553 ], [ -676916.835303005063906, 4870981.833854140713811 ], [ -676822.869238351704553, 4871524.456921715289354 ], [ -676834.955892734462395, 4871584.528844974003732 ], [ -676831.682669799542055, 4871624.589501079171896 ] ] ] } },
{ "type": "Feature", "properties": { "OBJECTID": 135, "Block_Groups_TOTPOP10": 1192, "Block_Groups_PopOver65": 70, "Block_Groups_Over65Density": 58724.832214765098, "Shape_Length": 2689.7471562575361, "Shape_Area": 414831.41542673373 }, "geometry": { "type": "Polygon", "coordinates": [ [ [ -675998.92658226727508, 4871356.952139370143414 ], [ -676303.370986568974331, 4871519.604793362319469 ], [ -676394.569554350106046, 4871550.69607690256089 ], [ -676598.603467042325065, 4871584.33155847992748 ], [ -676709.822611765004694, 4871604.652071208693087 ], [ -676831.682669799542055, 4871624.589501079171896 ], [ -676834.955892734462395, 4871584.528844974003732 ], [ -676822.869238351704553, 4871524.456921715289354 ], [ -676916.835303005063906, 4870981.833854140713811 ], [ -676703.03790976293385, 4870943.468116044066846 ], [ -676449.937263210071251, 4871042.690289887599647 ], [ -676272.17298648157157, 4871082.919840759597719 ], [ -676228.473871205467731, 4871073.730044839903712 ], [ -676196.731051524868235, 4871082.446514799259603 ], [ -676055.59661439456977, 4871056.125024424865842 ], [ -676025.986029695952311, 4871220.23769589047879 ], [ -675998.92658226727508, 4871356.952139370143414 ] ] ] } },
{ "type": "Feature", "properties": { "OBJECTID": 136, "Block_Groups_TOTPOP10": 3160, "Block_Groups_PopOver65": 384, "Block_Groups_Over65Density": 121518.98734177215, "Shape_Length": 13644.587111359155, "Shape_Area": 7731857.1580390427 }, "geometry": { "type": "Polygon", "coordinates": [ [ [ -651810.108212443301454, 4880248.871608491055667 ], [ -651661.789766253205016, 4880980.916635924950242 ], [ -651426.589524364564568, 4882381.123149028047919 ], [ -651423.475610500900075, 4882438.332958053797483 ], [ -651434.981869044248015, 4882519.818241270259023 ], [ -651464.327448373660445, 4882593.886946403421462 ], [ -651516.099712064256892, 4882668.832296743988991 ], [ -651372.407387065701187, 4882772.984636407345533 ], [ -651348.246589255984873, 4882799.555816907435656 ], [ -651353.593275682302192, 4882825.227624268271029 ], [ -651308.083281581522897, 4883101.578384685330093 ], [ -651277.123301969841123, 4883145.719909757375717 ], [ -651255.781445940025151, 4883147.280063669197261 ], [ -651163.723369686864316, 4883353.331788931041956 ], [ -651253.904863294446841, 4883223.444188555702567 ], [ -651319.93287060665898, 4883141.871398569084704 ], [ -651407.000420435797423, 4883047.436425402760506 ], [ -651524.255790157709271, 4882939.470787544734776 ], [ -651616.572913415031508, 4882866.938731275498867 ], [ -651740.767798387911171, 4882784.168786043301225 ], [ -651832.613107642624527, 4882731.803231037221849 ], [ -651959.86513119447045, 4882670.560784821398556 ], [ -652103.425009477883577, 4882615.13913385476917 ], [ -653458.282589950598776, 4882202.281315635889769 ], [ -653714.73914207960479, 4882134.165717247873545 ], [ -654128.385048378491774, 4882045.270824269391596 ], [ -654153.652589847333729, 4881977.631089895032346 ], [ -654187.613602051278576, 4881924.999737359583378 ], [ -655073.867676289752126, 4881003.434306372888386 ], [ -654886.94791884929873, 4880952.286737009882927 ], [ -654863.832636415492743, 4880942.279178029857576 ], [ -654857.053029898554087, 4880933.601338024251163 ], [ -654858.872451135423034, 4880914.408265205100179 ], [ -654980.238591864006594, 4880787.621419389732182 ], [ -654991.209894377039745, 4880767.762502480298281 ], [ -654991.972221917239949, 4880741.632451558485627 ], [ -654983.477906730491668, 4880734.157926948741078 ], [ -654757.798529374646023, 4880698.060362407937646 ], [ -654731.757829133188352, 4880687.5466268947348 ], [ -654701.635119340382516, 4880665.821245643310249 ], [ -654765.813389525515959, 4880577.893216841854155 ], [ -654788.694424289511517, 4880502.319242953322828 ], [ -654805.844636880327016, 4880468.522483591921628 ], [ -654824.983925006352365, 4880449.326980236917734 ], [ -654882.232829418731853, 4880484.006515065208077 ], [ -654915.285187243018299, 4880484.479965155012906 ], [ -654945.113086125347763, 4880473.139424619264901 ], [ -655066.028761539142579, 4880362.021696399897337 ], [ -655076.648034845711663, 4880339.849121111445129 ], [ -655072.318411679938436, 4880308.332859470508993 ], [ -655096.929463966051117, 4880292.336205587722361 ], [ -655119.904508616309613, 4880264.049777391366661 ], [ -655150.327164532616735, 4880192.779465718194842 ], [ -655333.293725409312174, 4880214.727870283648372 ], [ -655357.785094450926408, 4880177.698805285617709 ], [ -655280.887117956764996, 4880060.814789602532983 ], [ -655130.436027378542349, 4880068.516252771951258 ], [ -655023.633890870260075, 4880059.018349963240325 ], [ -654461.725633738329634, 4879942.189777978695929 ], [ -654244.696147098904476, 4879903.864932552911341 ], [ -653581.405680590542033, 4879811.585440256632864 ], [ -653083.99189340043813, 4879744.304940355941653 ], [ -652865.277313604019582, 4879724.493157529272139 ], [ -651919.455755162518471, 4879711.834936357103288 ], [ -651810.108212443301454, 4880248.871608491055667 ] ] ] } },
{ "type": "Feature", "properties": { "OBJECTID": 137, "Block_Groups_TOTPOP10": 1767, "Block_Groups_PopOver65": 160, "Block_Groups_Over65Density": 90548.953027730618, "Shape_Length": 40941.723638097537, "Shape_Area": 73833211.208532929 }, "geometry": { "type": "Polygon", "coordinates": [ [ [ -646815.169469762826338, 4890146.504522737115622 ], [ -648357.527487415354699, 4890433.838259332813323 ], [ -648977.418260296108201, 4890543.993812030181289 ], [ -649412.423835519934073, 4890619.22853297367692 ], [ -649636.898348337970674, 4890651.321712643839419 ], [ -650004.982565811602399, 4890718.014575465582311 ], [ -650030.201416799332947, 4890715.637810962274671 ], [ -650038.809823799645528, 4890700.648273644037545 ], [ -650625.10343788866885, 4890809.642918357625604 ], [ -650680.170523251639679, 4890825.921241477131844 ], [ -651548.374849645420909, 4890974.091307178139687 ], [ -651692.612416020827368, 4891005.085107862018049 ], [ -652011.569717167411, 4891060.381832332350314 ], [ -653226.27213868428953, 4891261.377646362408996 ], [ -653593.388015366625041, 4891307.880938906222582 ], [ -653636.451219112379476, 4891315.358453393913805 ], [ -653661.562530808383599, 4891330.957274722866714 ], [ -653708.499779001343995, 4891342.104999626986682 ], [ -654739.055029280483723, 4891508.414326166734099 ], [ -655294.429867016850039, 4891596.730562462471426 ], [ -655673.835413523484021, 4891646.237734705209732 ], [ -656421.049100745702162, 4891768.776004181243479 ], [ -656531.65349782211706, 4890956.219845946878195 ], [ -656657.905297733610496, 4890096.818938845768571 ], [ -656812.048216941766441, 4889107.227830031886697 ], [ -656807.687370544765145, 4889084.730092657729983 ], [ -656969.425942185800523, 4888181.025956444442272 ], [ -657134.356178613612428, 4887142.030609792098403 ], [ -657448.17906732391566, 4885298.518519870005548 ], [ -656471.902271998813376, 4885134.089958977885544 ], [ -654753.762862319592386, 4884847.085100418888032 ], [ -652744.545922182500362, 4884498.887453166767955 ], [ -652676.526916316477582, 4884904.760099089704454 ], [ -651781.798035509884357, 4884752.894938099198043 ], [ -651059.284251956501976, 4884623.431415840052068 ], [ -651189.347488868515939, 4883818.914495276287198 ], [ -651225.883775907335803, 4883511.798936370760202 ], [ -651163.723369686864316, 4883353.331788931041956 ], [ -651255.781445940025151, 4883147.280063669197261 ], [ -651277.123301969841123, 4883145.719909757375717 ], [ -651308.083281581522897, 4883101.578384685330093 ], [ -651353.593275682302192, 4882825.227624268271029 ], [ -651348.246589255984873, 4882799.555816907435656 ], [ -651372.407387065701187, 4882772.984636407345533 ], [ -651516.099712064256892, 4882668.832296743988991 ], [ -651464.327448373660445, 4882593.886946403421462 ], [ -651434.981869044248015, 4882519.818241270259023 ], [ -651423.475610500900075, 4882438.332958053797483 ], [ -651426.589524364564568, 4882381.123149028047919 ], [ -651661.789766253205016, 4880980.916635924950242 ], [ -651810.108212443301454, 4880248.871608491055667 ], [ -650965.418447677977383, 4880113.48844204377383 ], [ -650123.610950082307681, 4879987.714711628854275 ], [ -649518.729961337754503, 4879867.640879237093031 ], [ -649308.168002898106351, 4879809.586525606922805 ], [ -648636.045664674602449, 4879673.506383277475834 ], [ -648606.633373111020774, 4879678.190464202314615 ], [ -648591.924345408566296, 4879693.65852396376431 ], [ -648437.657856136327609, 4880471.12091759685427 ], [ -648035.992825150024146, 4882867.453819853253663 ], [ -647890.208878174889833, 4883704.464279057458043 ], [ -647839.659688347950578, 4884041.326110880821943 ], [ -647499.460926929954439, 4886031.788262306712568 ], [ -646815.169469762826338, 4890146.504522737115622 ] ] ] } },
{ "type": "Feature", "properties": { "OBJECTID": 138, "Block_Groups_TOTPOP10": 2145, "Block_Groups_PopOver65": 232, "Block_Groups_Over65Density": 108158.50815850816, "Shape_Length": 39016.93657145679, "Shape_Area": 81596893.018694684 }, "geometry": { "type": "Polygon", "coordinates": [ [ [ -663583.491797685157508, 4852927.040477453731 ], [ -664982.134635421214625, 4853175.203788490965962 ], [ -665126.013302479870617, 4853209.173380549997091 ], [ -665184.686510103521869, 4853211.048581884242594 ], [ -666832.765248120296746, 4853482.485343927517533 ], [ -668240.513074459275231, 4853687.707365185953677 ], [ -669581.59262964874506, 4853898.218555773608387 ], [ -669910.419476404320449, 4853943.360435344278812 ], [ -669981.113652563188225, 4853963.199495134875178 ], [ -670068.8991051861085, 4853636.962308570742607 ], [ -670336.592768200905994, 4852559.370075218379498 ], [ -670633.421776453964412, 4850905.185111597180367 ], [ -671253.382714908337221, 4850996.44983047246933 ], [ -672218.40996841317974, 4851149.372615131549537 ], [ -672333.882237513549626, 4851151.3827123073861 ], [ -672294.085227430798113, 4850980.015132813714445 ], [ -672247.572279370389879, 4850712.431339813396335 ], [ -672216.633622329914942, 4850424.921756753697991 ], [ -672214.514892453094944, 4850319.697550773620605 ], [ -672942.573722743429244, 4850412.564122847281396 ], [ -674308.491422643652186, 4850560.165864463895559 ], [ -674317.286531812278554, 4850336.113489462062716 ], [ -674307.403442030306906, 4850240.833368639461696 ], [ -674275.473570900503546, 4850141.706968761980534 ], [ -674172.946993517922238, 4849930.672772225923836 ], [ -674144.210102283395827, 4849847.946413864381611 ], [ -674130.84007758833468, 4849759.599311311729252 ], [ -674133.475836841622368, 4849661.969733932055533 ], [ -674172.248412661720067, 4849374.454839597456157 ], [ -674249.786178153241053, 4848942.764922614209354 ], [ -674348.833482341840863, 4848522.342710663564503 ], [ -674752.749204667285085, 4846178.929997511208057 ], [ -674863.033048989716917, 4845550.400199905969203 ], [ -674979.419241974595934, 4844908.52681281697005 ], [ -674793.024702393217012, 4844869.258539870381355 ], [ -674476.781474499963224, 4844831.542084479704499 ], [ -672381.206746087409556, 4844525.06110975984484 ], [ -669647.786060664337128, 4844070.861108085140586 ], [ -666924.188497061608359, 4843600.640421142801642 ], [ -665613.033046868396923, 4843395.085761870257556 ], [ -665231.770068910671398, 4843317.898976081982255 ], [ -664619.244910865090787, 4846889.255487962625921 ], [ -664486.753849040949717, 4847738.976110910996795 ], [ -664470.058196812169626, 4847765.502368622459471 ], [ -664411.629643372725695, 4848116.636089472100139 ], [ -664365.398613816360012, 4848366.549384902231395 ], [ -664291.328442570520565, 4848843.135087509639561 ], [ -664179.957421933067963, 4849482.883128864690661 ], [ -663900.72057242365554, 4850983.843161748722196 ], [ -663855.686735219554976, 4851327.321283295750618 ], [ -663836.294993765186518, 4851465.675273043103516 ], [ -663737.501906293211505, 4852001.823844850994647 ], [ -663668.055514752166346, 4852438.247862559743226 ], [ -663625.77377865370363, 4852682.648831019178033 ], [ -663583.491797685157508, 4852927.040477453731 ] ] ] } },
{ "type": "Feature", "properties": { "OBJECTID": 139, "Block_Groups_TOTPOP10": 2660, "Block_Groups_PopOver65": 241, "Block_Groups_Over65Density": 90601.503759398503, "Shape_Length": 38577.816973192414, "Shape_Area": 66543783.316704817 }, "geometry": { "type": "Polygon", "coordinates": [ [ [ -678758.065833347151056, 4856826.706389170140028 ], [ -680264.061742485500872, 4857094.855361309833825 ], [ -680645.787320459494367, 4857170.973509719595313 ], [ -681356.045308941742405, 4857294.31590420473367 ], [ -682582.007285654079169, 4857519.807802315801382 ], [ -682890.440500434488058, 4855853.420667182654142 ], [ -683029.606885337969288, 4855023.831044940277934 ], [ -684305.122966169379652, 4847839.318691397085786 ], [ -683880.35521575761959, 4847763.171715145930648 ], [ -683568.020874510519207, 4847715.861883928999305 ], [ -683202.411268149036914, 4847639.575865724124014 ], [ -682783.582959577208385, 4847572.85185606405139 ], [ -681943.552505404222757, 4847414.14578278362751 ], [ -681231.620533749926835, 4847290.083124618045986 ], [ -681037.81937616923824, 4847245.546349588781595 ], [ -680812.6089652616065, 4847215.902267857454717 ], [ -680479.725319123826921, 4847160.609299114905298 ], [ -679658.650896784616634, 4847010.808015137910843 ], [ -678131.43288144050166, 4846751.993964713998139 ], [ -676356.675548936938867, 4846431.460720581002533 ], [ -674752.749204667285085, 4846178.929997511208057 ], [ -674348.833482341840863, 4848522.342710663564503 ], [ -674249.786178153241053, 4848942.764922614209354 ], [ -674172.248412661720067, 4849374.454839597456157 ], [ -674133.475836841622368, 4849661.969733932055533 ], [ -674130.84007758833468, 4849759.599311311729252 ], [ -674144.210102283395827, 4849847.946413864381611 ], [ -674172.946993517922238, 4849930.672772225923836 ], [ -674275.473570900503546, 4850141.706968761980534 ], [ -674307.403442030306906, 4850240.833368639461696 ], [ -674317.286531812278554, 4850336.113489462062716 ], [ -674308.491422643652186, 4850560.165864463895559 ], [ -674417.439482952468097, 4850604.069136729463935 ], [ -674566.896038762992248, 4850624.109410191886127 ], [ -674636.25601500691846, 4850612.823345182463527 ], [ -674690.919209270272404, 4850581.620109000243247 ], [ -674585.062068545259535, 4850411.4981126813218 ], [ -674576.303516435204074, 4850348.856091721914709 ], [ -674590.133213953813538, 4850282.609649764373899 ], [ -675459.796458081109449, 4850441.187429727055132 ], [ -675322.454237438272685, 4851249.412225298583508 ], [ -675982.15208597574383, 4851365.401710717007518 ], [ -676943.007889906642959, 4851547.69895726442337 ], [ -677553.126169196562842, 4851652.91570183262229 ], [ -677536.04735836526379, 4851772.161933733150363 ], [ -677541.202390012796968, 4851820.599132066592574 ], [ -677661.280595288844779, 4852207.549433839507401 ], [ -677713.60240305447951, 4852423.435771412216127 ], [ -677735.839948017848656, 4852547.288993570953608 ], [ -677749.822925426764414, 4852757.21150238905102 ], [ -677748.181408083997667, 4852844.439117464236915 ], [ -677657.913494889624417, 4853334.089168654754758 ], [ -678230.323031716048717, 4853429.051860766485333 ], [ -679286.154792729998007, 4853617.105770614929497 ], [ -679217.052978696301579, 4854002.573268896900117 ], [ -679142.077468894887716, 4854261.762288090772927 ], [ -679134.418338311137632, 4854456.554773663170636 ], [ -678992.527548949467018, 4855244.068502409383655 ], [ -678807.354069895343855, 4856049.53674943652004 ], [ -678733.941782532725483, 4856360.196457058191299 ], [ -678710.143476986791939, 4856487.242400730028749 ], [ -678758.591408924898133, 4856698.600252728909254 ], [ -678764.498092175927013, 4856772.785186622291803 ], [ -678758.065833347151056, 4856826.706389170140028 ] ] ] } },
{ "type": "Feature", "properties": { "OBJECTID": 140, "Block_Groups_TOTPOP10": 1465, "Block_Groups_PopOver65": 106, "Block_Groups_Over65Density": 72354.94880546075, "Shape_Length": 5415.744470580672, "Shape_Area": 1182136.2308679977 }, "geometry": { "type": "Polygon", "coordinates": [ [ [ -668562.381358997197822, 4874545.972745846956968 ], [ -668637.978010347113013, 4874631.364726876839995 ], [ -668678.804471399402246, 4874661.059355371631682 ], [ -669313.069233017973602, 4874778.817020138725638 ], [ -669365.25633852975443, 4874484.980726557783782 ], [ -669403.994735184125602, 4874289.522653753869236 ], [ -669415.418027414008975, 4874232.879238299094141 ], [ -669466.643474621931091, 4873953.135128597728908 ], [ -669092.615069347200915, 4873891.442916568368673 ], [ -668719.352881425991654, 4873825.395431487821043 ], [ -668633.692922493675724, 4873810.413778259418905 ], [ -668435.41159511404112, 4873774.987674730829895 ], [ -667948.191559737082571, 4873687.555976896546781 ], [ -667620.864861743524671, 4873622.083590401336551 ], [ -667640.080077050253749, 4873516.430859207175672 ], [ -667610.960381908109412, 4873471.497506529092789 ], [ -667501.274712368147448, 4873585.401123001240194 ], [ -667403.344549103407189, 4873662.264358868822455 ], [ -667598.291207920992747, 4873971.471220020204782 ], [ -667664.2306669941172, 4874043.134480421431363 ], [ -667729.888843332184479, 4874086.182766576297581 ], [ -667805.544626155868173, 4874115.192582059651613 ], [ -668181.931081047980115, 4874184.749371216632426 ], [ -668251.379480082774535, 4874210.424191027879715 ], [ -668301.821353466250002, 4874245.556306540034711 ], [ -668562.381358997197822, 4874545.972745846956968 ] ] ] } },
{ "type": "Feature", "properties": { "OBJECTID": 141, "Block_Groups_TOTPOP10": 1450, "Block_Groups_PopOver65": 149, "Block_Groups_Over65Density": 102758.62068965517, "Shape_Length": 4038.282137794597, "Shape_Area": 894745.89656269609 }, "geometry": { "type": "Polygon", "coordinates": [ [ [ -669495.721300667384639, 4877853.389556964859366 ], [ -669844.15118562313728, 4877943.765529858879745 ], [ -669848.767645308049396, 4877852.892292063683271 ], [ -669956.243669064249843, 4877381.735872467979789 ], [ -669684.851176026742905, 4877195.887056931853294 ], [ -669509.67316123098135, 4877059.223992014303803 ], [ -669192.264958920422941, 4876787.174737549386919 ], [ -668970.829598842421547, 4876595.829676035791636 ], [ -668910.514703143155202, 4876914.450026685371995 ], [ -668743.562251816736534, 4877717.117888839915395 ], [ -669031.60950219607912, 4877751.786715378984809 ], [ -669254.955325095448643, 4877815.711492844857275 ], [ -669495.721300667384639, 4877853.389556964859366 ] ] ] } },
{ "type": "Feature", "properties": { "OBJECTID": 142, "Block_Groups_TOTPOP10": 4816, "Block_Groups_PopOver65": 355, "Block_Groups_Over65Density": 73712.624584717603, "Shape_Length": 10285.33255037106, "Shape_Area": 5672428.586032493 }, "geometry": { "type": "Polygon", "coordinates": [ [ [ -656544.578712068032473, 4881628.401260897517204 ], [ -656496.926744566764683, 4881842.230988063849509 ], [ -656469.522994535043836, 4881995.791722249239683 ], [ -656235.233299830928445, 4883432.326506328769028 ], [ -659311.89746076008305, 4883958.916421951726079 ], [ -659553.903820973820984, 4882659.415083423256874 ], [ -659603.523904359899461, 4882421.908404701389372 ], [ -659095.102817344479263, 4882335.695565694011748 ], [ -659008.855449908180162, 4882337.952391130849719 ], [ -658798.934225815813988, 4882302.191363899037242 ], [ -658921.775343964109197, 4881695.430488543584943 ], [ -658751.029291940853, 4881672.494640816934407 ], [ -658711.747620715759695, 4881673.169500139541924 ], [ -658580.951496068853885, 4881697.708924359641969 ], [ -658444.117832758463919, 4881674.672680022194982 ], [ -658322.142134898109362, 4881674.483718479983509 ], [ -658285.855109452502802, 4881683.936157610267401 ], [ -658146.667455148650333, 4881743.794993952848017 ], [ -658123.343767021782696, 4881747.99644055403769 ], [ -657825.867661220021546, 4881687.301909916102886 ], [ -657681.163805021671578, 4881674.920150325633585 ], [ -657557.238893528468907, 4881655.645005071535707 ], [ -657518.409632784314454, 4881662.407909101806581 ], [ -657477.303267862880602, 4881682.282656363211572 ], [ -657390.270493629388511, 4881771.470956252887845 ], [ -657368.072392471367493, 4881751.857675278559327 ], [ -657332.758311094949022, 4881742.723083202727139 ], [ -657146.89622624614276, 4881720.202534859068692 ], [ -657112.776002905564383, 4881695.518738270737231 ], [ -657065.916918481700122, 4881640.108968367800117 ], [ -657028.942872929153964, 4881623.184291851706803 ], [ -656806.058484166162089, 4881670.783704690635204 ], [ -656737.765577808720991, 4881669.434390053153038 ], [ -656682.686295947059989, 4881661.374952614307404 ], [ -656544.578712068032473, 4881628.401260897517204 ] ] ] } },
{ "type": "Feature", "properties": { "OBJECTID": 143, "Block_Groups_TOTPOP10": 1026, "Block_Groups_PopOver65": 136, "Block_Groups_Over65Density": 132553.60623781677, "Shape_Length": 34430.166191132092, "Shape_Area": 41272575.646908171 }, "geometry": { "type": "Polygon", "coordinates": [ [ [ -660656.44611081527546, 4861666.154721432365477 ], [ -660905.655872495379299, 4861945.593313574790955 ], [ -661607.004942408762872, 4862727.78171964827925 ], [ -661664.441021914128214, 4862422.421369709074497 ], [ -661734.325791697949171, 4862080.068622347898781 ], [ -661758.611993471160531, 4861625.935763293877244 ], [ -661766.359091164078563, 4861576.851039843633771 ], [ -662358.291798893595114, 4858272.093432277441025 ], [ -662823.410475635668263, 4856174.589400275610387 ], [ -663238.525401381775737, 4854789.521629846654832 ], [ -663170.478845629375428, 4854802.607517045922577 ], [ -663028.134508836315945, 4854808.111179019324481 ], [ -662996.314189698081464, 4854804.112000861205161 ], [ -662853.362563874106854, 4854765.064674320630729 ], [ -662765.748813799815252, 4854751.414278398267925 ], [ -662634.773200109833851, 4854761.15259893424809 ], [ -662588.550161872757599, 4854770.484661492519081 ], [ -662539.339334775693715, 4854766.493090813048184 ], [ -662467.850261020241305, 4854738.308252201415598 ], [ -662331.988769174087793, 4854723.852817315608263 ], [ -662284.72500314633362, 4854699.859423446469009 ], [ -662267.8402403970249, 4854696.939810578711331 ], [ -662211.695325677515939, 4854706.818544962443411 ], [ -662142.339503914350644, 4854736.260367629118264 ], [ -661919.629632555413991, 4854883.074002855457366 ], [ -661804.775176452705637, 4854970.187983921729028 ], [ -661660.369276572717354, 4855110.195543534122407 ], [ -661591.587870657444, 4855193.21838004887104 ], [ -661544.600892291869968, 4855276.994023130275309 ], [ -661500.974793774774298, 4855328.206775448285043 ], [ -661446.338895604247227, 4855377.516274102032185 ], [ -661364.365474071120843, 4855410.049023939296603 ], [ -661132.027157929958776, 4855442.208023493178189 ], [ -661066.759194007143378, 4855465.577907426282763 ], [ -661013.862239853246137, 4855465.476856930181384 ], [ -660974.664417303400114, 4855491.091987424530089 ], [ -660818.35156752797775, 4855665.186191011220217 ], [ -660769.349148738197982, 4855738.815560385584831 ], [ -660712.340252049034461, 4855867.546776308678091 ], [ -660690.339608636451885, 4855929.269096240401268 ], [ -660659.711968437070027, 4856093.431449365802109 ], [ -660654.47719365847297, 4856202.481509148143232 ], [ -660646.181305755628273, 4856219.875886148773134 ], [ -660641.109419042244554, 4856275.482249602675438 ], [ -660656.716728781349957, 4856447.624018519185483 ], [ -660643.96370567730628, 4856451.445303452201188 ], [ -660649.877996106864884, 4856627.179993592202663 ], [ -660642.267654191004112, 4856653.72841545380652 ], [ -660581.25987979513593, 4856661.260754218325019 ], [ -660575.773388202534989, 4856679.892215464264154 ], [ -660540.300872003426775, 4856697.108043959364295 ], [ -660510.164203421911225, 4856700.937900460325181 ], [ -660417.210655774688348, 4856661.534550631418824 ], [ -660336.666215122677386, 4856659.669348607771099 ], [ -660195.826039218576625, 4856669.98142945766449 ], [ -660140.407803412061185, 4856662.6688392162323 ], [ -660107.558297504205257, 4856647.205887228250504 ], [ -660079.207190689863637, 4856614.447405725717545 ], [ -660059.952849984634668, 4856620.911521791480482 ], [ -660038.897278145886958, 4856690.318770065903664 ], [ -660018.404181096004322, 4856699.581065628677607 ], [ -660007.420203214278445, 4856693.166012145578861 ], [ -659855.9037206673529, 4856918.504013124853373 ], [ -659774.384900388307869, 4857009.84472540859133 ], [ -659710.314072968205437, 4857065.795562081970274 ], [ -659707.828047039918602, 4857119.579704751260579 ], [ -659670.222946441499516, 4857101.038942875340581 ], [ -659634.140498341759667, 4857095.561696811579168 ], [ -659548.199772245949134, 4857120.629984785802662 ], [ -659469.274562202626839, 4857161.968851733952761 ], [ -659325.662863271776587, 4857284.751099154353142 ], [ -659302.719157208921388, 4857295.095831645652652 ], [ -659275.293777981773019, 4857296.38493315782398 ], [ -658648.619892398826778, 4857219.105973172001541 ], [ -658949.551665751961991, 4855601.664921574294567 ], [ -658160.52583657973446, 4855496.494008182547987 ], [ -657316.676408003550023, 4855363.149135229177773 ], [ -655987.508690764429048, 4855134.360229735262692 ], [ -654882.975275963777676, 4854961.762437232770026 ], [ -654073.946493386989459, 4854819.765000247396529 ], [ -654006.008581025060266, 4854819.391202786937356 ], [ -653665.646737389732152, 4854861.080692818388343 ], [ -653204.093105960637331, 4854878.220576479099691 ], [ -652920.708560151979327, 4856419.334373875521123 ], [ -652886.960336571326479, 4856585.140890668146312 ], [ -652828.846362373791635, 4856782.885395836085081 ], [ -652742.924166509648785, 4857217.421998082660139 ], [ -653102.910168610746041, 4857755.587463421747088 ], [ -653207.677319832378998, 4857888.716555853374302 ], [ -653272.457320763031021, 4857960.044928317889571 ], [ -653391.717462519649416, 4858079.111196198500693 ], [ -653509.817625542171299, 4858182.930443430319428 ], [ -653646.881172544555739, 4858286.24852127302438 ], [ -653834.765726481098682, 4858405.830077693797648 ], [ -655009.771144403377548, 4858999.219907253049314 ], [ -655051.431835350813344, 4859037.994692724198103 ], [ -655457.205172850284725, 4859229.748461101204157 ], [ -655584.010330035351217, 4859269.64204348064959 ], [ -655886.349879529792815, 4859316.441720310598612 ], [ -656106.250612763687968, 4859333.249723280780017 ], [ -656468.966329696122557, 4859318.984945058822632 ], [ -656700.104329955996946, 4859340.75789753627032 ], [ -657037.460864694789052, 4859359.778369626961648 ], [ -657584.682886865455657, 4859519.623530697077513 ], [ -657775.811218188842759, 4859637.639595576561987 ], [ -658932.795452781487256, 4860452.246593411080539 ], [ -659164.177925953874364, 4860608.119457504712045 ], [ -660180.02622674847953, 4861254.852725584059954 ], [ -660360.180654026800767, 4861374.821095193736255 ], [ -660518.304843551712111, 4861517.323342023417354 ], [ -660656.44611081527546, 4861666.154721432365477 ] ] ] } },
{ "type": "Feature", "properties": { "OBJECTID": 144, "Block_Groups_TOTPOP10": 1546, "Block_Groups_PopOver65": 212, "Block_Groups_Over65Density": 137128.07244501941, "Shape_Length": 28506.872372622056, "Shape_Area": 26413696.177834351 }, "geometry": { "type": "Polygon", "coordinates": [ [ [ -653204.093105960637331, 4854878.220576479099691 ], [ -653665.646737389732152, 4854861.080692818388343 ], [ -654006.008581025060266, 4854819.391202786937356 ], [ -654073.946493386989459, 4854819.765000247396529 ], [ -654882.975275963777676, 4854961.762437232770026 ], [ -655987.508690764429048, 4855134.360229735262692 ], [ -657316.676408003550023, 4855363.149135229177773 ], [ -658160.52583657973446, 4855496.494008182547987 ], [ -658949.551665751961991, 4855601.664921574294567 ], [ -658648.619892398826778, 4857219.105973172001541 ], [ -659275.293777981773019, 4857296.38493315782398 ], [ -659302.719157208921388, 4857295.095831645652652 ], [ -659325.662863271776587, 4857284.751099154353142 ], [ -659469.274562202626839, 4857161.968851733952761 ], [ -659548.199772245949134, 4857120.629984785802662 ], [ -659634.140498341759667, 4857095.561696811579168 ], [ -659670.222946441499516, 4857101.038942875340581 ], [ -659707.828047039918602, 4857119.579704751260579 ], [ -659710.314072968205437, 4857065.795562081970274 ], [ -659774.384900388307869, 4857009.84472540859133 ], [ -659855.9037206673529, 4856918.504013124853373 ], [ -660007.420203214278445, 4856693.166012145578861 ], [ -660018.404181096004322, 4856699.581065628677607 ], [ -660038.897278145886958, 4856690.318770065903664 ], [ -660059.952849984634668, 4856620.911521791480482 ], [ -660079.207190689863637, 4856614.447405725717545 ], [ -660107.558297504205257, 4856647.205887228250504 ], [ -660140.407803412061185, 4856662.6688392162323 ], [ -660195.826039218576625, 4856669.98142945766449 ], [ -660336.666215122677386, 4856659.669348607771099 ], [ -660417.210655774688348, 4856661.534550631418824 ], [ -660510.164203421911225, 4856700.937900460325181 ], [ -660540.300872003426775, 4856697.108043959364295 ], [ -660575.773388202534989, 4856679.892215464264154 ], [ -660581.25987979513593, 4856661.260754218325019 ], [ -660642.267654191004112, 4856653.72841545380652 ], [ -660649.877996106864884, 4856627.179993592202663 ], [ -660643.96370567730628, 4856451.445303452201188 ], [ -660656.716728781349957, 4856447.624018519185483 ], [ -660641.109419042244554, 4856275.482249602675438 ], [ -660646.181305755628273, 4856219.875886148773134 ], [ -660654.47719365847297, 4856202.481509148143232 ], [ -660659.711968437070027, 4856093.431449365802109 ], [ -660690.339608636451885, 4855929.269096240401268 ], [ -660712.340252049034461, 4855867.546776308678091 ], [ -660769.349148738197982, 4855738.815560385584831 ], [ -660818.35156752797775, 4855665.186191011220217 ], [ -660974.664417303400114, 4855491.091987424530089 ], [ -661013.862239853246137, 4855465.476856930181384 ], [ -661066.759194007143378, 4855465.577907426282763 ], [ -661132.027157929958776, 4855442.208023493178189 ], [ -661364.365474071120843, 4855410.049023939296603 ], [ -661446.338895604247227, 4855377.516274102032185 ], [ -661500.974793774774298, 4855328.206775448285043 ], [ -661544.600892291869968, 4855276.994023130275309 ], [ -661591.587870657444, 4855193.21838004887104 ], [ -661660.369276572717354, 4855110.195543534122407 ], [ -661804.775176452705637, 4854970.187983921729028 ], [ -661919.629632555413991, 4854883.074002855457366 ], [ -662142.339503914350644, 4854736.260367629118264 ], [ -662211.695325677515939, 4854706.818544962443411 ], [ -662267.8402403970249, 4854696.939810578711331 ], [ -662284.72500314633362, 4854699.859423446469009 ], [ -662331.988769174087793, 4854723.852817315608263 ], [ -662467.850261020241305, 4854738.308252201415598 ], [ -662539.339334775693715, 4854766.493090813048184 ], [ -662588.550161872757599, 4854770.484661492519081 ], [ -662634.773200109833851, 4854761.15259893424809 ], [ -662765.748813799815252, 4854751.414278398267925 ], [ -662853.362563874106854, 4854765.064674320630729 ], [ -662996.314189698081464, 4854804.112000861205161 ], [ -663028.134508836315945, 4854808.111179019324481 ], [ -663170.478845629375428, 4854802.607517045922577 ], [ -663238.525401381775737, 4854789.521629846654832 ], [ -663239.43860209081322, 4854714.339668373577297 ], [ -663298.024568415945396, 4854423.863970036618412 ], [ -663315.341806455515325, 4854371.85966856777668 ], [ -663320.203680576989427, 4854291.32891720533371 ], [ -663454.89824671135284, 4853731.442109692841768 ], [ -662148.731274446472526, 4853562.067788388580084 ], [ -661601.396767339901999, 4853482.559354149736464 ], [ -660078.346733806654811, 4853242.980006632395089 ], [ -658972.094723098911345, 4853103.450199224986136 ], [ -658500.337767441757023, 4853050.784793328493834 ], [ -657914.324452400673181, 4852946.086908416822553 ], [ -656953.565150543581694, 4852787.505627880804241 ], [ -657104.074295467464253, 4851969.729733706451952 ], [ -654218.460748512530699, 4851507.890486849471927 ], [ -653844.323604456614703, 4851445.968965237028897 ], [ -653411.697603959823027, 4853716.779379024170339 ], [ -653204.093105960637331, 4854878.220576479099691 ] ] ] } },
{ "type": "Feature", "properties": { "OBJECTID": 145, "Block_Groups_TOTPOP10": 1710, "Block_Groups_PopOver65": 534, "Block_Groups_Over65Density": 312280.70175438595, "Shape_Length": 24159.749830505563, "Shape_Area": 17105209.717862099 }, "geometry": { "type": "Polygon", "coordinates": [ [ [ -664137.242334644310176, 4879648.454551957547665 ], [ -664425.973310639383271, 4880610.517845646478236 ], [ -664500.669259211979806, 4880812.791143578477204 ], [ -664562.174140470800921, 4880948.18200671672821 ], [ -664640.207495363662019, 4881092.466908483766019 ], [ -664705.717325998237357, 4881196.269366199150681 ], [ -665097.185369542567059, 4881763.248509429395199 ], [ -665079.711887009209022, 4881716.645584206096828 ], [ -665328.429822008591145, 4881694.803080266341567 ], [ -665382.953454671194777, 4881697.578365925699472 ], [ -665443.841730367159471, 4881681.193789941258729 ], [ -665512.862343794666231, 4881687.255819863639772 ], [ -665575.878487379522994, 4881680.25448957271874 ], [ -665604.340171212330461, 4881659.702107761055231 ], [ -665611.757709737401456, 4881630.213426262140274 ], [ -665608.107388777192682, 4881612.30483297817409 ], [ -665577.147425890201703, 4881591.122323932126164 ], [ -665556.335494551807642, 4881550.689935440197587 ], [ -665546.513913713861257, 4881542.214555728249252 ], [ -665553.321947244927287, 4881529.138263829983771 ], [ -665563.016145865665749, 4881538.3421775912866 ], [ -665580.543107746634632, 4881511.371689256280661 ], [ -665595.743622347014025, 4881502.015525690279901 ], [ -665664.733235810883343, 4881512.578092682175338 ], [ -665641.550051955971867, 4881528.797933922149241 ], [ -665610.794321395689622, 4881562.465671440586448 ], [ -665604.462623743573204, 4881577.126917451620102 ], [ -665634.381444409256801, 4881574.099274477921426 ], [ -665648.280240829568356, 4881559.25954685267061 ], [ -665648.507537786616012, 4881545.032450988888741 ], [ -665658.113259102916345, 4881533.196204773150384 ], [ -665680.780979485716671, 4881537.160323933698237 ], [ -665695.781800631666556, 4881554.801515965722501 ], [ -665665.441420890390873, 4881581.783657086081803 ], [ -665666.992149757221341, 4881603.079683019779623 ], [ -665732.470072316005826, 4881560.466916310600936 ], [ -665744.263620358658955, 4881566.284035838209093 ], [ -665773.627528636017814, 4881605.209702214226127 ], [ -665792.350869700778276, 4881614.491536552086473 ], [ -665815.246102301636711, 4881604.229096278548241 ], [ -665833.526394429849461, 4881607.426374918781221 ], [ -665820.989299394888803, 4881636.02011458016932 ], [ -665829.469290940323845, 4881660.780855292454362 ], [ -665858.026199615327641, 4881643.999962103553116 ], [ -665878.05723649985157, 4881641.496565692126751 ], [ -665888.160276232054457, 4881661.285136154852808 ], [ -665870.73242448666133, 4881674.756319411098957 ], [ -665839.666470253840089, 4881684.34007908962667 ], [ -665832.348169779870659, 4881700.330407340079546 ], [ -665902.161382878897712, 4881714.794610241428018 ], [ -665917.475602765567601, 4881657.402266522869468 ], [ -665937.76164038782008, 4881653.441922319121659 ], [ -665947.005936827277765, 4881673.831270846538246 ], [ -665943.242771854391322, 4881703.959559546783566 ], [ -665949.85048923548311, 4881717.880511103197932 ], [ -665969.754020356107503, 4881716.106077430769801 ], [ -666001.491013585589826, 4881698.380372935906053 ], [ -666003.805298298131675, 4881715.304900001734495 ], [ -665981.855771061731502, 4881746.006021723151207 ], [ -665983.123686804203317, 4881755.989305603317916 ], [ -666002.101299966685474, 4881763.814599624834955 ], [ -666062.9855951750651, 4881764.704453117214143 ], [ -666134.751328830141574, 4881746.473572810180485 ], [ -666173.793802698841318, 4881747.29737155418843 ], [ -666180.429826578125358, 4881692.14078376814723 ], [ -666224.591195810120553, 4881693.860370410606265 ], [ -666260.769379310077056, 4881702.443218796513975 ], [ -666298.45108988811262, 4881689.513085669837892 ], [ -666310.337960388278589, 4881699.1021290384233 ], [ -666313.214074019342661, 4881738.652672443538904 ], [ -666342.301151379011571, 4881748.99894202966243 ], [ -666367.237483666045591, 4881727.080735201016068 ], [ -666399.665844030911103, 4881731.253761508502066 ], [ -666445.110340262297541, 4881708.418910226784647 ], [ -666458.927896763430908, 4881737.119185195304453 ], [ -666480.515586177352816, 4881738.644423989579082 ], [ -666499.662541401106864, 4881723.973306431435049 ], [ -666489.594874588772655, 4881699.683821027167141 ], [ -666502.9520254265517, 4881692.259397693909705 ], [ -666537.574345100438222, 4881696.816909660585225 ], [ -666550.548957877326757, 4881691.578490612097085 ], [ -666588.75013151508756, 4881658.465102536603808 ], [ -666628.270146155497059, 4881660.876496329903603 ], [ -666666.140691424487159, 4881655.490001430734992 ], [ -666679.923619840759784, 4881688.690833755768836 ], [ -666692.039812502451241, 4881684.053196701221168 ], [ -666700.312704666284844, 4881671.233467975631356 ], [ -666684.208530455594882, 4881638.377200279384851 ], [ -666681.325901848031208, 4881616.095344173721969 ], [ -666698.050654250895604, 4881615.268044427968562 ], [ -666761.03004040196538, 4881630.046608998440206 ], [ -666778.766624732874334, 4881640.660833314061165 ], [ -666780.160987511975691, 4881649.916221960447729 ], [ -666792.847011050442234, 4881650.635024721734226 ], [ -666804.11319793923758, 4881629.327922273427248 ], [ -666823.865084736142308, 4881615.513635385781527 ], [ -666862.008020102744922, 4881638.711728573776782 ], [ -666895.457748856861144, 4881637.058077335357666 ], [ -666905.490330363158137, 4881665.848684060387313 ], [ -666915.310775509802625, 4881674.326437838375568 ], [ -666940.682836608029902, 4881675.764567410573363 ], [ -666948.906058625085279, 4881637.403731558471918 ], [ -666963.412145792739466, 4881623.422388854436576 ], [ -666983.0279762216378, 4881627.607600855641067 ], [ -666974.907019606558606, 4881652.46919172629714 ], [ -666979.991489543812349, 4881657.865123365074396 ], [ -667038.688596630236134, 4881593.79686751589179 ], [ -667057.199833245947957, 4881582.769584823399782 ], [ -667072.232258208096027, 4881595.915138866752386 ], [ -667073.505171735072508, 4881653.2111980561167 ], [ -667136.798877164022997, 4881674.807228188030422 ], [ -667167.514526017243043, 4881615.602514003403485 ], [ -667187.768315333174542, 4881616.145255669020116 ], [ -667195.547262374777347, 4881636.281673556193709 ], [ -667209.793364567682147, 4881576.445484255440533 ], [ -667222.9996617580764, 4881556.979703317396343 ], [ -667265.107604286167771, 4881540.32188768684864 ], [ -667269.946567482315004, 4881529.904456264339387 ], [ -667267.840790579095483, 4881485.978495947085321 ], [ -667329.673742388142273, 4881507.320351479575038 ], [ -667379.723136098356918, 4881505.571331120096147 ], [ -667383.56581231369637, 4881513.754254911094904 ], [ -667368.248405953403562, 4881553.878131332807243 ], [ -667376.130139854503796, 4881560.515386836603284 ], [ -667432.005053636617959, 4881547.020391223020852 ], [ -667449.310005438281223, 4881534.280359599739313 ], [ -667437.688901841174811, 4881505.96016804035753 ], [ -667446.788030485622585, 4881497.039800643920898 ], [ -667460.775146706029773, 4881503.244517696090043 ], [ -667484.758631401695311, 4881542.741926265880466 ], [ -667496.365576008567587, 4881541.01979146245867 ], [ -667498.442014373838902, 4881524.861627548001707 ], [ -667489.456335325958207, 4881503.010787660256028 ], [ -667460.598921856144443, 4881478.430644589476287 ], [ -667459.23963669850491, 4881464.674554112367332 ], [ -667484.750856772530824, 4881448.114441490732133 ], [ -667503.43961688503623, 4881461.901755570434034 ], [ -667525.42596912686713, 4881491.28671323787421 ], [ -667548.005380061920732, 4881538.799701784737408 ], [ -667555.935303510166705, 4881570.979602105915546 ], [ -667570.339596780249849, 4881570.498675661161542 ], [ -667586.948185485089198, 4881553.130837461911142 ], [ -667610.976020652335137, 4881570.857673175632954 ], [ -667611.603643127717078, 4881584.485566456802189 ], [ -667605.046334258979186, 4881596.103892097249627 ], [ -667590.955882246606052, 4881603.398760088719428 ], [ -667587.230475259246305, 4881611.758150647394359 ], [ -667609.93379540881142, 4881611.22897254768759 ], [ -667613.927743807202205, 4881631.45452615339309 ], [ -667622.830388590693474, 4881632.262997759506106 ], [ -667608.601676072459668, 4881657.557272209785879 ], [ -667651.686638648388907, 4881656.84368924703449 ], [ -667696.513385997386649, 4881667.700508192181587 ], [ -667689.062351974658668, 4881684.419089304283261 ], [ -667670.735849300632253, 4881702.987282359972596 ], [ -667683.863567200256512, 4881709.793085725978017 ], [ -667711.975357586983591, 4881704.203987211920321 ], [ -667767.861856375588104, 4881673.44098240416497 ], [ -667736.011540398234501, 4881657.347125607542694 ], [ -667707.631424401653931, 4881634.351273921318352 ], [ -667697.091015898622572, 4881608.472832761704922 ], [ -667721.847667132504284, 4881579.014528370462358 ], [ -667732.942128396360204, 4881532.893508167937398 ], [ -667751.22736627003178, 4881630.723763788118958 ], [ -667773.281526985345408, 4881651.109515850432217 ], [ -667828.043470296775922, 4881639.675642875954509 ], [ -667870.571516632568091, 4881616.335368243046105 ], [ -667902.723336053779349, 4881609.201435069553554 ], [ -667932.704876522533596, 4881614.454601982608438 ], [ -667953.238132590195164, 4881626.313576268032193 ], [ -667963.081197518389672, 4881647.564634999260306 ], [ -667954.457433433970436, 4881705.383319314569235 ], [ -667961.270914795808494, 4881739.621501591056585 ], [ -667951.207584905205294, 4881762.641242223791778 ], [ -668043.297221446409822, 4881800.557575817219913 ], [ -668043.668436745647341, 4881815.642651679925621 ], [ -668023.808615741552785, 4881842.953361381776631 ], [ -668005.167900436092168, 4881854.706660875119269 ], [ -667971.809654465410858, 4881860.126032488420606 ], [ -667939.809637619182467, 4881879.301213080994785 ], [ -667927.076973439427093, 4881900.350678640417755 ], [ -667922.318153127562255, 4881931.809138787910342 ], [ -667943.720940711675212, 4881925.796806550584733 ], [ -667969.684940342791378, 4881945.366391083225608 ], [ -667968.558906629215926, 4881964.694581614807248 ], [ -667957.659819538705051, 4882001.084655516780913 ], [ -667944.42824447224848, 4882007.777583254501224 ], [ -667916.967205990338698, 4881992.451739564538002 ], [ -667908.517401978839189, 4882027.768810069188476 ], [ -667916.398178575560451, 4882034.406617761589587 ], [ -667963.358250095974654, 4882037.379085288383067 ], [ -667975.684058073442429, 4882053.056667080149055 ], [ -667985.921036048093811, 4882054.850720644928515 ], [ -667977.205210805172101, 4882014.272535829804838 ], [ -667994.000072442460805, 4882004.449092239141464 ], [ -668044.082899037981406, 4881998.206476355902851 ], [ -668122.646592908306047, 4882048.773729178123176 ], [ -668173.541032421635464, 4882063.702028440311551 ], [ -668196.499070232035592, 4882061.71814246289432 ], [ -668234.442020836519077, 4882047.341251478530467 ], [ -668261.800018843030557, 4882028.855968575924635 ], [ -668290.981396126095206, 4881995.67031910084188 ], [ -668331.134354355279356, 4881917.094359342008829 ], [ -668340.480418825522065, 4881876.67612227331847 ], [ -668434.669712137896568, 4881739.227205522358418 ], [ -668471.861496706027538, 4881711.950362685136497 ], [ -668512.665371647104621, 4881659.771195769309998 ], [ -668540.664421184221283, 4881637.641840265132487 ], [ -668587.610044422326609, 4881580.530282393097878 ], [ -668785.919363542227075, 4881442.552111706696451 ], [ -668856.992872011614963, 4881359.625552668236196 ], [ -668892.17953904834576, 4881339.506766834296286 ], [ -668908.401336553040892, 4881294.280670863576233 ], [ -668918.13888752204366, 4881204.352869702503085 ], [ -668965.587627166649327, 4881161.596507202833891 ], [ -668977.976655262056738, 4881138.230727810412645 ], [ -668943.17794571723789, 4880984.156683166511357 ], [ -668944.041429281700402, 4880811.544648339040577 ], [ -669195.072109873173758, 4880476.212926365435123 ], [ -669251.851863458985463, 4880302.872841839678586 ], [ -669654.52954202471301, 4880323.907979898154736 ], [ -670136.119634067174047, 4879925.317911323159933 ], [ -670249.199988644802943, 4879783.623644816689193 ], [ -670292.165302188834175, 4879616.099454320967197 ], [ -670812.192545211873949, 4879368.483705104328692 ], [ -671036.107208624947816, 4879416.053485862910748 ], [ -671527.554498665034771, 4879507.606117160059512 ], [ -671658.616132686147466, 4879426.925962382927537 ], [ -671690.001721363747492, 4879381.33971696626395 ], [ -671707.413584701018408, 4879372.374759439378977 ], [ -671549.918471137993038, 4879083.954852983355522 ], [ -671369.193555520148948, 4878751.626576118171215 ], [ -670966.220955220982432, 4878675.632032409310341 ], [ -670860.004361795959994, 4878657.743440094403923 ], [ -670800.797237550606951, 4878655.620186064392328 ], [ -670548.155985207529739, 4878685.688054358586669 ], [ -670485.844861476449296, 4878705.566196149215102 ], [ -670238.771576574537903, 4878820.028115589171648 ], [ -670216.787573569221422, 4878820.680732897482812 ], [ -670191.031977620441467, 4878804.140561405569315 ], [ -670161.170523108448833, 4878828.208653307519853 ], [ -670117.295200635446236, 4878833.287661442533135 ], [ -669606.062643770361319, 4878738.3865568600595 ], [ -669064.706023393664509, 4878638.999646878801286 ], [ -669020.309836395550519, 4878616.944605534896255 ], [ -668960.444022265262902, 4878558.367759334854782 ], [ -668918.021192009095103, 4878533.653790456242859 ], [ -668690.846718123182654, 4878478.831495003774762 ], [ -668594.503877046983689, 4878447.68130858708173 ], [ -668512.282451117644086, 4878422.011185249313712 ], [ -667974.004004016751423, 4878318.00009089987725 ], [ -667928.141351627418771, 4878295.696944075636566 ], [ -667895.933372142724693, 4878324.62120455969125 ], [ -667853.738183971028775, 4878350.294632916338742 ], [ -667668.431265063816682, 4878426.80549468845129 ], [ -667212.104761845432222, 4878582.867128838784993 ], [ -666884.163940366124734, 4878716.321837960742414 ], [ -666634.636833052383736, 4878780.860145142301917 ], [ -666611.316197890555486, 4878797.816158446483314 ], [ -666513.593454966787249, 4878722.884835796430707 ], [ -666474.29386215377599, 4878671.691474847495556 ], [ -666462.726498032454401, 4878634.361639957875013 ], [ -666455.313235256122425, 4878530.147123292088509 ], [ -666446.034489585086703, 4878496.973076510243118 ], [ -666436.52886155154556, 4878478.032844525761902 ], [ -666401.422735497355461, 4878437.338525614701211 ], [ -666362.748158963397145, 4878417.055372407659888 ], [ -666245.855902621522546, 4878391.363893387839198 ], [ -666252.892548295669258, 4878364.046792386099696 ], [ -666067.740454863989726, 4878323.422991813160479 ], [ -666012.070952973328531, 4878339.987371451221406 ], [ -665907.878660339396447, 4878431.457828473299742 ], [ -665712.455025748582557, 4878747.364497369155288 ], [ -665642.858835306484252, 4878766.001893841661513 ], [ -665587.363678496330976, 4878725.508115710690618 ], [ -665452.912653964012861, 4878545.776593898423016 ], [ -665401.831775145372376, 4878536.102633512578905 ], [ -665387.349017447093502, 4878614.698922967538238 ], [ -664125.895758022088557, 4878400.484083889983594 ], [ -664103.472559919115156, 4878395.069445318542421 ], [ -664054.521629851544276, 4878360.239999453537166 ], [ -664026.116346992785111, 4878319.981952444650233 ], [ -663994.463218049146235, 4878237.846077477559447 ], [ -663981.994033913593739, 4878222.90171355009079 ], [ -663954.989429092500359, 4878209.177417065948248 ], [ -663926.528006887994707, 4878264.301761304028332 ], [ -663856.276809766190127, 4878342.930871352553368 ], [ -663919.765349919907749, 4878847.464759924449027 ], [ -663943.179106824332848, 4878972.468770890496671 ], [ -663984.242816216312349, 4879138.853776468895376 ], [ -664137.242334644310176, 4879648.454551957547665 ] ] ] } },
{ "type": "Feature", "properties": { "OBJECTID": 146, "Block_Groups_TOTPOP10": 5969, "Block_Groups_PopOver65": 317, "Block_Groups_Over65Density": 53107.723236723068, "Shape_Length": 18023.294834266479, "Shape_Area": 16760375.455207722 }, "geometry": { "type": "Polygon", "coordinates": [ [ [ -659814.331998714013025, 4881452.922090403735638 ], [ -659658.718019319232553, 4882208.627619358710945 ], [ -659625.285300251096487, 4882340.144163594581187 ], [ -660108.345282624941319, 4882407.721873659640551 ], [ -661069.685472146375105, 4882583.429681085981429 ], [ -661786.834782985970378, 4882703.938304192386568 ], [ -662028.702735734404996, 4882742.365484639070928 ], [ -662268.472335546277463, 4882766.925502978265285 ], [ -662496.866077983519062, 4882813.52754034101963 ], [ -664036.951358250109479, 4883070.422894649207592 ], [ -664577.392762479139492, 4883167.876541724428535 ], [ -665573.417833272833377, 4883339.815958976745605 ], [ -665674.55300966068171, 4883356.010452043265104 ], [ -665803.058462309651077, 4883366.486171540804207 ], [ -665852.606374747818336, 4883380.412252866663039 ], [ -666220.087284632725641, 4883441.731969366781414 ], [ -666141.36757952789776, 4883284.560557489283383 ], [ -666105.22355137928389, 4883224.180142631754279 ], [ -665097.185369542567059, 4881763.248509429395199 ], [ -664705.717325998237357, 4881196.269366199150681 ], [ -664640.207495363662019, 4881092.466908483766019 ], [ -664562.174140470800921, 4880948.18200671672821 ], [ -664500.669259211979806, 4880812.791143578477204 ], [ -664425.973310639383271, 4880610.517845646478236 ], [ -664137.242334644310176, 4879648.454551957547665 ], [ -663529.198349141981453, 4879543.850571618415415 ], [ -661919.411751764826477, 4879297.756635076366365 ], [ -660298.090813973220065, 4879027.530040959827602 ], [ -660064.37310682144016, 4880232.378564222715795 ], [ -659814.331998714013025, 4881452.922090403735638 ] ] ] } },
{ "type": "Feature", "properties": { "OBJECTID": 147, "Block_Groups_TOTPOP10": 1353, "Block_Groups_PopOver65": 238, "Block_Groups_Over65Density": 175905.39541759054, "Shape_Length": 3913.019347366233, "Shape_Area": 940007.5048930567 }, "geometry": { "type": "Polygon", "coordinates": [ [ [ -676055.59661439456977, 4871056.125024424865842 ], [ -676196.731051524868235, 4871082.446514799259603 ], [ -676228.473871205467731, 4871073.730044839903712 ], [ -676272.17298648157157, 4871082.919840759597719 ], [ -676449.937263210071251, 4871042.690289887599647 ], [ -676703.03790976293385, 4870943.468116044066846 ], [ -676916.835303005063906, 4870981.833854140713811 ], [ -676948.498466124292463, 4870823.337057798169553 ], [ -677034.950080291368067, 4870838.547989199869335 ], [ -677176.577207424212247, 4870025.001557974144816 ], [ -676537.633222272153944, 4869912.623414219357073 ], [ -676489.877161172684282, 4869904.979306936264038 ], [ -676463.680607468821108, 4869907.900129174813628 ], [ -676381.823364759096876, 4869956.732576294802129 ], [ -676229.028956363908947, 4870065.348953232169151 ], [ -676128.16560081532225, 4870651.965887888334692 ], [ -676055.59661439456977, 4871056.125024424865842 ] ] ] } },
{ "type": "Feature", "properties": { "OBJECTID": 148, "Block_Groups_TOTPOP10": 1818, "Block_Groups_PopOver65": 47, "Block_Groups_Over65Density": 25852.585258525851, "Shape_Length": 2738.0202933226683, "Shape_Area": 277788.70614421379 }, "geometry": { "type": "Polygon", "coordinates": [ [ [ -674666.122060029534623, 4870991.060741620138288 ], [ -674667.276646867860109, 4871074.786401283927262 ], [ -674668.650382607709616, 4871101.363455004990101 ], [ -674818.533118742052466, 4871103.609531622380018 ], [ -675112.167281006230041, 4871095.746293734759092 ], [ -675107.037508787587285, 4871124.944146749563515 ], [ -675254.303653391078115, 4871133.511793912388384 ], [ -675412.522084097610787, 4871148.522134196013212 ], [ -675419.11017194041051, 4871016.487821533344686 ], [ -675494.003082607174292, 4870607.480800982564688 ], [ -675500.873148429905996, 4870589.874219701625407 ], [ -675530.052962300600484, 4870565.652060581371188 ], [ -675465.874201281229034, 4870548.354440208524466 ], [ -675107.869563054293394, 4870483.954540197737515 ], [ -675013.401812772499397, 4870987.345146746374667 ], [ -674666.122060029534623, 4870991.060741620138288 ] ] ] } },
{ "type": "Feature", "properties": { "OBJECTID": 149, "Block_Groups_TOTPOP10": 1255, "Block_Groups_PopOver65": 70, "Block_Groups_Over65Density": 55776.892430278887, "Shape_Length": 3395.2266153823912, "Shape_Area": 561550.15734985459 }, "geometry": { "type": "Polygon", "coordinates": [ [ [ -675805.481669436208904, 4871284.563756678253412 ], [ -675810.817723133834079, 4871245.619172369129956 ], [ -675998.92658226727508, 4871356.952139370143414 ], [ -676025.986029695952311, 4871220.23769589047879 ], [ -676055.59661439456977, 4871056.125024424865842 ], [ -676128.16560081532225, 4870651.965887888334692 ], [ -676229.028956363908947, 4870065.348953232169151 ], [ -675872.877084574196488, 4870321.105599076487124 ], [ -675530.052962300600484, 4870565.652060581371188 ], [ -675500.873148429905996, 4870589.874219701625407 ], [ -675494.003082607174292, 4870607.480800982564688 ], [ -675419.11017194041051, 4871016.487821533344686 ], [ -675412.522084097610787, 4871148.522134196013212 ], [ -675530.338053475599736, 4871169.9800482140854 ], [ -675602.312367308186367, 4871190.155221881344914 ], [ -675692.617196303326637, 4871226.345796606503427 ], [ -675805.481669436208904, 4871284.563756678253412 ] ] ] } },
{ "type": "Feature", "properties": { "OBJECTID": 150, "Block_Groups_TOTPOP10": 1247, "Block_Groups_PopOver65": 36, "Block_Groups_Over65Density": 28869.286287089013, "Shape_Length": 2454.9432420319272, "Shape_Area": 201363.29292173809 }, "geometry": { "type": "Polygon", "coordinates": [ [ [ -674111.056472441414371, 4870956.810328248888254 ], [ -674155.856873559765518, 4871011.325339734554291 ], [ -674242.373814082471654, 4871047.58154918346554 ], [ -674482.946353897219524, 4871083.801017358899117 ], [ -674668.650382607709616, 4871101.363455004990101 ], [ -674667.276646867860109, 4871074.786401283927262 ], [ -674666.122060029534623, 4870991.060741620138288 ], [ -674517.794944076798856, 4870992.854456971399486 ], [ -674514.637926195282489, 4870808.699296100996435 ], [ -674459.199877209495753, 4870814.767259431071579 ], [ -674491.935690730810165, 4870606.810864736326039 ], [ -674537.215932249091566, 4870374.712120917625725 ], [ -674413.784138789400458, 4870350.785540271550417 ], [ -674304.27255538594909, 4870329.304787330329418 ], [ -674194.457869878970087, 4870954.897060887888074 ], [ -674151.584439881378785, 4870949.628243577666581 ], [ -674111.056472441414371, 4870956.810328248888254 ] ] ] } },
{ "type": "Feature", "properties": { "OBJECTID": 151, "Block_Groups_TOTPOP10": 990, "Block_Groups_PopOver65": 112, "Block_Groups_Over65Density": 113131.31313131313, "Shape_Length": 2237.7359342182203, "Shape_Area": 307332.67243364942 }, "geometry": { "type": "Polygon", "coordinates": [ [ [ -674537.215932249091566, 4870374.712120917625725 ], [ -674491.935690730810165, 4870606.810864736326039 ], [ -674459.199877209495753, 4870814.767259431071579 ], [ -674514.637926195282489, 4870808.699296100996435 ], [ -674517.794944076798856, 4870992.854456971399486 ], [ -674666.122060029534623, 4870991.060741620138288 ], [ -675013.401812772499397, 4870987.345146746374667 ], [ -675107.869563054293394, 4870483.954540197737515 ], [ -674853.808267632033676, 4870434.064924766309559 ], [ -674537.215932249091566, 4870374.712120917625725 ] ] ] } },
{ "type": "Feature", "properties": { "OBJECTID": 152, "Block_Groups_TOTPOP10": 1020, "Block_Groups_PopOver65": 104, "Block_Groups_Over65Density": 101960.7843137255, "Shape_Length": 2833.2544046769435, "Shape_Area": 271813.23945153912 }, "geometry": { "type": "Polygon", "coordinates": [ [ [ -674984.045816373778507, 4869830.05129583645612 ], [ -674662.678812581580132, 4870025.738324578851461 ], [ -674211.099038609303534, 4870313.703452779911458 ], [ -674286.741878388216719, 4870304.404972532764077 ], [ -674311.852295475779101, 4870299.029844257049263 ], [ -674940.166174868820235, 4870204.654400935396552 ], [ -675063.437673207605258, 4870173.624236916191876 ], [ -675200.192907675169408, 4870108.840008321218193 ], [ -675463.275257275439799, 4869909.705999681726098 ], [ -675442.338909010170028, 4869882.697042386047542 ], [ -675427.428193459054455, 4869881.582845783792436 ], [ -675322.833718631882221, 4869840.631533776409924 ], [ -675229.889002997195348, 4869690.340535158291459 ], [ -675217.432579112704843, 4869688.152819452807307 ], [ -674984.045816373778507, 4869830.05129583645612 ] ] ] } },
{ "type": "Feature", "properties": { "OBJECTID": 153, "Block_Groups_TOTPOP10": 1122, "Block_Groups_PopOver65": 134, "Block_Groups_Over65Density": 119429.59001782531, "Shape_Length": 3467.3511686086349, "Shape_Area": 372344.56293266785 }, "geometry": { "type": "Polygon", "coordinates": [ [ [ -675107.869563054293394, 4870483.954540197737515 ], [ -675465.874201281229034, 4870548.354440208524466 ], [ -675530.052962300600484, 4870565.652060581371188 ], [ -675631.625791660975665, 4869781.230573832057416 ], [ -675463.275257275439799, 4869909.705999681726098 ], [ -675200.192907675169408, 4870108.840008321218193 ], [ -675063.437673207605258, 4870173.624236916191876 ], [ -674940.166174868820235, 4870204.654400935396552 ], [ -674311.852295475779101, 4870299.029844257049263 ], [ -674309.545768089825287, 4870312.170212039723992 ], [ -674304.27255538594909, 4870329.304787330329418 ], [ -674413.784138789400458, 4870350.785540271550417 ], [ -674537.215932249091566, 4870374.712120917625725 ], [ -674853.808267632033676, 4870434.064924766309559 ], [ -675107.869563054293394, 4870483.954540197737515 ] ] ] } },
{ "type": "Feature", "properties": { "OBJECTID": 154, "Block_Groups_TOTPOP10": 976, "Block_Groups_PopOver65": 109, "Block_Groups_Over65Density": 111680.32786885246, "Shape_Length": 3227.6618688390395, "Shape_Area": 361839.62650955841 }, "geometry": { "type": "Polygon", "coordinates": [ [ [ -675666.475330559769645, 4869273.28281859587878 ], [ -675850.110975715797395, 4869565.221134771592915 ], [ -676472.055090767797083, 4869237.203497034497559 ], [ -676489.936494578840211, 4869234.324852072633803 ], [ -676510.686159953009337, 4869283.889673389494419 ], [ -676648.87541068601422, 4869198.282181512564421 ], [ -677025.440318338107318, 4868895.629178122617304 ], [ -676596.768956953193992, 4868858.655388984829187 ], [ -676523.959988135378808, 4868847.362854244187474 ], [ -676495.171923524001613, 4868882.200221609324217 ], [ -676445.131696657510474, 4868913.302021149545908 ], [ -676039.753529675770551, 4869169.506083578802645 ], [ -676005.442380769643933, 4869132.615521584637463 ], [ -675979.098283980973065, 4869123.470215743407607 ], [ -675929.028114843415096, 4869128.974518595263362 ], [ -675788.396951921982691, 4869215.668299715034664 ], [ -675710.865419868612662, 4869244.198890288360417 ], [ -675666.475330559769645, 4869273.28281859587878 ] ] ] } },
{ "type": "Feature", "properties": { "OBJECTID": 155, "Block_Groups_TOTPOP10": 1137, "Block_Groups_PopOver65": 86, "Block_Groups_Over65Density": 75637.642919964826, "Shape_Length": 3624.5101569907756, "Shape_Area": 346333.51338461036 }, "geometry": { "type": "Polygon", "coordinates": [ [ [ -672788.795848246663809, 4869970.924164170399308 ], [ -672958.682899819221348, 4870074.446074831299484 ], [ -673250.017821669112891, 4870127.03366990853101 ], [ -673282.545599846402183, 4869846.795447216369212 ], [ -673343.70130586065352, 4869502.332839705981314 ], [ -673392.580766744911671, 4869210.636723616160452 ], [ -673380.839268747484311, 4869148.372753948904574 ], [ -673358.198762825923041, 4869087.960520380176604 ], [ -673269.694788747001439, 4869114.588222622871399 ], [ -673258.72571408865042, 4869125.458869502879679 ], [ -673285.445843796711415, 4869227.22349389269948 ], [ -673268.814536265097558, 4869352.240953588858247 ], [ -673234.174169609555975, 4869528.280554732307792 ], [ -673177.261817029910162, 4869581.514002051204443 ], [ -673139.474880882306024, 4869581.661764002405107 ], [ -673074.299853096250445, 4869565.720861270092428 ], [ -673061.517556865001097, 4869574.015147601254284 ], [ -673014.666614047018811, 4869638.794849812984467 ], [ -672970.587033344665542, 4869661.920095559209585 ], [ -672903.608941835118458, 4869673.506682007573545 ], [ -672829.479860209627077, 4869661.265719221904874 ], [ -672765.015947030158713, 4869632.659984489902854 ], [ -672633.959208066109568, 4869518.641190120950341 ], [ -672599.976150281727314, 4869501.398726300336421 ], [ -672559.549891542876139, 4869495.067321258597076 ], [ -672519.914604546967894, 4869497.152137097902596 ], [ -672442.052353624021634, 4869540.697776569984853 ], [ -672416.687621095450595, 4869547.540677988901734 ], [ -672380.623219332424924, 4869546.489303383976221 ], [ -672407.792019608197734, 4869606.932175415568054 ], [ -672449.694151705363765, 4869596.214699516072869 ], [ -672490.852290913229808, 4869602.673963717184961 ], [ -672513.274704447714612, 4869612.622737189754844 ], [ -672528.079540919745341, 4869627.256473476067185 ], [ -672706.625376166310161, 4869892.56284913700074 ], [ -672741.605084332870319, 4869938.574005878530443 ], [ -672788.795848246663809, 4869970.924164170399308 ] ] ] } },
{ "type": "Feature", "properties": { "OBJECTID": 156, "Block_Groups_TOTPOP10": 996, "Block_Groups_PopOver65": 58, "Block_Groups_Over65Density": 58232.931726907627, "Shape_Length": 3680.0423585562394, "Shape_Area": 620952.66767878667 }, "geometry": { "type": "Polygon", "coordinates": [ [ [ -674015.598648868734017, 4869620.179776019416749 ], [ -674275.491550674429163, 4869662.772121681831777 ], [ -674340.93462430126965, 4869767.575357261113822 ], [ -674786.871182305505499, 4869486.110739707946777 ], [ -674776.721590559463948, 4869470.781777648255229 ], [ -674734.091645358828828, 4869433.946076940745115 ], [ -674731.305643891682848, 4869415.394137121737003 ], [ -674733.228180159814656, 4869404.442272428423166 ], [ -674741.709129425697029, 4869399.157439621165395 ], [ -674746.415074321208522, 4869376.652155678719282 ], [ -674743.00499439239502, 4869344.443159118294716 ], [ -674695.445094235939905, 4869296.957993442192674 ], [ -674674.011013044742867, 4869285.66950308624655 ], [ -674522.801709371618927, 4869230.530503193847835 ], [ -674494.828380509512499, 4869226.373901488259435 ], [ -674410.288192881271243, 4869230.353597573935986 ], [ -674333.696246855193749, 4869219.171368454582989 ], [ -674283.243337932042778, 4869196.771428506821394 ], [ -674231.155424118507653, 4869149.248773504048586 ], [ -674211.626840883400291, 4869144.317171779461205 ], [ -674144.181746816029772, 4869167.104632154107094 ], [ -674078.438323480077088, 4869175.891273340210319 ], [ -674019.325744511326775, 4869181.326079398393631 ], [ -673962.298450290458277, 4869170.569851773791015 ], [ -673897.204078637529165, 4869128.295137540437281 ], [ -673809.443149911006913, 4869060.220160532742739 ], [ -673758.817588614067063, 4869012.958627452142537 ], [ -673714.985385657986626, 4868957.105036968365312 ], [ -673484.79907115874812, 4869037.909549749456346 ], [ -673358.198762825923041, 4869087.960520380176604 ], [ -673380.839268747484311, 4869148.372753948904574 ], [ -673392.580766744911671, 4869210.636723616160452 ], [ -673343.70130586065352, 4869502.332839705981314 ], [ -673765.743592611048371, 4869576.348373733460903 ], [ -674015.598648868734017, 4869620.179776019416749 ] ] ] } },
{ "type": "Feature", "properties": { "OBJECTID": 157, "Block_Groups_TOTPOP10": 1940, "Block_Groups_PopOver65": 36, "Block_Groups_Over65Density": 18556.701030927834, "Shape_Length": 2578.8150078864314, "Shape_Area": 418091.19864091079 }, "geometry": { "type": "Polygon", "coordinates": [ [ [ -673637.769660405348986, 4870202.567275973968208 ], [ -673769.260709310648963, 4870227.89278775639832 ], [ -673903.81040762970224, 4870253.005066701211035 ], [ -673951.46067552966997, 4869981.433878201059997 ], [ -674015.598648868734017, 4869620.179776019416749 ], [ -673765.743592611048371, 4869576.348373733460903 ], [ -673343.70130586065352, 4869502.332839705981314 ], [ -673282.545599846402183, 4869846.795447216369212 ], [ -673250.017821669112891, 4870127.03366990853101 ], [ -673466.971986640244722, 4870168.845270898193121 ], [ -673637.769660405348986, 4870202.567275973968208 ] ] ] } },
{ "type": "Feature", "properties": { "OBJECTID": 158, "Block_Groups_TOTPOP10": 2014, "Block_Groups_PopOver65": 138, "Block_Groups_Over65Density": 68520.357497517383, "Shape_Length": 5865.5534008541863, "Shape_Area": 1801682.8220696135 }, "geometry": { "type": "Polygon", "coordinates": [ [ [ -657062.826079882215708, 4879132.145317410118878 ], [ -656867.50565049960278, 4880158.062005473300815 ], [ -656825.709326254669577, 4880351.193953387439251 ], [ -657684.715971127385274, 4880184.325271398760378 ], [ -658136.5720553714782, 4880111.18072132114321 ], [ -658143.799781396752223, 4880047.885040840134025 ], [ -658443.71256282296963, 4878442.455087194219232 ], [ -658459.46323277358897, 4878382.124784931540489 ], [ -658460.61524233687669, 4878353.795042899437249 ], [ -657982.332271611085162, 4878617.60575348790735 ], [ -657062.826079882215708, 4879132.145317410118878 ] ] ] } },
{ "type": "Feature", "properties": { "OBJECTID": 159, "Block_Groups_TOTPOP10": 627, "Block_Groups_PopOver65": 101, "Block_Groups_Over65Density": 161084.52950558215, "Shape_Length": 23936.386831187112, "Shape_Area": 21194194.722426195 }, "geometry": { "type": "Polygon", "coordinates": [ [ [ -659265.028860796941444, 4870218.752356958575547 ], [ -659309.82807711022906, 4870225.765659444965422 ], [ -659262.817040159134194, 4870531.795755189843476 ], [ -659259.48891129065305, 4870598.863209289498627 ], [ -659466.603670177515596, 4871353.27235455904156 ], [ -659470.682013572892174, 4871386.295657958835363 ], [ -659398.194108535768464, 4871843.418181498534977 ], [ -659649.588321699760854, 4871863.726216089911759 ], [ -659667.160388263175264, 4871866.774378930218518 ], [ -659705.630462722154334, 4871888.477981630712748 ], [ -659722.487943305866793, 4871908.68683444429189 ], [ -659920.974774249363691, 4872273.027517529204488 ], [ -659946.693689235951751, 4872081.353324531577528 ], [ -660075.529453085968271, 4871243.195873714052141 ], [ -660144.213942644651979, 4871077.736260557547212 ], [ -660280.182259125867859, 4870211.369625268504024 ], [ -660273.572994540911168, 4869888.489563044160604 ], [ -660527.707171425921842, 4868388.34338821657002 ], [ -660855.283928378485143, 4866747.161361617036164 ], [ -660874.057225222466514, 4866673.703929217532277 ], [ -660901.877112389076501, 4866600.309841690585017 ], [ -660954.834742079256102, 4866307.895355486311018 ], [ -660957.326597477542236, 4866258.68701434507966 ], [ -660946.347848425386474, 4866130.425076796673238 ], [ -660950.198385311057791, 4866099.502565734088421 ], [ -661018.525211264844984, 4865957.907477684319019 ], [ -661061.449946579290554, 4865749.474337249062955 ], [ -661607.004942408762872, 4862727.78171964827925 ], [ -660905.655872495379299, 4861945.593313574790955 ], [ -660656.44611081527546, 4861666.154721432365477 ], [ -660336.544051160104573, 4861620.583412085659802 ], [ -660263.854744095355272, 4862062.533797121606767 ], [ -660240.770272320136428, 4862121.749550278298557 ], [ -660213.336811172775924, 4862149.360263677313924 ], [ -660114.097094481112435, 4862220.983407068997622 ], [ -659996.304084483534098, 4862373.672189897857606 ], [ -659933.174066581996158, 4862441.758226377889514 ], [ -659669.643223444931209, 4862716.704673279076815 ], [ -659494.909910049289465, 4862884.360780511982739 ], [ -659469.101524227298796, 4862928.801370111294091 ], [ -659444.917606463422999, 4863055.53015867434442 ], [ -659410.895716526312754, 4863125.633547293953598 ], [ -659210.706670562038198, 4863409.998291618190706 ], [ -659127.575409989105538, 4863515.237427341751754 ], [ -658991.541886096354574, 4863633.894728769548237 ], [ -658967.75683833588846, 4863644.827222344465554 ], [ -658859.925488243810833, 4863661.538296684622765 ], [ -658851.079333796165884, 4863669.035842170007527 ], [ -658837.585057211108506, 4863699.049824644811451 ], [ -658820.376212093280628, 4863737.448522589169443 ], [ -658756.508204461308196, 4863788.090133298188448 ], [ -658727.343400992453098, 4863821.411946848034859 ], [ -658700.913701406447217, 4863891.313829206861556 ], [ -658676.501809755107388, 4863927.713479481637478 ], [ -658450.436586944852024, 4864100.002338490448892 ], [ -658378.340170035837218, 4864180.810899113304913 ], [ -658360.4259075273294, 4864214.571191041730344 ], [ -658355.305862081004307, 4864279.125492268241942 ], [ -658427.008941086707637, 4864628.488791227340698 ], [ -658434.094423673115671, 4864696.654314846731722 ], [ -658421.846169304102659, 4864767.493497923016548 ], [ -658363.117097210371867, 4864998.016249818727374 ], [ -658298.98176891147159, 4865233.612141918390989 ], [ -658164.953374287579209, 4865484.939440502785146 ], [ -658084.063759809592739, 4865476.970127936452627 ], [ -658050.051360907498747, 4865481.61818646453321 ], [ -658008.359716141363606, 4865504.491791564971209 ], [ -657984.940159764373675, 4865539.548493299633265 ], [ -657771.76619396195747, 4866720.119399700313807 ], [ -657757.092641899362206, 4866765.703526205383241 ], [ -657619.457474420545623, 4867011.828688933514059 ], [ -657605.064864396350458, 4867073.247872531414032 ], [ -657579.964925283566117, 4867170.407393848523498 ], [ -657546.375523563241586, 4867255.571796217001975 ], [ -657531.782857057405636, 4867331.238664296455681 ], [ -657496.04102680599317, 4867585.936516733840108 ], [ -657476.944597971858457, 4867835.985332136973739 ], [ -657477.58211049856618, 4867897.740544119849801 ], [ -657507.529113534139469, 4868051.767701367847621 ], [ -657569.93362938775681, 4868236.213828328065574 ], [ -657629.347926925169304, 4868320.160909172147512 ], [ -657785.579880950739607, 4868507.306321044452488 ], [ -657892.752106843516231, 4868616.056075465865433 ], [ -658356.216127814725041, 4869011.239241501316428 ], [ -658667.579295910429209, 4869286.904870638623834 ], [ -659137.1990813058801, 4869680.959995459765196 ], [ -659160.578004364855587, 4869715.829997252672911 ], [ -659175.11518893041648, 4869758.188162031583488 ], [ -659259.45923525094986, 4870085.497522228397429 ], [ -659265.028860796941444, 4870218.752356958575547 ] ] ] } },
{ "type": "Feature", "properties": { "OBJECTID": 160, "Block_Groups_TOTPOP10": 1009, "Block_Groups_PopOver65": 131, "Block_Groups_Over65Density": 129831.51635282458, "Shape_Length": 13557.487546832361, "Shape_Area": 8804630.0110513046 }, "geometry": { "type": "Polygon", "coordinates": [ [ [ -665401.831775145372376, 4878536.102633512578905 ], [ -665452.912653964012861, 4878545.776593898423016 ], [ -665587.363678496330976, 4878725.508115710690618 ], [ -665642.858835306484252, 4878766.001893841661513 ], [ -665712.455025748582557, 4878747.364497369155288 ], [ -665907.878660339396447, 4878431.457828473299742 ], [ -666012.070952973328531, 4878339.987371451221406 ], [ -666067.740454863989726, 4878323.422991813160479 ], [ -666252.892548295669258, 4878364.046792386099696 ], [ -666245.855902621522546, 4878391.363893387839198 ], [ -666362.748158963397145, 4878417.055372407659888 ], [ -666401.422735497355461, 4878437.338525614701211 ], [ -666436.52886155154556, 4878478.032844525761902 ], [ -666446.034489585086703, 4878496.973076510243118 ], [ -666455.313235256122425, 4878530.147123292088509 ], [ -666462.726498032454401, 4878634.361639957875013 ], [ -666474.29386215377599, 4878671.691474847495556 ], [ -666513.593454966787249, 4878722.884835796430707 ], [ -666611.316197890555486, 4878797.816158446483314 ], [ -666634.636833052383736, 4878780.860145142301917 ], [ -666884.163940366124734, 4878716.321837960742414 ], [ -667212.104761845432222, 4878582.867128838784993 ], [ -667668.431265063816682, 4878426.80549468845129 ], [ -667853.738183971028775, 4878350.294632916338742 ], [ -667895.933372142724693, 4878324.62120455969125 ], [ -667928.141351627418771, 4878295.696944075636566 ], [ -667953.960506295552477, 4878255.886694914661348 ], [ -667966.32132972846739, 4878219.731400606222451 ], [ -668048.899358620867133, 4877842.718919198960066 ], [ -668209.370375211816281, 4877046.474616963416338 ], [ -668312.362752608023584, 4876423.453308555297554 ], [ -668331.289459957042709, 4876293.739329157397151 ], [ -668322.63476720219478, 4876291.473351816646755 ], [ -668345.550381896086037, 4876134.646343772299588 ], [ -668373.528804833069444, 4875970.43380677420646 ], [ -668392.909799543442205, 4875894.154827696271241 ], [ -668415.952673681080341, 4875736.588812844827771 ], [ -668436.732124079251662, 4875587.642880426719785 ], [ -668443.43466721335426, 4875540.710221696645021 ], [ -668454.441848061745986, 4875473.484236757270992 ], [ -668402.661475353874266, 4875471.941689810715616 ], [ -668342.527604932198301, 4875509.527079818770289 ], [ -668257.232122612185776, 4875432.21966007258743 ], [ -668229.545644791098312, 4875426.625048161484301 ], [ -668162.756255376385525, 4875390.138355833478272 ], [ -667905.874602637253702, 4875340.7030771356076 ], [ -667852.286748288432136, 4875319.306382768787444 ], [ -667138.924210495781153, 4875171.308998273685575 ], [ -667107.610417893156409, 4875160.575798189267516 ], [ -666993.816906606778502, 4875086.577024421654642 ], [ -666933.799047835636884, 4875058.804107957519591 ], [ -666480.111426022136584, 4874961.518492764793336 ], [ -666617.56566018005833, 4874308.307563384994864 ], [ -666617.862029006937519, 4874181.327420236542821 ], [ -666289.671118549536914, 4874380.340725490823388 ], [ -666077.413913135183975, 4874511.651334838941693 ], [ -666046.599685691995546, 4874826.451306044124067 ], [ -665878.17295027221553, 4875994.208522382192314 ], [ -665855.513647526968271, 4876054.876559123396873 ], [ -665809.148374358890578, 4876134.699274328537285 ], [ -665777.613803589018062, 4876172.776270822621882 ], [ -665626.534440862713382, 4876312.461807787418365 ], [ -665602.25623369612731, 4876343.539048803970218 ], [ -665555.576519666938111, 4876433.822309665381908 ], [ -665535.400748181622475, 4876523.471513276919723 ], [ -665423.455174318514764, 4877769.137419356033206 ], [ -665424.317135791992769, 4878312.42161953728646 ], [ -665418.48372759972699, 4878410.55981988273561 ], [ -665401.831775145372376, 4878536.102633512578905 ] ] ] } },
{ "type": "Feature", "properties": { "OBJECTID": 161, "Block_Groups_TOTPOP10": 1301, "Block_Groups_PopOver65": 448, "Block_Groups_Over65Density": 344350.49961568025, "Shape_Length": 13399.215662699027, "Shape_Area": 10205408.786652435 }, "geometry": { "type": "Polygon", "coordinates": [ [ [ -657104.074295467464253, 4851969.729733706451952 ], [ -656953.565150543581694, 4852787.505627880804241 ], [ -657914.324452400673181, 4852946.086908416822553 ], [ -658500.337767441757023, 4853050.784793328493834 ], [ -658972.094723098911345, 4853103.450199224986136 ], [ -660078.346733806654811, 4853242.980006632395089 ], [ -661601.396767339901999, 4853482.559354149736464 ], [ -661612.25394122581929, 4853375.940196008421481 ], [ -661608.793033798923716, 4853312.806395715102553 ], [ -661524.871080908225849, 4852761.085362691432238 ], [ -661432.376460809959099, 4852320.129739162512124 ], [ -661382.84105060226284, 4852164.636443029157817 ], [ -661373.956497099017724, 4852106.586225789040327 ], [ -661348.308495497796685, 4852114.96868681255728 ], [ -661322.459845874691382, 4851997.472831577062607 ], [ -661274.259886555140838, 4851842.960294346325099 ], [ -660899.641189043177292, 4850809.921902853995562 ], [ -660840.810666710603982, 4850861.572607309557498 ], [ -660803.155437234090641, 4850869.396381294354796 ], [ -658827.261292670853436, 4850542.427821963094175 ], [ -658413.692005680408329, 4850480.270457091741264 ], [ -657987.805744640994817, 4850406.224032685160637 ], [ -657363.542171962093562, 4850311.651583418250084 ], [ -657145.964951614383608, 4851730.595686147920787 ], [ -657104.074295467464253, 4851969.729733706451952 ] ] ] } },
{ "type": "Feature", "properties": { "OBJECTID": 162, "Block_Groups_TOTPOP10": 1985, "Block_Groups_PopOver65": 215, "Block_Groups_Over65Density": 108312.34256926952, "Shape_Length": 39292.035837004179, "Shape_Area": 93715421.031065524 }, "geometry": { "type": "Polygon", "coordinates": [ [ [ -676789.403134169522673, 4888364.95293403044343 ], [ -676469.640279641374946, 4890078.706320622935891 ], [ -676220.81169627700001, 4891472.078014606609941 ], [ -675920.081287219421938, 4893234.887457146309316 ], [ -676302.499053220497444, 4893307.851669880561531 ], [ -676122.892999046714976, 4893492.892938630655408 ], [ -676063.154941744403914, 4893545.341346742585301 ], [ -675847.011348130414262, 4893664.634178506210446 ], [ -675379.33613003231585, 4896471.328473982401192 ], [ -675792.93983416352421, 4896537.10467669274658 ], [ -675931.425313883461058, 4896541.395229801535606 ], [ -676760.136831927811727, 4896694.312099718488753 ], [ -678009.462210941826925, 4896894.998155331239104 ], [ -678646.893060301197693, 4897010.452378696762025 ], [ -678707.858251135097817, 4897006.280295417644083 ], [ -680157.112176797352731, 4897247.405514072626829 ], [ -682164.091242433292791, 4897595.720380221493542 ], [ -683491.234382949536666, 4897817.342823355458677 ], [ -685082.128939794842154, 4898093.108194173313677 ], [ -685271.234960201196373, 4896950.168620678596199 ], [ -685637.361328067258, 4894840.957189263775945 ], [ -685661.779396361671388, 4894737.958651444874704 ], [ -686379.081844622269273, 4890744.593766842968762 ], [ -686440.753503343323246, 4890322.891764292493463 ], [ -686576.07752465386875, 4889589.735961969941854 ], [ -686645.475836498197168, 4889175.34845893830061 ], [ -686747.220930364914238, 4888647.22740213572979 ], [ -686756.185457755113021, 4888630.7919937139377 ], [ -686788.835303303552791, 4888375.863174689002335 ], [ -686549.229843237902969, 4888332.38026762008667 ], [ -686442.648221074603498, 4888312.623851513490081 ], [ -686341.913891852833331, 4888293.911717369221151 ], [ -686308.455793200526386, 4888295.461039225570858 ], [ -686158.996580961626023, 4888279.336584533564746 ], [ -685905.682464435463771, 4888228.173959881067276 ], [ -684808.628684746101499, 4888053.788174352608621 ], [ -684325.590313378954306, 4887971.557875744067132 ], [ -683983.366147924214602, 4887903.146187482401729 ], [ -683569.763531667180359, 4887833.32763265632093 ], [ -679115.62910096347332, 4887102.777087048627436 ], [ -678595.070739265298471, 4887028.602037553675473 ], [ -677070.287381053436548, 4886751.263816379010677 ], [ -676966.819061644608155, 4887302.234231859445572 ], [ -676799.062470237025991, 4888310.346166366711259 ], [ -676789.403134169522673, 4888364.95293403044343 ] ] ] } },
{ "type": "Feature", "properties": { "OBJECTID": 163, "Block_Groups_TOTPOP10": 1361, "Block_Groups_PopOver65": 146, "Block_Groups_Over65Density": 107274.06318883174, "Shape_Length": 40381.903759994231, "Shape_Area": 84668929.5548767 }, "geometry": { "type": "Polygon", "coordinates": [ [ [ -670168.606847568415105, 4895551.971644151955843 ], [ -672188.916086607612669, 4895910.750261226668954 ], [ -672394.882471976103261, 4895954.632233317010105 ], [ -675379.33613003231585, 4896471.328473982401192 ], [ -675847.011348130414262, 4893664.634178506210446 ], [ -676063.154941744403914, 4893545.341346742585301 ], [ -676122.892999046714976, 4893492.892938630655408 ], [ -676302.499053220497444, 4893307.851669880561531 ], [ -675920.081287219421938, 4893234.887457146309316 ], [ -676220.81169627700001, 4891472.078014606609941 ], [ -676469.640279641374946, 4890078.706320622935891 ], [ -676789.403134169522673, 4888364.95293403044343 ], [ -675943.083902046550065, 4888195.031358210369945 ], [ -675336.053568168310449, 4888095.272038802504539 ], [ -674578.929238195763901, 4887962.313243744894862 ], [ -674034.517070323461667, 4887857.966353325173259 ], [ -673542.762601279420778, 4887771.211889524944127 ], [ -673464.282198593718931, 4887763.375805997289717 ], [ -673381.051039334386587, 4887782.479720568284392 ], [ -673349.720312444260344, 4887780.708035260438919 ], [ -673315.329108994686976, 4887766.385328053496778 ], [ -673262.612037813756615, 4887727.810947380959988 ], [ -673175.699644933920354, 4887707.981455086730421 ], [ -671942.950643451418728, 4887499.747495581395924 ], [ -672054.719746088609099, 4886899.353932079859078 ], [ -672225.953580145956948, 4885879.904771942645311 ], [ -671428.059768475592136, 4885742.463443056680262 ], [ -671408.74862473201938, 4885732.308317990042269 ], [ -671396.257347659906372, 4885709.087673369795084 ], [ -671365.75528839812614, 4885723.992849290370941 ], [ -671329.994835350429639, 4885725.959902131929994 ], [ -668689.659026017878205, 4885285.983589173294604 ], [ -667360.125113792717457, 4885048.996568903326988 ], [ -667232.166362965246662, 4885890.496046922169626 ], [ -667213.196299395756796, 4885929.950846832245588 ], [ -667174.24054465489462, 4885967.402126469649374 ], [ -667088.397893439279869, 4886027.403800997883081 ], [ -667028.124177823076025, 4886061.867358891293406 ], [ -667075.94675456197001, 4886184.330749554559588 ], [ -667089.222175792325288, 4886233.190162271261215 ], [ -667117.995561265619472, 4886451.376872788183391 ], [ -667127.837022006511688, 4886579.934092586860061 ], [ -667073.826374344993383, 4886965.200931145809591 ], [ -666981.479672842426226, 4887526.064015459269285 ], [ -666904.29682691488415, 4888034.765645426698029 ], [ -666752.207100781844929, 4888948.920107416808605 ], [ -666754.955216132337227, 4889001.917341478168964 ], [ -666838.390731501858681, 4889285.879477572627366 ], [ -666874.646609095856547, 4889371.011286550201476 ], [ -666967.88009127532132, 4889556.163592514581978 ], [ -667018.636577742174268, 4889717.35554457269609 ], [ -667023.807256219442934, 4889756.52116109803319 ], [ -666994.921448081498966, 4889938.236569676548243 ], [ -667004.164984255796298, 4890001.369888509623706 ], [ -667061.656902102287859, 4889991.208782310597599 ], [ -667116.02762111579068, 4889990.251902687363327 ], [ -667366.743071152130142, 4890037.272298820316792 ], [ -667297.795075786998495, 4890438.483210027217865 ], [ -667279.885917720384896, 4890467.592512894421816 ], [ -667249.179162487620488, 4890496.70471762213856 ], [ -666947.962088571395725, 4890668.837609295733273 ], [ -666904.607529321685433, 4890709.979647858068347 ], [ -666856.47176838805899, 4890769.783075393177569 ], [ -666838.256377594312653, 4890822.088125509209931 ], [ -666796.559214566834271, 4891081.025718464516103 ], [ -666755.00243380968459, 4891231.979526824317873 ], [ -666695.092165993526578, 4891573.197871590033174 ], [ -666429.362851303769276, 4891522.046453300863504 ], [ -666358.249226259533316, 4891515.562985323369503 ], [ -666328.935978621477261, 4891523.916655773296952 ], [ -666311.396504909731448, 4891538.08653109241277 ], [ -666298.421068414580077, 4891560.556844813749194 ], [ -666261.608359368983656, 4891774.571779863908887 ], [ -666106.185487206559628, 4892707.106285623274744 ], [ -666000.615825431421399, 4893334.125933022238314 ], [ -665755.739819397218525, 4894767.206731174141169 ], [ -668885.392011031741276, 4895319.105231673456728 ], [ -670001.197171531617641, 4895528.455329304561019 ], [ -670168.606847568415105, 4895551.971644151955843 ] ] ] } },
{ "type": "Feature", "properties": { "OBJECTID": 164, "Block_Groups_TOTPOP10": 1712, "Block_Groups_PopOver65": 370, "Block_Groups_Over65Density": 216121.49532710281, "Shape_Length": 5110.8557180146154, "Shape_Area": 1443831.7857095872 }, "geometry": { "type": "Polygon", "coordinates": [ [ [ -678510.453671421157196, 4867807.672409245744348 ], [ -679148.703555510845035, 4868384.643572175875306 ], [ -679410.694503202103078, 4868647.652424258179963 ], [ -679583.598929538391531, 4868798.593332499265671 ], [ -679589.557858473854139, 4868760.488817158155143 ], [ -679608.049759416840971, 4868659.836272557266057 ], [ -679623.833368370775133, 4868617.438362124375999 ], [ -679645.144935768097639, 4868586.556050700135529 ], [ -679630.256653517484665, 4868568.119706079363823 ], [ -679626.015717167174444, 4868549.300550741143525 ], [ -679861.141772760776803, 4867184.744152550585568 ], [ -678973.647612066240981, 4867022.434301033616066 ], [ -678947.808523389743641, 4867010.354898289777339 ], [ -678925.492804177803919, 4866986.846079858951271 ], [ -678856.446760874474421, 4866889.591610502451658 ], [ -678810.558851901674643, 4866918.417720039375126 ], [ -678766.485045591369271, 4866949.822441268712282 ], [ -678684.039501768304035, 4867220.732709081843495 ], [ -678510.453671421157196, 4867807.672409245744348 ] ] ] } },
{ "type": "Feature", "properties": { "OBJECTID": 165, "Block_Groups_TOTPOP10": 1817, "Block_Groups_PopOver65": 120, "Block_Groups_Over65Density": 66042.927903137039, "Shape_Length": 3141.7246206098625, "Shape_Area": 476668.06473112432 }, "geometry": { "type": "Polygon", "coordinates": [ [ [ -673903.81040762970224, 4870253.005066701211035 ], [ -674117.833556462544948, 4870294.324722029268742 ], [ -674211.099038609303534, 4870313.703452779911458 ], [ -674662.678812581580132, 4870025.738324578851461 ], [ -674984.045816373778507, 4869830.05129583645612 ], [ -674877.887331408681348, 4869664.653989133425057 ], [ -674892.394633228890598, 4869655.159454428590834 ], [ -674786.871182305505499, 4869486.110739707946777 ], [ -674340.93462430126965, 4869767.575357261113822 ], [ -674275.491550674429163, 4869662.772121681831777 ], [ -674015.598648868734017, 4869620.179776019416749 ], [ -673951.46067552966997, 4869981.433878201059997 ], [ -673903.81040762970224, 4870253.005066701211035 ] ] ] } },
{ "type": "Feature", "properties": { "OBJECTID": 166, "Block_Groups_TOTPOP10": 2019, "Block_Groups_PopOver65": 371, "Block_Groups_Over65Density": 183754.33382862803, "Shape_Length": 7825.3297595823178, "Shape_Area": 1395362.1811255775 }, "geometry": { "type": "Polygon", "coordinates": [ [ [ -680413.004497376503423, 4874698.586449867114425 ], [ -680445.926953891059384, 4874734.500100787729025 ], [ -680494.567100908141583, 4874762.656851127743721 ], [ -680887.547733680577949, 4874846.396545695140958 ], [ -681819.517124683130533, 4874982.58643335942179 ], [ -681979.628881620941684, 4875012.41471335478127 ], [ -682118.718113220063969, 4875028.744942057877779 ], [ -682213.594285204075277, 4874923.624928200617433 ], [ -682246.196591871790588, 4874888.757347922772169 ], [ -681633.331208136165515, 4874720.145185561850667 ], [ -681495.862957736942917, 4874660.468858314678073 ], [ -681429.473328470019624, 4874621.640225755982101 ], [ -681328.440038961358368, 4874548.092437997460365 ], [ -681012.211073881248012, 4874264.939024051651359 ], [ -680225.29614639794454, 4873546.486667962744832 ], [ -680099.0834476868622, 4873401.538516264408827 ], [ -679517.915900726336986, 4872680.365821118466556 ], [ -679523.84976810705848, 4872728.072574053891003 ], [ -679536.198513250565156, 4872769.385138154029846 ], [ -679683.440370364347473, 4873231.848233019001782 ], [ -679763.510630826931447, 4873424.329017325304449 ], [ -679782.785472848918289, 4873456.326907699927688 ], [ -679932.492646122351289, 4873626.483488949947059 ], [ -679746.236977325519547, 4873796.026922126300633 ], [ -679753.737278624204919, 4873804.875777404755354 ], [ -679884.867846744367853, 4873973.252967994660139 ], [ -680413.004497376503423, 4874698.586449867114425 ] ] ] } },
{ "type": "Feature", "properties": { "OBJECTID": 167, "Block_Groups_TOTPOP10": 1324, "Block_Groups_PopOver65": 167, "Block_Groups_Over65Density": 126132.93051359517, "Shape_Length": 5921.4260086585227, "Shape_Area": 1173927.3473514444 }, "geometry": { "type": "Polygon", "coordinates": [ [ [ -680058.262394585413858, 4875544.043530661612749 ], [ -680087.269958285847679, 4875499.514007608406246 ], [ -680151.933320610783994, 4875445.483861928805709 ], [ -680156.918834871146828, 4875421.537231365218759 ], [ -680169.278522609733045, 4875419.958969298750162 ], [ -680193.616536817280576, 4875431.782283134758472 ], [ -680293.025366419926286, 4875454.612225905992091 ], [ -680370.777396393939853, 4875493.178220450878143 ], [ -680400.848578516626731, 4875519.557825650088489 ], [ -680438.835042829159647, 4875522.508594728074968 ], [ -680456.660768037429079, 4875511.363855188712478 ], [ -680476.15774406469427, 4875477.9436662690714 ], [ -680484.635269816732034, 4875459.880355967208743 ], [ -680480.536438224604353, 4875440.346833367832005 ], [ -680519.287485651439056, 4875413.338277040980756 ], [ -680569.690251053310931, 4875448.578520519658923 ], [ -680607.677365677896887, 4875451.530133652500808 ], [ -680630.886967187281698, 4875439.832225152291358 ], [ -680649.648220815462992, 4875393.491107326932251 ], [ -680714.202959807123989, 4875378.567157194018364 ], [ -680726.300748927984387, 4875365.657631702721119 ], [ -680757.657200045185164, 4875371.952177174389362 ], [ -680774.544012716040015, 4875383.213281258940697 ], [ -680792.899637332418934, 4875407.524581849575043 ], [ -680784.949865409638733, 4875461.043422954156995 ], [ -680793.403833134798333, 4875498.652010459452868 ], [ -680800.817485288251191, 4875516.514786515384912 ], [ -680850.56554946815595, 4875529.822935618460178 ], [ -680870.513741641305387, 4875553.663556567393243 ], [ -680867.434506309684366, 4875622.337576793506742 ], [ -680888.543085950193927, 4875639.611933477222919 ], [ -680915.588482620194554, 4875636.11706395726651 ], [ -680920.838899811962619, 4875623.50261858291924 ], [ -680948.093012688448653, 4875597.473467251285911 ], [ -680975.916393098421395, 4875602.39241243712604 ], [ -681004.047105114441365, 4875626.927714400924742 ], [ -681001.51281598652713, 4875649.803325071930885 ], [ -680985.157967589329928, 4875686.787578812800348 ], [ -681008.034006285713986, 4875711.146115173585713 ], [ -681041.236595849040896, 4875702.721529736183584 ], [ -681056.745155485114083, 4875717.501628498546779 ], [ -681102.96003037574701, 4875729.435081115923822 ], [ -681104.731185332173482, 4875749.309936468489468 ], [ -681094.438828253187239, 4875752.004322956316173 ], [ -681092.636341603472829, 4875775.008991821669042 ], [ -681102.416090484708548, 4875788.023890310898423 ], [ -681099.320071478141472, 4875805.533223030157387 ], [ -681115.257021168945357, 4875813.617881534621119 ], [ -681149.108056413009763, 4875814.337202337570488 ], [ -681160.264915971783921, 4875823.833692668937147 ], [ -681174.908446779241785, 4875826.423239847645164 ], [ -681206.601595178712159, 4875809.456655689515173 ], [ -681234.20173863065429, 4875785.747308700345457 ], [ -681242.54925808403641, 4875755.62364134658128 ], [ -681239.010774157708511, 4875728.664593339897692 ], [ -681211.187713946448639, 4875723.744360513985157 ], [ -681209.374839371768758, 4875708.376155337318778 ], [ -681252.128669245168567, 4875658.755276074633002 ], [ -681284.251671847887337, 4875635.09270228818059 ], [ -681292.379970616428182, 4875589.129081076942384 ], [ -681316.365270552458242, 4875573.055870818905532 ], [ -681343.843939284561202, 4875575.658187748864293 ], [ -681373.258121527498588, 4875567.316824290901423 ], [ -681388.205419738776982, 4875576.731904133222997 ], [ -681391.791771137621254, 4875624.767627174034715 ], [ -681418.802251400658861, 4875651.364270761609077 ], [ -681426.472282671602443, 4875667.768883742392063 ], [ -681482.20348573802039, 4875668.597205111756921 ], [ -681543.924240009626374, 4875682.523885452188551 ], [ -681600.927523574559018, 4875586.516813179478049 ], [ -681651.779192252550274, 4875521.022120129317045 ], [ -681751.59405641281046, 4875409.259848908521235 ], [ -681843.62262230925262, 4875332.988492236472666 ], [ -682118.718113220063969, 4875028.744942057877779 ], [ -681979.628881620941684, 4875012.41471335478127 ], [ -681819.517124683130533, 4874982.58643335942179 ], [ -680887.547733680577949, 4874846.396545695140958 ], [ -680494.567100908141583, 4874762.656851127743721 ], [ -680445.926953891059384, 4874734.500100787729025 ], [ -680413.004497376503423, 4874698.586449867114425 ], [ -680350.483800776069984, 4874744.726259531453252 ], [ -680231.466171021806076, 4874914.062542174011469 ], [ -680123.265978191979229, 4875184.617949830368161 ], [ -680011.43811274250038, 4875518.4682553159073 ], [ -680050.249458234291524, 4875538.113964970223606 ], [ -680058.262394585413858, 4875544.043530661612749 ] ] ] } },
{ "type": "Feature", "properties": { "OBJECTID": 168, "Block_Groups_TOTPOP10": 1236, "Block_Groups_PopOver65": 134, "Block_Groups_Over65Density": 108414.23948220065, "Shape_Length": 4880.0724804622032, "Shape_Area": 792776.67999389535 }, "geometry": { "type": "Polygon", "coordinates": [ [ [ -680658.608842703979462, 4876171.492043171077967 ], [ -680744.169169659959152, 4876289.683428276330233 ], [ -680840.526462383102626, 4876376.683816965669394 ], [ -681070.345716771204025, 4876515.875421842560172 ], [ -681162.679714601719752, 4876548.756768003106117 ], [ -681248.550820263801143, 4876566.95499911531806 ], [ -681268.985968176042661, 4876472.770090221427381 ], [ -681450.655026215361431, 4875957.952694643288851 ], [ -681465.282012295210734, 4875883.79764050245285 ], [ -681485.9403788857162, 4875818.23235070053488 ], [ -681543.924240009626374, 4875682.523885452188551 ], [ -681482.20348573802039, 4875668.597205111756921 ], [ -681426.472282671602443, 4875667.768883742392063 ], [ -681418.802251400658861, 4875651.364270761609077 ], [ -681391.791771137621254, 4875624.767627174034715 ], [ -681388.205419738776982, 4875576.731904133222997 ], [ -681373.258121527498588, 4875567.316824290901423 ], [ -681343.843939284561202, 4875575.658187748864293 ], [ -681316.365270552458242, 4875573.055870818905532 ], [ -681292.379970616428182, 4875589.129081076942384 ], [ -681284.251671847887337, 4875635.09270228818059 ], [ -681252.128669245168567, 4875658.755276074633002 ], [ -681209.374839371768758, 4875708.376155337318778 ], [ -681211.187713946448639, 4875723.744360513985157 ], [ -681239.010774157708511, 4875728.664593339897692 ], [ -681242.54925808403641, 4875755.62364134658128 ], [ -681234.20173863065429, 4875785.747308700345457 ], [ -681206.601595178712159, 4875809.456655689515173 ], [ -681174.908446779241785, 4875826.423239847645164 ], [ -681160.264915971783921, 4875823.833692668937147 ], [ -681149.108056413009763, 4875814.337202337570488 ], [ -681115.257021168945357, 4875813.617881534621119 ], [ -681099.320071478141472, 4875805.533223030157387 ], [ -681102.416090484708548, 4875788.023890310898423 ], [ -681092.636341603472829, 4875775.008991821669042 ], [ -681094.438828253187239, 4875752.004322956316173 ], [ -681104.731185332173482, 4875749.309936468489468 ], [ -681102.96003037574701, 4875729.435081115923822 ], [ -681056.745155485114083, 4875717.501628498546779 ], [ -681041.236595849040896, 4875702.721529736183584 ], [ -681008.034006285713986, 4875711.146115173585713 ], [ -680985.157967589329928, 4875686.787578812800348 ], [ -681001.51281598652713, 4875649.803325071930885 ], [ -681004.047105114441365, 4875626.927714400924742 ], [ -680975.916393098421395, 4875602.39241243712604 ], [ -680948.093012688448653, 4875597.473467251285911 ], [ -680920.838899811962619, 4875623.50261858291924 ], [ -680915.588482620194554, 4875636.11706395726651 ], [ -680888.543085950193927, 4875639.611933477222919 ], [ -680867.434506309684366, 4875622.337576793506742 ], [ -680870.513741641305387, 4875553.663556567393243 ], [ -680850.56554946815595, 4875529.822935618460178 ], [ -680800.817485288251191, 4875516.514786515384912 ], [ -680793.403833134798333, 4875498.652010459452868 ], [ -680784.949865409638733, 4875461.043422954156995 ], [ -680792.899637332418934, 4875407.524581849575043 ], [ -680774.544012716040015, 4875383.213281258940697 ], [ -680757.657200045185164, 4875371.952177174389362 ], [ -680726.300748927984387, 4875365.657631702721119 ], [ -680714.202959807123989, 4875378.567157194018364 ], [ -680649.648220815462992, 4875393.491107326932251 ], [ -680630.886967187281698, 4875439.832225152291358 ], [ -680607.677365677896887, 4875451.530133652500808 ], [ -680569.690251053310931, 4875448.578520519658923 ], [ -680519.287485651439056, 4875413.338277040980756 ], [ -680480.536438224604353, 4875440.346833367832005 ], [ -680484.635269816732034, 4875459.880355967208743 ], [ -680476.15774406469427, 4875477.9436662690714 ], [ -680456.660768037429079, 4875511.363855188712478 ], [ -680438.835042829159647, 4875522.508594728074968 ], [ -680400.848578516626731, 4875519.557825650088489 ], [ -680370.777396393939853, 4875493.178220450878143 ], [ -680293.025366419926286, 4875454.612225905992091 ], [ -680193.616536817280576, 4875431.782283134758472 ], [ -680169.278522609733045, 4875419.958969298750162 ], [ -680156.918834871146828, 4875421.537231365218759 ], [ -680151.933320610783994, 4875445.483861928805709 ], [ -680087.269958285847679, 4875499.514007608406246 ], [ -680058.262394585413858, 4875544.043530661612749 ], [ -680202.183299188502133, 4875631.161190158687532 ], [ -680224.669347962597385, 4875644.914534278213978 ], [ -680311.297532275319099, 4875701.599467507563531 ], [ -680367.261180632282048, 4875756.628465929068625 ], [ -680658.608842703979462, 4876171.492043171077967 ] ] ] } },
{ "type": "Feature", "properties": { "OBJECTID": 169, "Block_Groups_TOTPOP10": 2013, "Block_Groups_PopOver65": 183, "Block_Groups_Over65Density": 90909.090909090912, "Shape_Length": 4982.2344026047713, "Shape_Area": 1119447.0329657164 }, "geometry": { "type": "Polygon", "coordinates": [ [ [ -679197.189421703806147, 4875422.077953439205885 ], [ -679158.534580444684252, 4875452.868912083096802 ], [ -679156.08770449901931, 4875466.730383904650807 ], [ -679184.318141073454171, 4875507.823353697545826 ], [ -679227.055630397517234, 4875539.440870696678758 ], [ -679246.458738755201921, 4875583.489404418505728 ], [ -679496.135409468086436, 4875477.865569740533829 ], [ -679624.715740586398169, 4875450.917910355143249 ], [ -679689.656990146497265, 4875446.587479713372886 ], [ -679826.874484857777134, 4875464.802790420129895 ], [ -679931.794061831664294, 4875486.343785409815609 ], [ -680011.43811274250038, 4875518.4682553159073 ], [ -680123.265978191979229, 4875184.617949830368161 ], [ -680231.466171021806076, 4874914.062542174011469 ], [ -680350.483800776069984, 4874744.726259531453252 ], [ -680413.004497376503423, 4874698.586449867114425 ], [ -679884.867846744367853, 4873973.252967994660139 ], [ -679753.737278624204919, 4873804.875777404755354 ], [ -679674.604711568681523, 4874026.430877254344523 ], [ -679639.044124516425654, 4874364.771139025688171 ], [ -679433.380077401874587, 4874302.133848545141518 ], [ -679367.391721534077078, 4874299.516285631805658 ], [ -679384.094838765449822, 4874577.090100682340562 ], [ -679370.54610037477687, 4874833.514937843196094 ], [ -679350.435666364617646, 4874990.215959123335779 ], [ -679321.376112249214202, 4875163.389294764958322 ], [ -679288.877491718390957, 4875270.500070969574153 ], [ -679249.517875666962937, 4875352.324181161820889 ], [ -679216.428875844459981, 4875402.905413769185543 ], [ -679197.189421703806147, 4875422.077953439205885 ] ] ] } },
{ "type": "Feature", "properties": { "OBJECTID": 170, "Block_Groups_TOTPOP10": 1029, "Block_Groups_PopOver65": 98, "Block_Groups_Over65Density": 95238.095238095237, "Shape_Length": 10839.038596307359, "Shape_Area": 4267071.6324261343 }, "geometry": { "type": "Polygon", "coordinates": [ [ [ -679345.807320797117427, 4878764.472198420204222 ], [ -679213.854796164669096, 4879549.471856405027211 ], [ -679213.260558791691437, 4879574.179028770886362 ], [ -679229.026015269104391, 4879613.055985545739532 ], [ -679266.077348262537271, 4879595.545146634802222 ], [ -679296.892638365039602, 4879591.969676760956645 ], [ -679404.496931424597278, 4879606.480516756884754 ], [ -681566.946698477724567, 4879953.796898009255528 ], [ -681385.026323078665882, 4879161.291136245243251 ], [ -681383.989540799288079, 4879090.414450332522392 ], [ -681492.174604336731136, 4878428.169984149746597 ], [ -681489.156856734538451, 4878372.730004674755037 ], [ -681478.088790779467672, 4878328.651029502041638 ], [ -681341.023273361613974, 4878053.924605002626777 ], [ -681315.138192912796512, 4877974.12725908216089 ], [ -681310.0523001474794, 4877930.353656198829412 ], [ -681313.963663479546085, 4877878.393886053003371 ], [ -681346.706817372469231, 4877710.434065520763397 ], [ -681360.984276863513514, 4877582.830225217156112 ], [ -681376.481168573023751, 4877260.612310925498605 ], [ -681262.178681274410337, 4876664.907215955667198 ], [ -681248.550820263801143, 4876566.95499911531806 ], [ -681162.679714601719752, 4876548.756768003106117 ], [ -681070.345716771204025, 4876515.875421842560172 ], [ -680840.526462383102626, 4876376.683816965669394 ], [ -680744.169169659959152, 4876289.683428276330233 ], [ -680658.608842703979462, 4876171.492043171077967 ], [ -680625.201142807258293, 4876202.449038523249328 ], [ -680608.257737495237961, 4876276.940137876197696 ], [ -680433.69161330233328, 4877272.880219958722591 ], [ -680168.783375721657649, 4878864.851016429252923 ], [ -680143.865864484803751, 4878890.524370681494474 ], [ -680124.193859790218994, 4878890.80532630905509 ], [ -679345.807320797117427, 4878764.472198420204222 ] ] ] } },
{ "type": "Feature", "properties": { "OBJECTID": 171, "Block_Groups_TOTPOP10": 2129, "Block_Groups_PopOver65": 139, "Block_Groups_Over65Density": 65288.868013151718, "Shape_Length": 29029.895932256575, "Shape_Area": 26402905.703002915 }, "geometry": { "type": "Polygon", "coordinates": [ [ [ -667360.125113792717457, 4885048.996568903326988 ], [ -668689.659026017878205, 4885285.983589173294604 ], [ -671329.994835350429639, 4885725.959902131929994 ], [ -671365.75528839812614, 4885723.992849290370941 ], [ -671396.257347659906372, 4885709.087673369795084 ], [ -671421.154510539257899, 4885678.930949695408344 ], [ -671440.660461062798277, 4885593.766042259521782 ], [ -671704.311976566212252, 4884116.558404117822647 ], [ -671723.08104646531865, 4883988.43576081097126 ], [ -671737.471228276845068, 4883829.499779033474624 ], [ -671763.377695438917726, 4883665.075278144329786 ], [ -671974.922993353102356, 4882492.25674135889858 ], [ -672680.34080323507078, 4882600.573589044623077 ], [ -673302.54164031217806, 4882706.334607646800578 ], [ -673330.765230087330565, 4882717.313698120415211 ], [ -673407.417804003925994, 4882731.561468321830034 ], [ -673400.759541863342747, 4882739.403796564787626 ], [ -673438.874091024510562, 4882749.871245601214468 ], [ -673605.213018397800624, 4882781.417148146778345 ], [ -673635.835736693814397, 4882783.054153139702976 ], [ -673646.629186409059912, 4882691.801407718099654 ], [ -673660.294812907464802, 4882635.61079656612128 ], [ -673241.93261627969332, 4882069.871804994530976 ], [ -673167.870857703965157, 4881950.90477226767689 ], [ -671753.979638166725636, 4879351.998479963280261 ], [ -671744.30421999306418, 4879355.559257565066218 ], [ -671727.166970139602199, 4879345.785990787670016 ], [ -671707.413584701018408, 4879372.374759439378977 ], [ -671690.001721363747492, 4879381.33971696626395 ], [ -671658.616132686147466, 4879426.925962382927537 ], [ -671527.554498665034771, 4879507.606117160059512 ], [ -671036.107208624947816, 4879416.053485862910748 ], [ -670812.192545211873949, 4879368.483705104328692 ], [ -670292.165302188834175, 4879616.099454320967197 ], [ -670249.199988644802943, 4879783.623644816689193 ], [ -670136.119634067174047, 4879925.317911323159933 ], [ -669654.52954202471301, 4880323.907979898154736 ], [ -669251.851863458985463, 4880302.872841839678586 ], [ -669195.072109873173758, 4880476.212926365435123 ], [ -668944.041429281700402, 4880811.544648339040577 ], [ -668943.17794571723789, 4880984.156683166511357 ], [ -668977.976655262056738, 4881138.230727810412645 ], [ -668965.587627166649327, 4881161.596507202833891 ], [ -668918.13888752204366, 4881204.352869702503085 ], [ -668908.401336553040892, 4881294.280670863576233 ], [ -668892.17953904834576, 4881339.506766834296286 ], [ -668856.992872011614963, 4881359.625552668236196 ], [ -668785.919363542227075, 4881442.552111706696451 ], [ -668587.610044422326609, 4881580.530282393097878 ], [ -668540.664421184221283, 4881637.641840265132487 ], [ -668512.665371647104621, 4881659.771195769309998 ], [ -668471.861496706027538, 4881711.950362685136497 ], [ -668434.669712137896568, 4881739.227205522358418 ], [ -668340.480418825522065, 4881876.67612227331847 ], [ -668331.134354355279356, 4881917.094359342008829 ], [ -668290.981396126095206, 4881995.67031910084188 ], [ -668261.800018843030557, 4882028.855968575924635 ], [ -668234.442020836519077, 4882047.341251478530467 ], [ -668196.499070232035592, 4882061.71814246289432 ], [ -668173.541032421635464, 4882063.702028440311551 ], [ -668122.646592908306047, 4882048.773729178123176 ], [ -668044.082899037981406, 4881998.206476355902851 ], [ -667994.000072442460805, 4882004.449092239141464 ], [ -667977.205210805172101, 4882014.272535829804838 ], [ -667985.921036048093811, 4882054.850720644928515 ], [ -667975.684058073442429, 4882053.056667080149055 ], [ -667963.358250095974654, 4882037.379085288383067 ], [ -667916.398178575560451, 4882034.406617761589587 ], [ -667908.517401978839189, 4882027.768810069188476 ], [ -667916.967205990338698, 4881992.451739564538002 ], [ -667944.42824447224848, 4882007.777583254501224 ], [ -667957.659819538705051, 4882001.084655516780913 ], [ -667968.558906629215926, 4881964.694581614807248 ], [ -667969.684940342791378, 4881945.366391083225608 ], [ -667943.720940711675212, 4881925.796806550584733 ], [ -667922.318153127562255, 4881931.809138787910342 ], [ -667927.076973439427093, 4881900.350678640417755 ], [ -667939.809637619182467, 4881879.301213080994785 ], [ -667971.809654465410858, 4881860.126032488420606 ], [ -668005.167900436092168, 4881854.706660875119269 ], [ -668023.808615741552785, 4881842.953361381776631 ], [ -668043.668436745647341, 4881815.642651679925621 ], [ -668043.297221446409822, 4881800.557575817219913 ], [ -667951.207584905205294, 4881762.641242223791778 ], [ -667961.270914795808494, 4881739.621501591056585 ], [ -667954.457433433970436, 4881705.383319314569235 ], [ -667963.081197518389672, 4881647.564634999260306 ], [ -667953.238132590195164, 4881626.313576268032193 ], [ -667932.704876522533596, 4881614.454601982608438 ], [ -667902.723336053779349, 4881609.201435069553554 ], [ -667870.571516632568091, 4881616.335368243046105 ], [ -667828.043470296775922, 4881639.675642875954509 ], [ -667773.281526985345408, 4881651.109515850432217 ], [ -667751.22736627003178, 4881630.723763788118958 ], [ -667732.942128396360204, 4881532.893508167937398 ], [ -667721.847667132504284, 4881579.014528370462358 ], [ -667697.091015898622572, 4881608.472832761704922 ], [ -667707.631424401653931, 4881634.351273921318352 ], [ -667736.011540398234501, 4881657.347125607542694 ], [ -667767.861856375588104, 4881673.44098240416497 ], [ -667711.975357586983591, 4881704.203987211920321 ], [ -667683.863567200256512, 4881709.793085725978017 ], [ -667670.735849300632253, 4881702.987282359972596 ], [ -667689.062351974658668, 4881684.419089304283261 ], [ -667696.513385997386649, 4881667.700508192181587 ], [ -667651.686638648388907, 4881656.84368924703449 ], [ -667608.601676072459668, 4881657.557272209785879 ], [ -667622.830388590693474, 4881632.262997759506106 ], [ -667613.927743807202205, 4881631.45452615339309 ], [ -667609.93379540881142, 4881611.22897254768759 ], [ -667587.230475259246305, 4881611.758150647394359 ], [ -667590.955882246606052, 4881603.398760088719428 ], [ -667605.046334258979186, 4881596.103892097249627 ], [ -667611.603643127717078, 4881584.485566456802189 ], [ -667610.976020652335137, 4881570.857673175632954 ], [ -667586.948185485089198, 4881553.130837461911142 ], [ -667570.339596780249849, 4881570.498675661161542 ], [ -667555.935303510166705, 4881570.979602105915546 ], [ -667548.005380061920732, 4881538.799701784737408 ], [ -667525.42596912686713, 4881491.28671323787421 ], [ -667503.43961688503623, 4881461.901755570434034 ], [ -667484.750856772530824, 4881448.114441490732133 ], [ -667459.23963669850491, 4881464.674554112367332 ], [ -667460.598921856144443, 4881478.430644589476287 ], [ -667489.456335325958207, 4881503.010787660256028 ], [ -667498.442014373838902, 4881524.861627548001707 ], [ -667496.365576008567587, 4881541.01979146245867 ], [ -667484.758631401695311, 4881542.741926265880466 ], [ -667460.775146706029773, 4881503.244517696090043 ], [ -667446.788030485622585, 4881497.039800643920898 ], [ -667437.688901841174811, 4881505.96016804035753 ], [ -667449.310005438281223, 4881534.280359599739313 ], [ -667432.005053636617959, 4881547.020391223020852 ], [ -667376.130139854503796, 4881560.515386836603284 ], [ -667368.248405953403562, 4881553.878131332807243 ], [ -667383.56581231369637, 4881513.754254911094904 ], [ -667379.723136098356918, 4881505.571331120096147 ], [ -667329.673742388142273, 4881507.320351479575038 ], [ -667267.840790579095483, 4881485.978495947085321 ], [ -667269.946567482315004, 4881529.904456264339387 ], [ -667265.107604286167771, 4881540.32188768684864 ], [ -667222.9996617580764, 4881556.979703317396343 ], [ -667209.793364567682147, 4881576.445484255440533 ], [ -667195.547262374777347, 4881636.281673556193709 ], [ -667187.768315333174542, 4881616.145255669020116 ], [ -667167.514526017243043, 4881615.602514003403485 ], [ -667136.798877164022997, 4881674.807228188030422 ], [ -667073.505171735072508, 4881653.2111980561167 ], [ -667072.232258208096027, 4881595.915138866752386 ], [ -667057.199833245947957, 4881582.769584823399782 ], [ -667038.688596630236134, 4881593.79686751589179 ], [ -666979.991489543812349, 4881657.865123365074396 ], [ -666974.907019606558606, 4881652.46919172629714 ], [ -666983.0279762216378, 4881627.607600855641067 ], [ -666963.412145792739466, 4881623.422388854436576 ], [ -666948.906058625085279, 4881637.403731558471918 ], [ -666940.682836608029902, 4881675.764567410573363 ], [ -666915.310775509802625, 4881674.326437838375568 ], [ -666905.490330363158137, 4881665.848684060387313 ], [ -666895.457748856861144, 4881637.058077335357666 ], [ -666862.008020102744922, 4881638.711728573776782 ], [ -666823.865084736142308, 4881615.513635385781527 ], [ -666804.11319793923758, 4881629.327922273427248 ], [ -666792.847011050442234, 4881650.635024721734226 ], [ -666780.160987511975691, 4881649.916221960447729 ], [ -666778.766624732874334, 4881640.660833314061165 ], [ -666761.03004040196538, 4881630.046608998440206 ], [ -666698.050654250895604, 4881615.268044427968562 ], [ -666681.325901848031208, 4881616.095344173721969 ], [ -666684.208530455594882, 4881638.377200279384851 ], [ -666700.312704666284844, 4881671.233467975631356 ], [ -666692.039812502451241, 4881684.053196701221168 ], [ -666679.923619840759784, 4881688.690833755768836 ], [ -666666.140691424487159, 4881655.490001430734992 ], [ -666628.270146155497059, 4881660.876496329903603 ], [ -666588.75013151508756, 4881658.465102536603808 ], [ -666550.548957877326757, 4881691.578490612097085 ], [ -666537.574345100438222, 4881696.816909660585225 ], [ -666502.9520254265517, 4881692.259397693909705 ], [ -666489.594874588772655, 4881699.683821027167141 ], [ -666499.662541401106864, 4881723.973306431435049 ], [ -666480.515586177352816, 4881738.644423989579082 ], [ -666458.927896763430908, 4881737.119185195304453 ], [ -666445.110340262297541, 4881708.418910226784647 ], [ -666399.665844030911103, 4881731.253761508502066 ], [ -666367.237483666045591, 4881727.080735201016068 ], [ -666342.301151379011571, 4881748.99894202966243 ], [ -666313.214074019342661, 4881738.652672443538904 ], [ -666310.337960388278589, 4881699.1021290384233 ], [ -666298.45108988811262, 4881689.513085669837892 ], [ -666260.769379310077056, 4881702.443218796513975 ], [ -666224.591195810120553, 4881693.860370410606265 ], [ -666180.429826578125358, 4881692.14078376814723 ], [ -666173.793802698841318, 4881747.29737155418843 ], [ -666134.751328830141574, 4881746.473572810180485 ], [ -666062.9855951750651, 4881764.704453117214143 ], [ -666002.101299966685474, 4881763.814599624834955 ], [ -665983.123686804203317, 4881755.989305603317916 ], [ -665981.855771061731502, 4881746.006021723151207 ], [ -666003.805298298131675, 4881715.304900001734495 ], [ -666001.491013585589826, 4881698.380372935906053 ], [ -665969.754020356107503, 4881716.106077430769801 ], [ -665949.85048923548311, 4881717.880511103197932 ], [ -665943.242771854391322, 4881703.959559546783566 ], [ -665947.005936827277765, 4881673.831270846538246 ], [ -665937.76164038782008, 4881653.441922319121659 ], [ -665917.475602765567601, 4881657.402266522869468 ], [ -665902.161382878897712, 4881714.794610241428018 ], [ -665832.348169779870659, 4881700.330407340079546 ], [ -665839.666470253840089, 4881684.34007908962667 ], [ -665870.73242448666133, 4881674.756319411098957 ], [ -665888.160276232054457, 4881661.285136154852808 ], [ -665878.05723649985157, 4881641.496565692126751 ], [ -665858.026199615327641, 4881643.999962103553116 ], [ -665829.469290940323845, 4881660.780855292454362 ], [ -665820.989299394888803, 4881636.02011458016932 ], [ -665833.526394429849461, 4881607.426374918781221 ], [ -665815.246102301636711, 4881604.229096278548241 ], [ -665792.350869700778276, 4881614.491536552086473 ], [ -665773.627528636017814, 4881605.209702214226127 ], [ -665744.263620358658955, 4881566.284035838209093 ], [ -665732.470072316005826, 4881560.466916310600936 ], [ -665666.992149757221341, 4881603.079683019779623 ], [ -665665.441420890390873, 4881581.783657086081803 ], [ -665695.781800631666556, 4881554.801515965722501 ], [ -665680.780979485716671, 4881537.160323933698237 ], [ -665658.113259102916345, 4881533.196204773150384 ], [ -665648.507537786616012, 4881545.032450988888741 ], [ -665648.280240829568356, 4881559.25954685267061 ], [ -665634.381444409256801, 4881574.099274477921426 ], [ -665604.462623743573204, 4881577.126917451620102 ], [ -665610.794321395689622, 4881562.465671440586448 ], [ -665641.550051955971867, 4881528.797933922149241 ], [ -665664.733235810883343, 4881512.578092682175338 ], [ -665595.743622347014025, 4881502.015525690279901 ], [ -665580.543107746634632, 4881511.371689256280661 ], [ -665563.016145865665749, 4881538.3421775912866 ], [ -665553.321947244927287, 4881529.138263829983771 ], [ -665546.513913713861257, 4881542.214555728249252 ], [ -665556.335494551807642, 4881550.689935440197587 ], [ -665577.147425890201703, 4881591.122323932126164 ], [ -665608.107388777192682, 4881612.30483297817409 ], [ -665611.757709737401456, 4881630.213426262140274 ], [ -665604.340171212330461, 4881659.702107761055231 ], [ -665575.878487379522994, 4881680.25448957271874 ], [ -665512.862343794666231, 4881687.255819863639772 ], [ -665443.841730367159471, 4881681.193789941258729 ], [ -665382.953454671194777, 4881697.578365925699472 ], [ -665328.429822008591145, 4881694.803080266341567 ], [ -665079.711887009209022, 4881716.645584206096828 ], [ -665097.185369542567059, 4881763.248509429395199 ], [ -666105.22355137928389, 4883224.180142631754279 ], [ -666141.36757952789776, 4883284.560557489283383 ], [ -666220.087284632725641, 4883441.731969366781414 ], [ -666436.851332182763144, 4883477.431153686717153 ], [ -666612.575528151122853, 4883519.46398043166846 ], [ -667436.885920502478257, 4883652.614401544444263 ], [ -667544.531204730970785, 4883678.988560902886093 ], [ -667655.85387631575577, 4883718.772675785236061 ], [ -667545.386501125292853, 4884460.667809715494514 ], [ -667412.033898256253451, 4884868.933103277347982 ], [ -667360.125113792717457, 4885048.996568903326988 ] ] ] } },
{ "type": "Feature", "properties": { "OBJECTID": 172, "Block_Groups_TOTPOP10": 1521, "Block_Groups_PopOver65": 172, "Block_Groups_Over65Density": 113083.49769888232, "Shape_Length": 10234.460719547518, "Shape_Area": 4645271.1302221511 }, "geometry": { "type": "Polygon", "coordinates": [ [ [ -659250.028583593899384, 4848816.236977909691632 ], [ -659199.655337932519615, 4848946.254300953820348 ], [ -659193.237718598917127, 4849084.589909420348704 ], [ -659124.655563805717975, 4849487.3189862286672 ], [ -658930.849599688779563, 4849347.684087759815156 ], [ -658222.016548115527257, 4848807.412773812189698 ], [ -658163.661089713685215, 4848786.069912323728204 ], [ -658073.672450854908675, 4848768.331431910395622 ], [ -657629.544742669677362, 4848694.223923313431442 ], [ -657505.350512370932847, 4849412.187039773911238 ], [ -657363.542171962093562, 4850311.651583418250084 ], [ -657987.805744640994817, 4850406.224032685160637 ], [ -658413.692005680408329, 4850480.270457091741264 ], [ -658827.261292670853436, 4850542.427821963094175 ], [ -660803.155437234090641, 4850869.396381294354796 ], [ -660840.810666710603982, 4850861.572607309557498 ], [ -660899.641189043177292, 4850809.921902853995562 ], [ -660536.469632355729118, 4849784.071179637685418 ], [ -660467.146788881160319, 4849628.910126622766256 ], [ -660377.620056679705158, 4849494.386027525179088 ], [ -660258.235212043859065, 4849375.068213648162782 ], [ -660146.372107431991026, 4849295.490560259670019 ], [ -659250.028583593899384, 4848816.236977909691632 ] ] ] } },
{ "type": "Feature", "properties": { "OBJECTID": 173, "Block_Groups_TOTPOP10": 1397, "Block_Groups_PopOver65": 89, "Block_Groups_Over65Density": 63707.945597709375, "Shape_Length": 5006.7873577231076, "Shape_Area": 1400508.6526316898 }, "geometry": { "type": "Polygon", "coordinates": [ [ [ -661680.083701407304034, 4850824.010401384904981 ], [ -662000.316889675334096, 4850883.819681932218373 ], [ -662260.697387236403301, 4850931.046390262432396 ], [ -662507.896932617528364, 4849508.352465352974832 ], [ -661510.180508078308776, 4849336.153230883181095 ], [ -661476.131970800226554, 4849331.787097754888237 ], [ -661450.727557960432023, 4849338.712060014717281 ], [ -661576.279768310952932, 4849663.408020848408341 ], [ -661588.996072975918651, 4849716.860818117856979 ], [ -661583.358615669654682, 4849740.76348967757076 ], [ -661567.034050457412377, 4849769.606179434806108 ], [ -661527.314529236638919, 4849820.040941881947219 ], [ -661419.03081023436971, 4849930.25382986664772 ], [ -661370.56536901392974, 4850013.851296204142272 ], [ -661351.084837057860568, 4850060.991967426612973 ], [ -661222.136804792564362, 4850738.192085810936987 ], [ -661488.141203863313422, 4850787.865104323253036 ], [ -661680.083701407304034, 4850824.010401384904981 ] ] ] } },
{ "type": "Feature", "properties": { "OBJECTID": 174, "Block_Groups_TOTPOP10": 2233, "Block_Groups_PopOver65": 415, "Block_Groups_Over65Density": 185848.63412449619, "Shape_Length": 3649.4447970035108, "Shape_Area": 683468.72589751135 }, "geometry": { "type": "Polygon", "coordinates": [ [ [ -677193.575931725790724, 4871701.074842386879027 ], [ -677469.836930049816146, 4871753.47259368095547 ], [ -678089.807653113966808, 4871835.567559597082436 ], [ -678193.148174688918516, 4871862.051704085431993 ], [ -678328.289932086365297, 4871845.222603783942759 ], [ -678285.005944502074271, 4871477.848686558194458 ], [ -678287.200592331355438, 4871379.640473783947527 ], [ -678307.733557907631621, 4871168.752797611989081 ], [ -678039.700466555776075, 4871236.696114180609584 ], [ -677962.016466171713546, 4871240.325220204889774 ], [ -677892.893488459754735, 4871229.657313638366759 ], [ -677834.361528218956664, 4871210.318501215428114 ], [ -677779.094138639280573, 4871181.018312178552151 ], [ -677454.537049321923405, 4870952.279729144647717 ], [ -677405.822354892268777, 4870928.652486134320498 ], [ -677331.773869835305959, 4870907.340409277938306 ], [ -677258.242333130212501, 4871329.403711335733533 ], [ -677193.575931725790724, 4871701.074842386879027 ] ] ] } },
{ "type": "Feature", "properties": { "OBJECTID": 175, "Block_Groups_TOTPOP10": 1229, "Block_Groups_PopOver65": 872, "Block_Groups_Over65Density": 709519.93490642798, "Shape_Length": 8127.000659320267, "Shape_Area": 3015082.3716363879 }, "geometry": { "type": "Polygon", "coordinates": [ [ [ -679442.734721868066117, 4869606.504136002622545 ], [ -679404.778453216422349, 4869778.998098309151828 ], [ -679378.165025446098298, 4869857.121846756897867 ], [ -679345.846887228544801, 4869916.17101792152971 ], [ -679257.208954722620547, 4870037.565757757984102 ], [ -679223.21948574250564, 4870106.10508075542748 ], [ -679195.34311872208491, 4870217.125280978158116 ], [ -679188.294558054534718, 4870394.295978860929608 ], [ -679705.517228539800271, 4870481.710799844935536 ], [ -679821.418351593660191, 4870501.395367781631649 ], [ -680363.426740960683674, 4870593.986687845550478 ], [ -680831.904462814098224, 4870675.150697660632432 ], [ -681690.540706778410822, 4870814.712046450003982 ], [ -681800.799265419365838, 4870271.752087911590934 ], [ -681862.609616848640144, 4869998.799278520047665 ], [ -681866.994479314656928, 4869973.972108785063028 ], [ -681115.15056090359576, 4869849.512981929816306 ], [ -681013.970957505749539, 4869823.373496585525572 ], [ -680867.476013027830049, 4869775.686209524981678 ], [ -680670.82365484838374, 4869686.776777830906212 ], [ -680667.689342690398917, 4869640.29405362252146 ], [ -680793.088644406292588, 4869006.566067961975932 ], [ -679857.711382823763415, 4868846.901829560287297 ], [ -679708.027572948951274, 4868825.791470023803413 ], [ -679670.30173423490487, 4868816.884097112342715 ], [ -679589.557858473854139, 4868760.488817158155143 ], [ -679583.598929538391531, 4868798.593332499265671 ], [ -679530.629538832698017, 4869107.757787631824613 ], [ -679442.734721868066117, 4869606.504136002622545 ] ] ] } },
{ "type": "Feature", "properties": { "OBJECTID": 176, "Block_Groups_TOTPOP10": 1768, "Block_Groups_PopOver65": 255, "Block_Groups_Over65Density": 144230.76923076922, "Shape_Length": 6555.6191374333275, "Shape_Area": 907950.88727368519 }, "geometry": { "type": "Polygon", "coordinates": [ [ [ -666746.878299324773252, 4870826.560596969909966 ], [ -666779.601955329533666, 4871093.214192821644247 ], [ -666809.253448833245784, 4871187.121932775713503 ], [ -666944.169405460357666, 4871136.216229602694511 ], [ -666861.968654765980318, 4870902.288384301587939 ], [ -666819.154662361601368, 4870697.789075892418623 ], [ -666807.580572058679536, 4870534.833661740645766 ], [ -666813.111343426629901, 4870425.246842474676669 ], [ -666821.83317940775305, 4870383.900765655562282 ], [ -666829.346414708532393, 4870358.137124520726502 ], [ -666869.624688828596845, 4870278.675001983530819 ], [ -666971.628276472678408, 4870252.096328360028565 ], [ -666999.365966402227059, 4870235.876823653467 ], [ -667063.950672547332942, 4870211.79594196472317 ], [ -667097.770678861765191, 4870182.347862961702049 ], [ -667151.843325059628114, 4870106.041977378539741 ], [ -667247.123683142708614, 4869940.652735534124076 ], [ -667280.721621224889532, 4869890.85674135107547 ], [ -667320.021337825339288, 4869847.320274875499308 ], [ -667258.038688850821927, 4869795.890050309710205 ], [ -667327.435465905116871, 4869731.278365755453706 ], [ -667425.275573423597962, 4869655.081381526775658 ], [ -667543.502947762375697, 4869583.193309262394905 ], [ -667578.697960494318977, 4869567.521440390497446 ], [ -667644.405673033790663, 4869506.777444406412542 ], [ -667684.855799123179168, 4869439.368381683714688 ], [ -667714.221180481370538, 4869348.962156726047397 ], [ -667853.809478995623067, 4868570.659304692409933 ], [ -667458.341416038805619, 4868491.887106456793845 ], [ -667257.73992520221509, 4868451.634139341302216 ], [ -667226.577429161639884, 4868625.991890144534409 ], [ -667115.135286748642102, 4869234.664695669896901 ], [ -666966.03390555572696, 4870020.227125393226743 ], [ -666940.974697409663349, 4870073.01567146088928 ], [ -666751.640703017357737, 4870353.607550287619233 ], [ -666731.199684629682451, 4870392.909537306055427 ], [ -666721.808754038531333, 4870425.113968036137521 ], [ -666715.133677545702085, 4870541.268867221660912 ], [ -666746.878299324773252, 4870826.560596969909966 ] ] ] } },
{ "type": "Feature", "properties": { "OBJECTID": 177, "Block_Groups_TOTPOP10": 1636, "Block_Groups_PopOver65": 290, "Block_Groups_Over65Density": 177261.61369193153, "Shape_Length": 6582.9566095419923, "Shape_Area": 1356210.7888999202 }, "geometry": { "type": "Polygon", "coordinates": [ [ [ -667853.809478995623067, 4868570.659304692409933 ], [ -667714.221180481370538, 4869348.962156726047397 ], [ -667684.855799123179168, 4869439.368381683714688 ], [ -667644.405673033790663, 4869506.777444406412542 ], [ -667578.697960494318977, 4869567.521440390497446 ], [ -667543.502947762375697, 4869583.193309262394905 ], [ -667425.275573423597962, 4869655.081381526775658 ], [ -667327.435465905116871, 4869731.278365755453706 ], [ -667258.038688850821927, 4869795.890050309710205 ], [ -667320.021337825339288, 4869847.320274875499308 ], [ -667353.875646469416097, 4869813.36348470300436 ], [ -667447.638854371849447, 4869743.22607955057174 ], [ -667588.12959068454802, 4869686.507717897184193 ], [ -667621.031434717588127, 4869683.975615382194519 ], [ -667628.07023594272323, 4869673.921282309107482 ], [ -667622.590570989530534, 4869618.807835561223328 ], [ -667636.827767376089469, 4869610.761799090541899 ], [ -667647.434700598940253, 4869632.169734576717019 ], [ -667645.652353794081137, 4869694.289775785990059 ], [ -667671.451544207986444, 4869693.527041253633797 ], [ -667724.674613933078945, 4869721.620522134937346 ], [ -667796.275469388347119, 4869726.595688726752996 ], [ -667863.226471226662397, 4869714.964106609113514 ], [ -667967.826568937860429, 4869686.587037910707295 ], [ -667999.582359254127368, 4869690.626150354743004 ], [ -668022.928847198374569, 4869708.241447994485497 ], [ -668057.295932153239846, 4869723.267583755776286 ], [ -668103.671107313130051, 4869734.372785996645689 ], [ -668158.583272292744368, 4869731.172617800533772 ], [ -668191.773169356165454, 4869722.675624092109501 ], [ -668266.054530628724024, 4869677.725140262395144 ], [ -668333.394744153600186, 4869612.004790676757693 ], [ -668485.540267867036164, 4869415.156916982494295 ], [ -668538.645494515541941, 4869357.479565229266882 ], [ -668579.198243112768978, 4869328.452564018778503 ], [ -668626.025541787967086, 4869311.053283356130123 ], [ -668689.070128716295585, 4869265.642823211848736 ], [ -668724.461478075245395, 4869257.530529285781085 ], [ -668787.310935461893678, 4869256.471144576556981 ], [ -668859.306966398144141, 4869224.661159963347018 ], [ -668896.994331598514691, 4869203.409166040830314 ], [ -668970.811969435308129, 4869139.5683499192819 ], [ -669053.070460936054587, 4869092.247938855551183 ], [ -669074.768025761470199, 4869067.450194974429905 ], [ -669131.777918460778892, 4868944.246665990911424 ], [ -669244.832769819768146, 4868781.1759536229074 ], [ -669320.262284305412322, 4868647.641460419632494 ], [ -669378.80848549073562, 4868515.668480726890266 ], [ -669394.364776221103966, 4868461.203885486349463 ], [ -669401.418618480907753, 4868381.928654535673559 ], [ -669391.523678145604208, 4868295.92943583894521 ], [ -669359.102351020555943, 4868213.518617976456881 ], [ -669334.032939702272415, 4868179.794677482917905 ], [ -669284.113720916910097, 4868132.700985620729625 ], [ -669176.597277767257765, 4868289.986959527246654 ], [ -668975.960608115652576, 4868457.338250789791346 ], [ -668917.015346238389611, 4868526.795513175427914 ], [ -668818.77249117475003, 4868432.145008333958685 ], [ -668764.130286796949804, 4868498.592572609893978 ], [ -668602.600149400066584, 4868671.264951060526073 ], [ -668502.286781519651413, 4868575.507690915837884 ], [ -668448.062049109255895, 4868669.863087664358318 ], [ -668423.467884150100872, 4868689.643781626597047 ], [ -668384.092394621577114, 4868707.59645423386246 ], [ -668322.035688968375325, 4868717.07577663846314 ], [ -668269.823955993400887, 4868665.832048505544662 ], [ -668220.701418852899224, 4868644.468262609094381 ], [ -668053.932399017037824, 4868609.343088627792895 ], [ -667853.809478995623067, 4868570.659304692409933 ] ] ] } },
{ "type": "Feature", "properties": { "OBJECTID": 178, "Block_Groups_TOTPOP10": 1232, "Block_Groups_PopOver65": 429, "Block_Groups_Over65Density": 348214.28571428574, "Shape_Length": 3578.7516910530267, "Shape_Area": 778873.98005669587 }, "geometry": { "type": "Polygon", "coordinates": [ [ [ -667853.809478995623067, 4868570.659304692409933 ], [ -668053.932399017037824, 4868609.343088627792895 ], [ -668220.701418852899224, 4868644.468262609094381 ], [ -668262.944405280752108, 4868255.35984587483108 ], [ -668265.970799092203379, 4868242.345570954494178 ], [ -668280.880525022046641, 4868226.138871594332159 ], [ -668274.190043186768889, 4868203.904954868368804 ], [ -668267.657808335032314, 4868107.214222552254796 ], [ -668237.770097775151953, 4867940.98918307852 ], [ -668237.545454824808985, 4867886.025527524761856 ], [ -668251.721131922677159, 4867817.77400329709053 ], [ -667892.429841279517859, 4867752.076257553882897 ], [ -667899.658776447176933, 4867714.965606287121773 ], [ -667459.788904029643163, 4867630.722337077371776 ], [ -667343.528930994682014, 4867608.945315431803465 ], [ -667321.455848233774304, 4867830.80334070045501 ], [ -667303.294596510473639, 4868017.224743350408971 ], [ -667275.39889630349353, 4868302.751708835363388 ], [ -667257.73992520221509, 4868451.634139341302216 ], [ -667458.341416038805619, 4868491.887106456793845 ], [ -667853.809478995623067, 4868570.659304692409933 ] ] ] } },
{ "type": "Feature", "properties": { "OBJECTID": 179, "Block_Groups_TOTPOP10": 1183, "Block_Groups_PopOver65": 151, "Block_Groups_Over65Density": 127641.58918005072, "Shape_Length": 3297.7716481072321, "Shape_Area": 641387.76684474142 }, "geometry": { "type": "Polygon", "coordinates": [ [ [ -667343.528930994682014, 4867608.945315431803465 ], [ -667459.788904029643163, 4867630.722337077371776 ], [ -667899.658776447176933, 4867714.965606287121773 ], [ -668111.981766484677792, 4867324.634250866249204 ], [ -668124.279828735860065, 4867314.740676492452621 ], [ -668385.007942678872496, 4867227.047123671509326 ], [ -668374.798257714137435, 4866973.937872235663235 ], [ -668362.622262427583337, 4866913.871483897790313 ], [ -668125.197626520879567, 4866885.244150214828551 ], [ -667419.371153038693592, 4866823.110204716213048 ], [ -667384.106708765262738, 4867185.653349488973618 ], [ -667343.528930994682014, 4867608.945315431803465 ] ] ] } },
{ "type": "Feature", "properties": { "OBJECTID": 180, "Block_Groups_TOTPOP10": 716, "Block_Groups_PopOver65": 148, "Block_Groups_Over65Density": 206703.91061452514, "Shape_Length": 3668.0282636717784, "Shape_Area": 567256.95887933951 }, "geometry": { "type": "Polygon", "coordinates": [ [ [ -673979.104909384390339, 4855157.733346926979721 ], [ -674195.789728432195261, 4855203.874120991677046 ], [ -674382.750901087885723, 4855242.567334112711251 ], [ -674537.221089655533433, 4854436.332795903086662 ], [ -674646.8194584348239, 4854159.868544445373118 ], [ -674646.182804007083178, 4854146.183074960485101 ], [ -674349.222007843898609, 4853632.02950990665704 ], [ -674312.97531284019351, 4853644.554204770363867 ], [ -674299.146712824935094, 4853658.731012422591448 ], [ -674196.838705965550616, 4854014.91612705308944 ], [ -673979.104909384390339, 4855157.733346926979721 ] ] ] } },
{ "type": "Feature", "properties": { "OBJECTID": 181, "Block_Groups_TOTPOP10": 1266, "Block_Groups_PopOver65": 143, "Block_Groups_Over65Density": 112954.18641390205, "Shape_Length": 29308.30514984149, "Shape_Area": 43490469.823516682 }, "geometry": { "type": "Polygon", "coordinates": [ [ [ -686442.648221074603498, 4888312.623851513490081 ], [ -686549.229843237902969, 4888332.38026762008667 ], [ -686788.835303303552791, 4888375.863174689002335 ], [ -686997.263048192486167, 4887109.880518531426787 ], [ -687057.719892903929576, 4886686.223253685049713 ], [ -687081.965142992325127, 4886588.321817560121417 ], [ -687097.711820722557604, 4886474.621838048100471 ], [ -687342.310918695759028, 4885089.915338554419577 ], [ -687550.645216539269313, 4883967.648183161392808 ], [ -687654.296126160770655, 4883466.50883281044662 ], [ -687876.61840448435396, 4882223.099303402937949 ], [ -688015.805838649393991, 4881492.713834120891988 ], [ -688315.499919028254226, 4879852.659277965314686 ], [ -688400.657761919312179, 4879378.752041233703494 ], [ -688445.553239973261952, 4879037.603434515185654 ], [ -688395.944257473340258, 4879036.293987081386149 ], [ -687895.842070301761851, 4878939.734280737116933 ], [ -687867.331136027118191, 4878942.93666466884315 ], [ -687836.566494354279712, 4878963.044390932656825 ], [ -687779.360973345814273, 4879034.127235149033368 ], [ -687701.719517623540014, 4879084.266127496957779 ], [ -687665.349338250001892, 4879114.662369068711996 ], [ -687636.616081908810884, 4879127.607084391638637 ], [ -687560.083217937499285, 4879141.826809987425804 ], [ -687541.644407779211178, 4879152.089028785936534 ], [ -687452.264346187934279, 4879238.511865181848407 ], [ -687426.958292912924662, 4879274.638469787314534 ], [ -686748.816383584635332, 4879143.469740323722363 ], [ -685840.238991615129635, 4878983.459675 ], [ -684570.393038114299998, 4878766.214700061827898 ], [ -683806.99676771229133, 4878643.54752616584301 ], [ -683722.529708955204114, 4878609.006982370279729 ], [ -682171.034516233718023, 4877804.461871913634241 ], [ -682027.953138831537217, 4877738.504476476460695 ], [ -681965.993042342597619, 4877726.02919027581811 ], [ -681745.152166186831892, 4877715.515545438043773 ], [ -681380.980331556871533, 4877717.251670184545219 ], [ -681346.706817372469231, 4877710.434065520763397 ], [ -681313.963663479546085, 4877878.393886053003371 ], [ -681310.0523001474794, 4877930.353656198829412 ], [ -681315.138192912796512, 4877974.12725908216089 ], [ -681341.023273361613974, 4878053.924605002626777 ], [ -681478.088790779467672, 4878328.651029502041638 ], [ -681489.156856734538451, 4878372.730004674755037 ], [ -681492.174604336731136, 4878428.169984149746597 ], [ -681383.989540799288079, 4879090.414450332522392 ], [ -681385.026323078665882, 4879161.291136245243251 ], [ -681566.946698477724567, 4879953.796898009255528 ], [ -681931.170510292984545, 4881539.461705550551414 ], [ -681946.345756507711485, 4881636.88412172626704 ], [ -681966.094614726258442, 4881904.276654722169042 ], [ -681989.437585036735982, 4882027.952912179753184 ], [ -682030.12032557791099, 4882151.694988796487451 ], [ -682149.853041740134358, 4882433.796152498573065 ], [ -682370.627517273882404, 4883069.093598238192499 ], [ -682514.758618469815701, 4883596.053168534301221 ], [ -682681.762098603416234, 4884176.659107916988432 ], [ -682720.960825948277488, 4884261.787383396178484 ], [ -683541.733314434066415, 4885704.809371336363256 ], [ -683695.486709297169, 4885998.178323435597122 ], [ -683734.034371526213363, 4886048.61886103451252 ], [ -683781.705531953601167, 4886090.160472344607115 ], [ -684154.515605518827215, 4886279.702333006076515 ], [ -684453.098164962604642, 4886386.171922581270337 ], [ -684687.471546853426844, 4886480.479437111876905 ], [ -685143.805827340576798, 4886781.145455908030272 ], [ -685199.507123485440388, 4886824.129130066372454 ], [ -685292.844314616639167, 4886909.887420686893165 ], [ -685410.773413432994857, 4887048.123305522836745 ], [ -685813.319345531053841, 4887569.974245375022292 ], [ -685897.744822680251673, 4887688.721355450339615 ], [ -686058.517818094231188, 4887950.327787117101252 ], [ -686158.268353803083301, 4888084.583018920384347 ], [ -686300.003164026653394, 4888241.352962124161422 ], [ -686351.007296934491023, 4888276.746908694505692 ], [ -686442.648221074603498, 4888312.623851513490081 ] ] ] } },
{ "type": "Feature", "properties": { "OBJECTID": 182, "Block_Groups_TOTPOP10": 737, "Block_Groups_PopOver65": 147, "Block_Groups_Over65Density": 199457.25915875169, "Shape_Length": 4676.421061018892, "Shape_Area": 631036.56134394917 }, "geometry": { "type": "MultiPolygon", "coordinates": [ [ [ [ -676648.410843003541231, 4872404.267355630174279 ], [ -676613.234955808380619, 4872342.396435301750898 ], [ -676541.610993503592908, 4872238.74681800045073 ], [ -676532.626340732444078, 4872216.849812655709684 ], [ -676529.487219710368663, 4872183.189535263925791 ], [ -676541.630108482670039, 4872062.674950539134443 ], [ -676579.043782048858702, 4871888.663524786941707 ], [ -676531.03964589885436, 4871839.583256722427905 ], [ -676549.566028666449711, 4871802.96075043734163 ], [ -676598.603467042325065, 4871584.33155847992748 ], [ -676394.569554350106046, 4871550.69607690256089 ], [ -676303.370986568974331, 4871519.604793362319469 ], [ -675998.92658226727508, 4871356.952139370143414 ], [ -675810.817723133834079, 4871245.619172369129956 ], [ -675805.481669436208904, 4871284.563756678253412 ], [ -675790.633490326581523, 4871364.728021978400648 ], [ -675798.815320173511282, 4871498.603863367810845 ], [ -675795.093784875934944, 4871519.7714165719226 ], [ -675813.770815980155021, 4871538.104607337154448 ], [ -675875.575055690715089, 4871663.346862897276878 ], [ -675913.716771888313815, 4871781.418072952888906 ], [ -675952.102037720382214, 4872031.208412784151733 ], [ -675947.013908152468503, 4872098.784917114302516 ], [ -675921.108324610861018, 4872228.912307429127395 ], [ -675907.531902659451589, 4872258.878344824537635 ], [ -675882.455321319168434, 4872289.831317520700395 ], [ -675895.692558164475486, 4872300.435821237973869 ], [ -675930.080233968095854, 4872310.998075730167329 ], [ -676005.213519355980679, 4872317.440880998969078 ], [ -676261.225861232262105, 4872360.217750690877438 ], [ -676648.410843003541231, 4872404.267355630174279 ] ] ], [ [ [ -676648.410843003541231, 4872404.267355630174279 ], [ -676634.528756294632331, 4872513.184526198543608 ], [ -676658.5037382831797, 4872655.849481788463891 ], [ -676574.748647827887908, 4872801.371102667413652 ], [ -676731.762845203047618, 4872724.422268032096326 ], [ -676822.324987805914134, 4872698.980217363685369 ], [ -676886.238440112676471, 4872687.658250839449465 ], [ -676875.135310884797946, 4872656.359150368720293 ], [ -676842.777853080071509, 4872608.527218043804169 ], [ -676730.812835820484906, 4872519.596120472997427 ], [ -676648.410843003541231, 4872404.267355630174279 ] ] ] ] } },
{ "type": "Feature", "properties": { "OBJECTID": 183, "Block_Groups_TOTPOP10": 700, "Block_Groups_PopOver65": 86, "Block_Groups_Over65Density": 122857.14285714286, "Shape_Length": 3482.6093390442379, "Shape_Area": 536287.23157962342 }, "geometry": { "type": "Polygon", "coordinates": [ [ [ -660899.641189043177292, 4850809.921902853995562 ], [ -661274.259886555140838, 4851842.960294346325099 ], [ -661322.459845874691382, 4851997.472831577062607 ], [ -661348.308495497796685, 4852114.96868681255728 ], [ -661373.956497099017724, 4852106.586225789040327 ], [ -661378.969507732661441, 4852038.124575216323137 ], [ -661517.905232953373343, 4851544.395229380577803 ], [ -661602.643673987360671, 4851224.409975741058588 ], [ -661680.083701407304034, 4850824.010401384904981 ], [ -661488.141203863313422, 4850787.865104323253036 ], [ -661222.136804792564362, 4850738.192085810936987 ], [ -661107.802181215025485, 4850716.957229857333004 ], [ -661083.286909133894369, 4850718.757029346190393 ], [ -660961.69745381991379, 4850774.654249276034534 ], [ -660899.641189043177292, 4850809.921902853995562 ] ] ] } },
{ "type": "Feature", "properties": { "OBJECTID": 184, "Block_Groups_TOTPOP10": 3610, "Block_Groups_PopOver65": 659, "Block_Groups_Over65Density": 182548.47645429362, "Shape_Length": 24557.142868908173, "Shape_Area": 23196066.440655969 }, "geometry": { "type": "Polygon", "coordinates": [ [ [ -673660.294812907464802, 4882635.61079656612128 ], [ -673710.898722493322566, 4882528.077914545312524 ], [ -673803.196954166982323, 4882483.480682337656617 ], [ -673860.592393978498876, 4882551.437770443968475 ], [ -673934.58789191651158, 4882619.31432914827019 ], [ -673994.217542761005461, 4882640.336348277516663 ], [ -674144.166748912306502, 4882662.245768989436328 ], [ -674171.927257123636082, 4882684.416235771030188 ], [ -674185.793552627088502, 4882704.138622851110995 ], [ -674195.19414509111084, 4882732.089558514766395 ], [ -674192.21346346125938, 4882864.538480878807604 ], [ -676062.933749255724251, 4883214.72593295481056 ], [ -676293.355133092030883, 4881994.537662486545742 ], [ -676824.662217438453808, 4882120.630218955688179 ], [ -676899.344819033518434, 4882124.79783914797008 ], [ -677063.284969421569258, 4882114.667141203768551 ], [ -677156.538925358094275, 4882090.553409641608596 ], [ -677257.915075248107314, 4882046.080799482762814 ], [ -677388.192201387370005, 4881978.906299892812967 ], [ -677576.7755520879291, 4881931.801719238050282 ], [ -677608.262197774136439, 4881920.078104536049068 ], [ -677695.186821205308661, 4881867.793614573776722 ], [ -677772.14646113733761, 4881850.575622719712555 ], [ -678782.859262653626502, 4882017.194920333102345 ], [ -679063.632676318753511, 4880407.82987076882273 ], [ -679062.722544504329562, 4880387.370609101839364 ], [ -679049.973489372758195, 4880352.789660289883614 ], [ -679071.698186776600778, 4880328.061830385588109 ], [ -679087.349791283486411, 4880286.472478088922799 ], [ -679182.193333996459842, 4879724.325407790020108 ], [ -679198.955456156283617, 4879655.108780828304589 ], [ -679229.026015269104391, 4879613.055985545739532 ], [ -679213.260558791691437, 4879574.179028770886362 ], [ -679213.854796164669096, 4879549.471856405027211 ], [ -679345.807320797117427, 4878764.472198420204222 ], [ -678487.183045105775818, 4878622.558491417206824 ], [ -677719.95028178114444, 4878493.127618383616209 ], [ -677650.073262283811346, 4878889.065503986552358 ], [ -675524.527738497592509, 4878517.287070744670928 ], [ -675240.913327403133735, 4878474.098025637678802 ], [ -675192.66668088035658, 4878786.593397670425475 ], [ -675126.387737250188366, 4878781.685868174768984 ], [ -675122.549828091403469, 4878773.49282362125814 ], [ -675069.930844525108114, 4878742.426251724362373 ], [ -675031.149471811484545, 4878735.596810486167669 ], [ -675008.825023790355772, 4878746.699919319711626 ], [ -674994.13834287552163, 4878778.692452626302838 ], [ -674957.834408219903708, 4878796.354217975400388 ], [ -674927.628481435589492, 4878800.807544447481632 ], [ -674888.91200230945833, 4878772.190759313292801 ], [ -674863.9565450376831, 4878776.817076466046274 ], [ -674827.524787836475298, 4878795.208548696711659 ], [ -674761.426770061021671, 4878797.853101576678455 ], [ -674725.496399624971673, 4878843.393950283527374 ], [ -674705.740352261811495, 4878839.915820993483067 ], [ -674696.215188624802977, 4878825.460137594491243 ], [ -674701.760591724188998, 4878819.671222154051065 ], [ -674693.172371176769957, 4878795.608487669378519 ], [ -674682.838499052915722, 4878790.030781196430326 ], [ -674660.861854809802026, 4878803.450704353861511 ], [ -674657.883482033619657, 4878794.657729476690292 ], [ -674651.824659005971625, 4878803.363054578192532 ], [ -674611.992084924597293, 4878819.653025537729263 ], [ -674583.110100122634321, 4878855.159532418474555 ], [ -674568.656072918092832, 4878860.131816858425736 ], [ -674533.147886923514307, 4878813.290467102080584 ], [ -674487.165422806981951, 4878791.666187702678144 ], [ -674331.849706840002909, 4878744.033888105303049 ], [ -674271.232368569122627, 4878719.83569005317986 ], [ -674236.994529659394175, 4878695.770240707322955 ], [ -674202.642201147740707, 4878685.214903404936194 ], [ -674170.446870540268719, 4878679.54946943372488 ], [ -674115.582553485175595, 4878682.673720982857049 ], [ -674027.511433223029599, 4878698.747056428343058 ], [ -674006.676710814470425, 4878692.826266156509519 ], [ -673962.270243828883395, 4878657.953538140282035 ], [ -673930.212133747292683, 4878621.49519310425967 ], [ -673947.519884136039764, 4878553.131665355525911 ], [ -673911.120487394044176, 4878597.089828590862453 ], [ -673906.616535841720179, 4878609.827450971119106 ], [ -673908.931208463851362, 4878639.549467660486698 ], [ -673970.994593973271549, 4878724.131183981895447 ], [ -674064.999479080550373, 4878742.926203010603786 ], [ -674226.768158079357818, 4878749.594278206117451 ], [ -674369.568147966638207, 4878804.041264912113547 ], [ -674494.704299825942144, 4878881.690985160879791 ], [ -674493.370985784567893, 4878923.549704309552908 ], [ -674363.588799462653697, 4878846.58562832698226 ], [ -674319.763377673923969, 4878829.852224578149617 ], [ -674267.042842921102419, 4878825.08374316431582 ], [ -674249.943331497255713, 4878810.799365068785846 ], [ -674169.532709451625124, 4878787.628698894754052 ], [ -674100.600628013024107, 4878793.538518693298101 ], [ -674072.002453809604049, 4878810.304330559447408 ], [ -674035.431972893187776, 4878816.647450403310359 ], [ -673927.135869514429942, 4878754.748953962698579 ], [ -673864.641186276450753, 4878706.923307781107724 ], [ -673836.498090563807636, 4878669.65119744092226 ], [ -673802.297038514865562, 4878641.085029846057296 ], [ -673753.323703368427232, 4878713.648237560875714 ], [ -673698.81499553238973, 4878761.936077430844307 ], [ -673642.338466816581786, 4878782.818796428851783 ], [ -673598.437158807180822, 4878775.096811250783503 ], [ -673542.557145991595462, 4878753.993901596404612 ], [ -673535.036576180486009, 4878762.442371025681496 ], [ -673515.719014665111899, 4878837.965098306536674 ], [ -673499.3430863074027, 4878853.875313851051033 ], [ -673475.522216269047931, 4878869.227739809080958 ], [ -673381.016171462833881, 4878896.200125687755644 ], [ -673289.241194051457569, 4878903.360333859920502 ], [ -673272.209558316739276, 4878910.135990144684911 ], [ -673256.928738524438813, 4878941.27069987822324 ], [ -673227.218136912677437, 4878960.097009075805545 ], [ -673152.075915626017377, 4878949.890348604880273 ], [ -673048.73017287091352, 4878924.203561127185822 ], [ -672976.893883477430791, 4878942.388586224988103 ], [ -672985.13981661410071, 4878964.130833472125232 ], [ -673045.851262924494222, 4878962.02800474781543 ], [ -673078.904082135530189, 4878967.087886606343091 ], [ -673076.121492982842028, 4878978.62383203394711 ], [ -673062.326633851742372, 4878992.733088792301714 ], [ -673069.402674002107233, 4879008.257181150838733 ], [ -673065.028576498152688, 4879020.264843583106995 ], [ -673017.593854987062514, 4879041.236030944623053 ], [ -672962.271506418706849, 4879085.622076090425253 ], [ -672919.852353136753663, 4879090.94085600040853 ], [ -672890.458580899517983, 4879086.524729799479246 ], [ -672865.251828082837164, 4879092.615125936456025 ], [ -672774.647442197892815, 4879136.059767477214336 ], [ -672731.625632655806839, 4879140.521798206493258 ], [ -672602.20129250199534, 4879108.754012893885374 ], [ -672553.934002644848078, 4879082.985270217061043 ], [ -672513.057008866919205, 4879049.49725793953985 ], [ -672357.272610415471718, 4879030.387440371327102 ], [ -672303.092119880951941, 4879055.437189961783588 ], [ -672291.437560789519921, 4879091.716932966373861 ], [ -672291.141816217917949, 4879127.737948236055672 ], [ -672300.63304286962375, 4879146.690659921616316 ], [ -672318.374179507605731, 4879157.323236402124166 ], [ -672295.750969444401562, 4879324.691376770846546 ], [ -672306.044348818948492, 4879364.826596752740443 ], [ -672309.015199845191091, 4879463.793912570923567 ], [ -672316.81997008039616, 4879509.502995275892317 ], [ -672296.548160163685679, 4879569.064469589851797 ], [ -672245.05848567513749, 4879608.861266911961138 ], [ -672191.030453918036073, 4879615.898887997493148 ], [ -672142.929240104276687, 4879614.96085786819458 ], [ -672123.598252455005422, 4879604.800751862116158 ], [ -671966.604409151943401, 4879571.20409038849175 ], [ -671897.621015537297353, 4879495.962215775623918 ], [ -671893.745279443683103, 4879462.217175752855837 ], [ -671898.245176837779582, 4879449.481432618573308 ], [ -671890.582020884845406, 4879445.88075774628669 ], [ -671898.776529724476859, 4879429.285262249410152 ], [ -671889.778266025707126, 4879424.698592477478087 ], [ -671894.534242830006406, 4879410.504803483374417 ], [ -671862.43712503509596, 4879378.564865480177104 ], [ -671846.562688064295799, 4879348.723407344892621 ], [ -671815.031812961678952, 4879322.143475875258446 ], [ -671790.761219545034692, 4879318.631634847261012 ], [ -671773.623871973482892, 4879308.858155212365091 ], [ -671754.016965316375718, 4879317.437674315646291 ], [ -671760.582548089092597, 4879335.87460112106055 ], [ -671753.979638166725636, 4879351.998479963280261 ], [ -673167.870857703965157, 4881950.90477226767689 ], [ -673241.93261627969332, 4882069.871804994530976 ], [ -673660.294812907464802, 4882635.61079656612128 ] ] ] } },
{ "type": "Feature", "properties": { "OBJECTID": 185, "Block_Groups_TOTPOP10": 1863, "Block_Groups_PopOver65": 168, "Block_Groups_Over65Density": 90177.133655394529, "Shape_Length": 4992.7732085960342, "Shape_Area": 950739.69511498325 }, "geometry": { "type": "Polygon", "coordinates": [ [ [ -656693.974784311139956, 4880971.476480964571238 ], [ -656956.157592955743894, 4881022.982178379781544 ], [ -657123.689220040803775, 4881034.05271455552429 ], [ -657255.357616366818547, 4881065.166333664208651 ], [ -657766.965932548977435, 4880690.959531177766621 ], [ -658423.430131108732894, 4880281.108926420100033 ], [ -658795.857401246204972, 4880019.307095457799733 ], [ -658701.203940284205601, 4879996.102393523789942 ], [ -658621.86271992768161, 4880001.832037073560059 ], [ -658466.639511210378259, 4880045.420439943671227 ], [ -658136.5720553714782, 4880111.18072132114321 ], [ -657684.715971127385274, 4880184.325271398760378 ], [ -656825.709326254669577, 4880351.193953387439251 ], [ -656733.801889057504013, 4880781.023690450005233 ], [ -656693.974784311139956, 4880971.476480964571238 ] ] ] } },
{ "type": "Feature", "properties": { "OBJECTID": 186, "Block_Groups_TOTPOP10": 934, "Block_Groups_PopOver65": 19, "Block_Groups_Over65Density": 20342.612419700214, "Shape_Length": 3222.7875577656123, "Shape_Area": 381358.52455886366 }, "geometry": { "type": "Polygon", "coordinates": [ [ [ -681862.609616848640144, 4869998.799278520047665 ], [ -682349.641194218536839, 4870078.057333185337484 ], [ -682505.265604712534696, 4870116.851608484983444 ], [ -682683.791572417831048, 4870192.830310318619013 ], [ -682785.626374068669975, 4870253.751789272762835 ], [ -682900.054861298762262, 4870341.751021111384034 ], [ -683012.54790069675073, 4870453.506663729436696 ], [ -683018.961163358297199, 4870421.508036263287067 ], [ -683045.559829040197656, 4870283.890164088457823 ], [ -683087.392578911501914, 4870060.103077821433544 ], [ -682984.921971440780908, 4870041.234429515898228 ], [ -682960.908565500052646, 4870031.718057147227228 ], [ -682931.719227504916489, 4870013.003251940943301 ], [ -682826.419754145201296, 4869916.07341437600553 ], [ -682801.585416102549061, 4869902.647428478114307 ], [ -682749.634838558966294, 4869884.428963929414749 ], [ -682654.274563236162066, 4869863.810675498098135 ], [ -682497.596011172281578, 4869792.44763187225908 ], [ -682296.273157797986642, 4869759.890127566643059 ], [ -682130.022889288142323, 4869691.3642896739766 ], [ -681929.296902637463063, 4869646.875632705166936 ], [ -681898.949149367632344, 4869822.992480655200779 ], [ -681866.994479314656928, 4869973.972108785063028 ], [ -681862.609616848640144, 4869998.799278520047665 ] ] ] } },
{ "type": "Feature", "properties": { "OBJECTID": 187, "Block_Groups_TOTPOP10": 717, "Block_Groups_PopOver65": 31, "Block_Groups_Over65Density": 43235.704323570433, "Shape_Length": 4433.1221528736942, "Shape_Area": 1071423.9894744279 }, "geometry": { "type": "Polygon", "coordinates": [ [ [ -681862.609616848640144, 4869998.799278520047665 ], [ -681800.799265419365838, 4870271.752087911590934 ], [ -681690.540706778410822, 4870814.712046450003982 ], [ -681897.560909203719348, 4870849.023505305871367 ], [ -682102.383015106199309, 4870882.953299053944647 ], [ -682297.808848894899711, 4870914.475928863510489 ], [ -682500.474844456883147, 4870943.519674084149301 ], [ -682952.362178170122206, 4871020.399214223027229 ], [ -683311.837157330010086, 4871077.198625354096293 ], [ -683288.529509732732549, 4870926.99952793866396 ], [ -683264.976298150140792, 4870842.264705223031342 ], [ -683223.916360044619069, 4870732.596321147866547 ], [ -683165.525808619800955, 4870618.356561330147088 ], [ -683122.964688098058105, 4870551.343027299270034 ], [ -683018.961163358297199, 4870421.508036263287067 ], [ -683012.54790069675073, 4870453.506663729436696 ], [ -682900.054861298762262, 4870341.751021111384034 ], [ -682785.626374068669975, 4870253.751789272762835 ], [ -682683.791572417831048, 4870192.830310318619013 ], [ -682505.265604712534696, 4870116.851608484983444 ], [ -682349.641194218536839, 4870078.057333185337484 ], [ -681862.609616848640144, 4869998.799278520047665 ] ] ] } },
{ "type": "Feature", "properties": { "OBJECTID": 188, "Block_Groups_TOTPOP10": 1025, "Block_Groups_PopOver65": 45, "Block_Groups_Over65Density": 43902.439024390245, "Shape_Length": 6466.5377154751577, "Shape_Area": 1637001.797732173 }, "geometry": { "type": "Polygon", "coordinates": [ [ [ -682747.048186428379267, 4867528.824421801604331 ], [ -682753.101738586556166, 4867563.037848420441151 ], [ -682740.300910645630211, 4867665.481964142993093 ], [ -683540.381243089679629, 4867792.523601056076586 ], [ -683988.26949224807322, 4867863.411081475205719 ], [ -684746.656369963195175, 4867986.996297851204872 ], [ -684930.981083607068285, 4867086.137259785085917 ], [ -685077.549259320367128, 4866296.025542008690536 ], [ -685059.345735115697607, 4866292.052135764621198 ], [ -685043.341985832666978, 4866288.468026697635651 ], [ -685024.416775519261137, 4866335.607672854326665 ], [ -684994.705567168537527, 4866371.043303310871124 ], [ -684453.949223482981324, 4866824.708650914952159 ], [ -684358.342651362298056, 4866865.066389096900821 ], [ -684109.817695068428293, 4866949.213250080123544 ], [ -683711.765779301058501, 4867109.398474091663957 ], [ -682881.778880211757496, 4867476.537784053944051 ], [ -682747.048186428379267, 4867528.824421801604331 ] ] ] } },
{ "type": "Feature", "properties": { "OBJECTID": 189, "Block_Groups_TOTPOP10": 2968, "Block_Groups_PopOver65": 570, "Block_Groups_Over65Density": 192048.51752021562, "Shape_Length": 8298.2965356132117, "Shape_Area": 3207215.6014344306 }, "geometry": { "type": "Polygon", "coordinates": [ [ [ -683018.961163358297199, 4870421.508036263287067 ], [ -683122.964688098058105, 4870551.343027299270034 ], [ -683165.525808619800955, 4870618.356561330147088 ], [ -683223.916360044619069, 4870732.596321147866547 ], [ -683264.976298150140792, 4870842.264705223031342 ], [ -683288.529509732732549, 4870926.99952793866396 ], [ -683311.837157330010086, 4871077.198625354096293 ], [ -683717.864003650611266, 4871139.996069855056703 ], [ -683790.508960537612438, 4870699.540118739940226 ], [ -683836.853297886904329, 4870480.321148786693811 ], [ -683838.096255367388949, 4870439.122950636781752 ], [ -683893.974712720373645, 4870259.988967220298946 ], [ -683944.136355234775692, 4870168.703497651964426 ], [ -684122.996090469416231, 4869909.649399503134191 ], [ -684385.323125502560288, 4869584.764249520376325 ], [ -684425.323012987151742, 4869521.043678365647793 ], [ -684460.403453871142119, 4869421.051787161268294 ], [ -684746.656369963195175, 4867986.996297851204872 ], [ -683988.26949224807322, 4867863.411081475205719 ], [ -683540.381243089679629, 4867792.523601056076586 ], [ -683549.399807728128508, 4867809.936857882887125 ], [ -683541.565965479938313, 4867849.983768850564957 ], [ -683468.216569671873003, 4868213.658028417266905 ], [ -683454.288307075155899, 4868211.196158282458782 ], [ -683377.229314423166215, 4868565.908391213044524 ], [ -683194.737420791992918, 4869512.762889856472611 ], [ -683135.38043281971477, 4869805.767154252156615 ], [ -683087.392578911501914, 4870060.103077821433544 ], [ -683045.559829040197656, 4870283.890164088457823 ], [ -683018.961163358297199, 4870421.508036263287067 ] ] ] } },
{ "type": "Feature", "properties": { "OBJECTID": 190, "Block_Groups_TOTPOP10": 1470, "Block_Groups_PopOver65": 298, "Block_Groups_Over65Density": 202721.08843537414, "Shape_Length": 5211.3003859889641, "Shape_Area": 1111681.8167176398 }, "geometry": { "type": "Polygon", "coordinates": [ [ [ -682102.383015106199309, 4870882.953299053944647 ], [ -682023.24349836143665, 4871296.610145903192461 ], [ -682023.732918696012348, 4871336.598368154838681 ], [ -682042.300527799874544, 4871432.481209346093237 ], [ -682044.785137969534844, 4871508.205302381888032 ], [ -682011.908863202435896, 4871758.358532447367907 ], [ -682022.741730087669566, 4871803.936524529010057 ], [ -682108.038141690893099, 4871971.080306572839618 ], [ -682118.565698663704097, 4872009.828498880378902 ], [ -682087.518026787322015, 4872206.841097392141819 ], [ -682070.943075445480645, 4872253.594557066448033 ], [ -682029.589441925054416, 4872295.214727247133851 ], [ -681839.379348317859694, 4872392.573959523811936 ], [ -681806.94782379316166, 4872435.017632025294006 ], [ -681793.567719347774982, 4872493.624563071876764 ], [ -682221.594350843690336, 4872559.50355105753988 ], [ -682704.435652139829472, 4872635.85891330614686 ], [ -682721.091370532521978, 4872541.696423827670515 ], [ -682741.634408335667104, 4872489.623859611339867 ], [ -682771.617003280669451, 4872448.253925423137844 ], [ -682881.00431643333286, 4872338.120642852038145 ], [ -682906.637412385083735, 4872304.261360477656126 ], [ -682930.412975966231897, 4872246.735587627626956 ], [ -682935.570349658839405, 4872179.140437747351825 ], [ -682923.234163778834045, 4872125.012608477845788 ], [ -682902.454236580524594, 4872084.447770717553794 ], [ -682768.959427876165137, 4871946.404639486223459 ], [ -682750.808211956406012, 4871912.327774489298463 ], [ -682750.11119321687147, 4871882.09049701038748 ], [ -682800.726016427157447, 4871621.515337369404733 ], [ -682799.876239908160642, 4871502.40904994122684 ], [ -682817.563052453566343, 4871402.389657270163298 ], [ -682424.406960883177817, 4871339.6553197177127 ], [ -682500.474844456883147, 4870943.519674084149301 ], [ -682297.808848894899711, 4870914.475928863510489 ], [ -682102.383015106199309, 4870882.953299053944647 ] ] ] } },
{ "type": "Feature", "properties": { "OBJECTID": 191, "Block_Groups_TOTPOP10": 1147, "Block_Groups_PopOver65": 314, "Block_Groups_Over65Density": 273757.62859633827, "Shape_Length": 4678.6729767181241, "Shape_Area": 684335.77806800231 }, "geometry": { "type": "Polygon", "coordinates": [ [ [ -682635.7750799653586, 4873634.619765661656857 ], [ -682748.308162220520899, 4873617.64978470467031 ], [ -682686.057243108050898, 4873931.032327113673091 ], [ -682712.726776502095163, 4873942.525388712063432 ], [ -682783.593128948705271, 4873610.345081106759608 ], [ -682988.495853446656838, 4872678.582886553369462 ], [ -682891.668517952552065, 4872662.205023020505905 ], [ -682704.435652139829472, 4872635.85891330614686 ], [ -682221.594350843690336, 4872559.50355105753988 ], [ -681793.567719347774982, 4872493.624563071876764 ], [ -681774.579466527095065, 4872656.620919177308679 ], [ -681786.597373690921813, 4872772.404691081494093 ], [ -681796.695016632555053, 4872817.846395692788064 ], [ -681851.109468044014648, 4872937.359146385453641 ], [ -681877.857270723441616, 4873046.711482297629118 ], [ -682035.326017920160666, 4873010.572478402405977 ], [ -682106.937115025008097, 4873015.707156770862639 ], [ -682153.001306175254285, 4873032.884761550463736 ], [ -682241.170039623975754, 4873085.358278128318489 ], [ -682324.810598018346354, 4873124.989202750846744 ], [ -682510.396528222132474, 4873181.900418054312468 ], [ -682528.927726235007867, 4873200.985221066512167 ], [ -682538.281588467769325, 4873220.704855678603053 ], [ -682538.858476096764207, 4873302.851464581675828 ], [ -682555.84489291976206, 4873356.287017866969109 ], [ -682581.350010563153774, 4873348.755893504247069 ], [ -682636.328324459725991, 4873353.965856110677123 ], [ -682652.519386803731322, 4873544.25028707459569 ], [ -682635.7750799653586, 4873634.619765661656857 ] ] ] } },
{ "type": "Feature", "properties": { "OBJECTID": 192, "Block_Groups_TOTPOP10": 1570, "Block_Groups_PopOver65": 125, "Block_Groups_Over65Density": 79617.834394904465, "Shape_Length": 4836.4951482566175, "Shape_Area": 1103999.8501671106 }, "geometry": { "type": "Polygon", "coordinates": [ [ [ -681137.987106337444857, 4873655.778940686956048 ], [ -681500.753424905007705, 4873735.698475990444422 ], [ -681550.944659815402701, 4873742.313164134509861 ], [ -681638.056302803102881, 4873749.434391601011157 ], [ -681839.934319619555026, 4873748.249513204209507 ], [ -682021.096976412460208, 4873765.985163012519479 ], [ -682121.075343906879425, 4873704.64057634677738 ], [ -682424.869342050747946, 4873579.996634011156857 ], [ -682555.89362494694069, 4873612.207522801123559 ], [ -682581.442528871586546, 4873612.964216669090092 ], [ -682635.7750799653586, 4873634.619765661656857 ], [ -682652.519386803731322, 4873544.25028707459569 ], [ -682636.328324459725991, 4873353.965856110677123 ], [ -682581.350010563153774, 4873348.755893504247069 ], [ -682555.84489291976206, 4873356.287017866969109 ], [ -682538.858476096764207, 4873302.851464581675828 ], [ -682538.281588467769325, 4873220.704855678603053 ], [ -682528.927726235007867, 4873200.985221066512167 ], [ -682510.396528222132474, 4873181.900418054312468 ], [ -682324.810598018346354, 4873124.989202750846744 ], [ -682241.170039623975754, 4873085.358278128318489 ], [ -682153.001306175254285, 4873032.884761550463736 ], [ -682106.937115025008097, 4873015.707156770862639 ], [ -682035.326017920160666, 4873010.572478402405977 ], [ -681877.857270723441616, 4873046.711482297629118 ], [ -681851.109468044014648, 4872937.359146385453641 ], [ -681796.695016632555053, 4872817.846395692788064 ], [ -681786.597373690921813, 4872772.404691081494093 ], [ -681774.579466527095065, 4872656.620919177308679 ], [ -681793.567719347774982, 4872493.624563071876764 ], [ -681699.887859377777204, 4872480.831684879027307 ], [ -681638.099879101617262, 4872484.214133647270501 ], [ -681582.136094611836597, 4872505.938875678926706 ], [ -681478.922933001769707, 4872572.757207560352981 ], [ -681443.812358448514715, 4872587.62897253036499 ], [ -681406.112313101766631, 4872591.505473149009049 ], [ -681348.845277863554657, 4872582.139774087816477 ], [ -681272.308389169396833, 4872968.288842145353556 ], [ -681137.987106337444857, 4873655.778940686956048 ] ] ] } },
{ "type": "Feature", "properties": { "OBJECTID": 193, "Block_Groups_TOTPOP10": 969, "Block_Groups_PopOver65": 158, "Block_Groups_Over65Density": 163054.69556243549, "Shape_Length": 2646.8899833047476, "Shape_Area": 430305.19406102208 }, "geometry": { "type": "Polygon", "coordinates": [ [ [ -661517.905232953373343, 4851544.395229380577803 ], [ -661740.064911592984572, 4851585.012836250476539 ], [ -662148.72069406369701, 4851645.037933082319796 ], [ -662215.119372511515394, 4851208.074962455779314 ], [ -662260.697387236403301, 4850931.046390262432396 ], [ -662000.316889675334096, 4850883.819681932218373 ], [ -661680.083701407304034, 4850824.010401384904981 ], [ -661602.643673987360671, 4851224.409975741058588 ], [ -661517.905232953373343, 4851544.395229380577803 ] ] ] } },
{ "type": "Feature", "properties": { "OBJECTID": 194, "Block_Groups_TOTPOP10": 826, "Block_Groups_PopOver65": 24, "Block_Groups_Over65Density": 29055.690072639227, "Shape_Length": 4749.1084404448347, "Shape_Area": 971296.16963416024 }, "geometry": { "type": "Polygon", "coordinates": [ [ [ -657062.826079882215708, 4879132.145317410118878 ], [ -655606.63145293854177, 4879949.915261443704367 ], [ -655605.183472157921642, 4879988.688193484209478 ], [ -655594.150760833406821, 4880039.307809928432107 ], [ -655847.850358384428546, 4879900.919438826851547 ], [ -655778.306565556675196, 4880232.574999151751399 ], [ -655745.649556569522247, 4880329.723563738167286 ], [ -656350.841045274632052, 4880427.161875340156257 ], [ -656424.064298492856324, 4880421.85191953368485 ], [ -656825.709326254669577, 4880351.193953387439251 ], [ -656867.50565049960278, 4880158.062005473300815 ], [ -657062.826079882215708, 4879132.145317410118878 ] ] ] } },
{ "type": "Feature", "properties": { "OBJECTID": 195, "Block_Groups_TOTPOP10": 1141, "Block_Groups_PopOver65": 166, "Block_Groups_Over65Density": 145486.41542506573, "Shape_Length": 3530.2913851215803, "Shape_Area": 583234.02075254649 }, "geometry": { "type": "Polygon", "coordinates": [ [ [ -655580.430699097458273, 4880813.606177870184183 ], [ -656414.03722010506317, 4880931.159172979183495 ], [ -656397.597695461241528, 4881047.62133467849344 ], [ -656540.916855658171698, 4881067.985177570022643 ], [ -656667.674208651296794, 4881083.977353418245912 ], [ -656693.974784311139956, 4880971.476480964571238 ], [ -656733.801889057504013, 4880781.023690450005233 ], [ -656825.709326254669577, 4880351.193953387439251 ], [ -656424.064298492856324, 4880421.85191953368485 ], [ -656350.841045274632052, 4880427.161875340156257 ], [ -655745.649556569522247, 4880329.723563738167286 ], [ -655657.957271014107391, 4880574.91587395966053 ], [ -655629.149858105462044, 4880701.991315323859453 ], [ -655580.430699097458273, 4880813.606177870184183 ] ] ] } },
{ "type": "Feature", "properties": { "OBJECTID": 196, "Block_Groups_TOTPOP10": 1945, "Block_Groups_PopOver65": 319, "Block_Groups_Over65Density": 164010.2827763496, "Shape_Length": 7351.2202851796383, "Shape_Area": 2817133.976182953 }, "geometry": { "type": "Polygon", "coordinates": [ [ [ -658460.61524233687669, 4878353.795042899437249 ], [ -658459.46323277358897, 4878382.124784931540489 ], [ -658443.71256282296963, 4878442.455087194219232 ], [ -658143.799781396752223, 4880047.885040840134025 ], [ -658136.5720553714782, 4880111.18072132114321 ], [ -658466.639511210378259, 4880045.420439943671227 ], [ -658621.86271992768161, 4880001.832037073560059 ], [ -658701.203940284205601, 4879996.102393523789942 ], [ -658795.857401246204972, 4880019.307095457799733 ], [ -659655.933692195219919, 4879353.55933652818203 ], [ -660161.584158969344571, 4878963.241243570111692 ], [ -660355.266142589040101, 4878811.473788079805672 ], [ -660598.500822304049507, 4878604.499762463383377 ], [ -660567.098085446050391, 4878572.755564983002841 ], [ -660441.62166658975184, 4878518.639895899221301 ], [ -660362.858893610537052, 4878468.897451696917415 ], [ -660350.540972696617246, 4878448.733653328381479 ], [ -660361.225522933527827, 4878287.648078318685293 ], [ -660379.090865753125399, 4878223.924685685895383 ], [ -660368.974964598659426, 4878165.095940103754401 ], [ -660290.14910663687624, 4878124.354371342808008 ], [ -659980.535104022128507, 4878063.009861659258604 ], [ -659872.43594686454162, 4877999.914055967703462 ], [ -659771.755731808021665, 4877998.181895834393799 ], [ -659665.755280115641654, 4878027.063738376833498 ], [ -659601.319894848391414, 4878102.966980030760169 ], [ -659484.404133771313354, 4878159.987232314422727 ], [ -659404.532093086047098, 4878168.632761796936393 ], [ -659313.61648382153362, 4878206.144846987910569 ], [ -659213.894205789314583, 4878285.675841898657382 ], [ -659140.566337758908048, 4878282.696038962341845 ], [ -659096.314776990097016, 4878255.486129213124514 ], [ -658990.55175356566906, 4878170.288257464766502 ], [ -658956.004748621257022, 4878152.273652940988541 ], [ -658868.567799345823005, 4878200.155074732378125 ], [ -658839.7600616235286, 4878201.157856186851859 ], [ -658803.046960722422227, 4878178.262997560203075 ], [ -658631.342829681234434, 4878255.808068172074854 ], [ -658460.61524233687669, 4878353.795042899437249 ] ] ] } },
{ "type": "Feature", "properties": { "OBJECTID": 197, "Block_Groups_TOTPOP10": 2127, "Block_Groups_PopOver65": 282, "Block_Groups_Over65Density": 132581.10014104372, "Shape_Length": 16864.272948754584, "Shape_Area": 6964856.8389649242 }, "geometry": { "type": "Polygon", "coordinates": [ [ [ -653581.405680590542033, 4879811.585440256632864 ], [ -654244.696147098904476, 4879903.864932552911341 ], [ -654461.725633738329634, 4879942.189777978695929 ], [ -655023.633890870260075, 4880059.018349963240325 ], [ -655130.436027378542349, 4880068.516252771951258 ], [ -655280.887117956764996, 4880060.814789602532983 ], [ -655357.785094450926408, 4880177.698805285617709 ], [ -655333.293725409312174, 4880214.727870283648372 ], [ -655150.327164532616735, 4880192.779465718194842 ], [ -655119.904508616309613, 4880264.049777391366661 ], [ -655096.929463966051117, 4880292.336205587722361 ], [ -655072.318411679938436, 4880308.332859470508993 ], [ -655076.648034845711663, 4880339.849121111445129 ], [ -655066.028761539142579, 4880362.021696399897337 ], [ -654945.113086125347763, 4880473.139424619264901 ], [ -654915.285187243018299, 4880484.479965155012906 ], [ -654882.232829418731853, 4880484.006515065208077 ], [ -654824.983925006352365, 4880449.326980236917734 ], [ -654805.844636880327016, 4880468.522483591921628 ], [ -654788.694424289511517, 4880502.319242953322828 ], [ -654765.813389525515959, 4880577.893216841854155 ], [ -654701.635119340382516, 4880665.821245643310249 ], [ -654731.757829133188352, 4880687.5466268947348 ], [ -654757.798529374646023, 4880698.060362407937646 ], [ -654983.477906730491668, 4880734.157926948741078 ], [ -654991.972221917239949, 4880741.632451558485627 ], [ -654991.209894377039745, 4880767.762502480298281 ], [ -654980.238591864006594, 4880787.621419389732182 ], [ -654858.872451135423034, 4880914.408265205100179 ], [ -654857.053029898554087, 4880933.601338024251163 ], [ -654863.832636415492743, 4880942.279178029857576 ], [ -654886.94791884929873, 4880952.286737009882927 ], [ -655073.867676289752126, 4881003.434306372888386 ], [ -655230.82021312462166, 4880840.799103589728475 ], [ -655324.453007428674027, 4880930.56159767601639 ], [ -655491.82817338895984, 4881007.597004405222833 ], [ -655536.810288839275017, 4880908.844621310010552 ], [ -655580.430699097458273, 4880813.606177870184183 ], [ -655629.149858105462044, 4880701.991315323859453 ], [ -655657.957271014107391, 4880574.91587395966053 ], [ -655745.649556569522247, 4880329.723563738167286 ], [ -655778.306565556675196, 4880232.574999151751399 ], [ -655847.850358384428546, 4879900.919438826851547 ], [ -655594.150760833406821, 4880039.307809928432107 ], [ -655605.183472157921642, 4879988.688193484209478 ], [ -655606.63145293854177, 4879949.915261443704367 ], [ -657062.826079882215708, 4879132.145317410118878 ], [ -657982.332271611085162, 4878617.60575348790735 ], [ -658460.61524233687669, 4878353.795042899437249 ], [ -658631.342829681234434, 4878255.808068172074854 ], [ -658803.046960722422227, 4878178.262997560203075 ], [ -658812.300097365863621, 4877986.15549504570663 ], [ -658785.939151734113693, 4877986.082200293429196 ], [ -658152.558222883846611, 4877884.369664477184415 ], [ -658134.117372317705303, 4877886.424543641507626 ], [ -658115.439750413177535, 4877907.208498566411436 ], [ -658051.959879788337275, 4878268.581284252926707 ], [ -658030.286263609072194, 4878280.585338386707008 ], [ -657911.641962114721537, 4878265.247360784560442 ], [ -657350.489054328296334, 4878173.131987612694502 ], [ -657286.756284778704867, 4878158.322589518502355 ], [ -657241.733375579351559, 4878157.269445698708296 ], [ -657307.253246666863561, 4877753.466177245602012 ], [ -656888.132899499032646, 4877802.40733359195292 ], [ -656786.347241028910503, 4877824.549158818088472 ], [ -655557.879874689504504, 4878331.56072143651545 ], [ -653928.504090728471056, 4878075.044745936989784 ], [ -653666.212882143212482, 4879412.798702481202781 ], [ -653581.405680590542033, 4879811.585440256632864 ] ] ] } },
{ "type": "Feature", "properties": { "OBJECTID": 198, "Block_Groups_TOTPOP10": 2133, "Block_Groups_PopOver65": 217, "Block_Groups_Over65Density": 101734.6460384435, "Shape_Length": 37059.066595916018, "Shape_Area": 70328807.956227198 }, "geometry": { "type": "Polygon", "coordinates": [ [ [ -648591.924345408566296, 4879693.65852396376431 ], [ -648606.633373111020774, 4879678.190464202314615 ], [ -648636.045664674602449, 4879673.506383277475834 ], [ -649308.168002898106351, 4879809.586525606922805 ], [ -649518.729961337754503, 4879867.640879237093031 ], [ -650123.610950082307681, 4879987.714711628854275 ], [ -650965.418447677977383, 4880113.48844204377383 ], [ -651810.108212443301454, 4880248.871608491055667 ], [ -651919.455755162518471, 4879711.834936357103288 ], [ -652865.277313604019582, 4879724.493157529272139 ], [ -653083.99189340043813, 4879744.304940355941653 ], [ -653581.405680590542033, 4879811.585440256632864 ], [ -653666.212882143212482, 4879412.798702481202781 ], [ -653928.504090728471056, 4878075.044745936989784 ], [ -655557.879874689504504, 4878331.56072143651545 ], [ -656786.347241028910503, 4877824.549158818088472 ], [ -656888.132899499032646, 4877802.40733359195292 ], [ -657307.253246666863561, 4877753.466177245602012 ], [ -657241.733375579351559, 4878157.269445698708296 ], [ -657286.756284778704867, 4878158.322589518502355 ], [ -657350.489054328296334, 4878173.131987612694502 ], [ -657911.641962114721537, 4878265.247360784560442 ], [ -658030.286263609072194, 4878280.585338386707008 ], [ -658051.959879788337275, 4878268.581284252926707 ], [ -658115.439750413177535, 4877907.208498566411436 ], [ -658134.117372317705303, 4877886.424543641507626 ], [ -658152.558222883846611, 4877884.369664477184415 ], [ -658785.939151734113693, 4877986.082200293429196 ], [ -658812.300097365863621, 4877986.15549504570663 ], [ -658825.90248347283341, 4877977.255322337150574 ], [ -658844.722460452700034, 4877894.9272873820737 ], [ -658915.641220633406192, 4877521.295113038271666 ], [ -658970.568929957924411, 4877265.763555206358433 ], [ -658978.797210482880473, 4877218.382396676577628 ], [ -658974.871555425459519, 4877201.931122741661966 ], [ -659197.841155467322096, 4876226.070477217435837 ], [ -659318.487221644958481, 4875570.299818548373878 ], [ -659615.388428597012535, 4874111.947324086911976 ], [ -659639.805351006332785, 4873953.909001549705863 ], [ -659840.551253815880045, 4872862.478169127367437 ], [ -659913.043830186128616, 4872331.7688232306391 ], [ -659003.618344475282356, 4872196.561200755648315 ], [ -658849.606970556080341, 4872214.943821651861072 ], [ -658649.954173204721883, 4872226.920175748877227 ], [ -658416.706955075263977, 4872219.554167266003788 ], [ -658304.163473501801491, 4872207.564385780133307 ], [ -657282.707484113518149, 4872040.404772684909403 ], [ -657021.171557696303353, 4872004.897244391031563 ], [ -656644.950185105204582, 4871969.840214982628822 ], [ -655988.146293743979186, 4871944.124020241200924 ], [ -655426.098443442489952, 4871924.328705827705562 ], [ -655257.52281207498163, 4871909.46551030408591 ], [ -655042.294335345271975, 4871872.271623241715133 ], [ -654802.067567580146715, 4871805.22471378557384 ], [ -653975.19918703311123, 4871520.455793780274689 ], [ -653793.734978886554018, 4871471.105356020852923 ], [ -653622.220920661231503, 4871433.994154376909137 ], [ -651461.540459194919094, 4871045.731317008845508 ], [ -650349.291322304401547, 4870846.759330295957625 ], [ -650276.208107356680557, 4870833.434568585827947 ], [ -650133.704808082198724, 4871648.548885212279856 ], [ -650051.87668456393294, 4872202.928778314031661 ], [ -649960.724080509273335, 4872662.551601914688945 ], [ -649820.720683256862685, 4873257.136160152032971 ], [ -649749.966671388596296, 4873585.058542184531689 ], [ -649528.287369782105088, 4874754.760757344774902 ], [ -649362.387229007901624, 4875665.919931122101843 ], [ -649334.254653688287362, 4875833.694926250725985 ], [ -649322.798075691331178, 4875856.489102749153972 ], [ -648716.904967972543091, 4879121.099481547251344 ], [ -648591.924345408566296, 4879693.65852396376431 ] ] ] } },
{ "type": "Feature", "properties": { "OBJECTID": 199, "Block_Groups_TOTPOP10": 2601, "Block_Groups_PopOver65": 211, "Block_Groups_Over65Density": 81122.645136485968, "Shape_Length": 6548.6297760114685, "Shape_Area": 1968604.4910360107 }, "geometry": { "type": "Polygon", "coordinates": [ [ [ -685381.423392236698419, 4864693.290399025194347 ], [ -686555.41139772743918, 4864924.364598537795246 ], [ -686620.615165515104309, 4864543.184494843706489 ], [ -686934.022091913269833, 4864888.127908328548074 ], [ -687006.811966104665771, 4864895.740703387185931 ], [ -687012.118365462636575, 4864865.774691995233297 ], [ -687091.769351442810148, 4864885.910219024866819 ], [ -687097.464362425263971, 4864853.751547945663333 ], [ -687222.377876557875425, 4864878.889215778559446 ], [ -687271.135261425748467, 4864876.971635054796934 ], [ -687215.430811000522226, 4864683.173958919011056 ], [ -687107.073654952691868, 4864359.434431586414576 ], [ -687084.978362913941965, 4864313.306334963999689 ], [ -686987.967757920734584, 4864198.882793723605573 ], [ -686931.954452553531155, 4864164.842849225737154 ], [ -686833.566870339680463, 4864143.65681089926511 ], [ -686801.978671096265316, 4864129.772875109687448 ], [ -686768.792423838749528, 4864103.544561976566911 ], [ -686734.91229125764221, 4864047.03924382571131 ], [ -686727.398665778338909, 4863999.723735021427274 ], [ -686742.057590847834945, 4863886.975874557159841 ], [ -686802.468585642986, 4863494.331632715649903 ], [ -686829.515742920571938, 4863405.631540407426655 ], [ -686528.717535017291084, 4863390.855123961344361 ], [ -686327.830229114275426, 4863393.010866118595004 ], [ -685578.863543590996414, 4863448.27432275377214 ], [ -685495.779193225782365, 4863969.553464727476239 ], [ -685381.423392236698419, 4864693.290399025194347 ] ] ] } },
{ "type": "Feature", "properties": { "OBJECTID": 200, "Block_Groups_TOTPOP10": 2643, "Block_Groups_PopOver65": 403, "Block_Groups_Over65Density": 152478.24441922057, "Shape_Length": 8474.6315638374108, "Shape_Area": 4002477.1627612202 }, "geometry": { "type": "Polygon", "coordinates": [ [ [ -675771.070502626942471, 4884833.977675667032599 ], [ -677099.932180878473446, 4885078.484712617471814 ], [ -677162.371689562452957, 4885083.51165240444243 ], [ -677232.333759099477902, 4885080.103131517767906 ], [ -677301.777118872152641, 4885066.837612005881965 ], [ -677387.255202672677115, 4885035.372834869660437 ], [ -677676.581607859348878, 4884895.711494383402169 ], [ -677741.082153470022604, 4884876.315347426570952 ], [ -677969.551424609264359, 4884825.064376881346107 ], [ -678011.695173665648326, 4884821.248955686576664 ], [ -678085.62151215178892, 4884825.309377569705248 ], [ -678302.546247634571046, 4884860.678319212980568 ], [ -678415.913067797664553, 4884889.000258288346231 ], [ -678418.962255022954196, 4884863.243900117464364 ], [ -678405.465063012903556, 4884649.734588786959648 ], [ -678414.829755135811865, 4884588.279255314730108 ], [ -678438.859537035459653, 4884524.90971742104739 ], [ -678477.603975285077468, 4884493.445708941668272 ], [ -678734.172687536338344, 4884364.525688330642879 ], [ -678752.01938866218552, 4884348.899203634820879 ], [ -678764.445811134297401, 4884325.551047559827566 ], [ -678880.439395943190902, 4883699.85503851249814 ], [ -677658.782301033148542, 4883507.859428488649428 ], [ -676062.933749255724251, 4883214.72593295481056 ], [ -675972.97783253993839, 4883690.204316339455545 ], [ -675911.160351942293346, 4884036.142882662825286 ], [ -675836.18462557089515, 4884460.86981325596571 ], [ -675771.070502626942471, 4884833.977675667032599 ] ] ] } },
{ "type": "Feature", "properties": { "OBJECTID": 201, "Block_Groups_TOTPOP10": 2541, "Block_Groups_PopOver65": 139, "Block_Groups_Over65Density": 54702.872884691067, "Shape_Length": 13684.532415708167, "Shape_Area": 9767738.9863325153 }, "geometry": { "type": "Polygon", "coordinates": [ [ [ -684385.323125502560288, 4869584.764249520376325 ], [ -685293.300905642332509, 4869733.452437269501388 ], [ -687218.69097849377431, 4870066.442715181037784 ], [ -687559.650549381738529, 4868459.679885579273105 ], [ -687973.134080276358873, 4868533.028805827721953 ], [ -688120.144214965170249, 4868569.66272552497685 ], [ -688314.686647636350244, 4868589.870390546508133 ], [ -688418.317099023144692, 4868606.756278578191996 ], [ -688415.304565484868363, 4868589.644275015220046 ], [ -688356.396456889109686, 4868457.119095449335873 ], [ -688217.657971688080579, 4868177.804823860526085 ], [ -688111.521726165432483, 4867868.101809811778367 ], [ -688037.322747864061967, 4867757.728465285152197 ], [ -687973.08944976166822, 4867629.530050905421376 ], [ -687913.912912526866421, 4867447.215993809513748 ], [ -687874.206032845191658, 4867364.060472064651549 ], [ -687841.648208980448544, 4867325.881699943915009 ], [ -687810.294690093025565, 4867302.235081173479557 ], [ -687432.987108784494922, 4867114.008515837602317 ], [ -687415.563822254771367, 4867092.833586953580379 ], [ -687545.594092219602317, 4866384.850991809740663 ], [ -687213.772374209249392, 4866323.785489236004651 ], [ -687130.513829077593982, 4866324.106546625494957 ], [ -687008.256475490517914, 4866356.709238930605352 ], [ -686867.450978448148817, 4866408.636529912240803 ], [ -686696.839849808253348, 4866505.024417378008366 ], [ -686637.353909104363993, 4866529.154403313063085 ], [ -686537.363591292174533, 4866551.386043790727854 ], [ -686448.158155575860292, 4866559.703083423897624 ], [ -686376.423088300507516, 4866559.057243889197707 ], [ -685632.1084380291868, 4866401.674424942582846 ], [ -685077.549259320367128, 4866296.025542008690536 ], [ -684930.981083607068285, 4867086.137259785085917 ], [ -684746.656369963195175, 4867986.996297851204872 ], [ -684460.403453871142119, 4869421.051787161268294 ], [ -684425.323012987151742, 4869521.043678365647793 ], [ -684385.323125502560288, 4869584.764249520376325 ] ] ] } },
{ "type": "Feature", "properties": { "OBJECTID": 202, "Block_Groups_TOTPOP10": 2936, "Block_Groups_PopOver65": 174, "Block_Groups_Over65Density": 59264.305177111717, "Shape_Length": 26958.978175638058, "Shape_Area": 18751177.136977322 }, "geometry": { "type": "Polygon", "coordinates": [ [ [ -681055.437410092679784, 4865546.686205211095512 ], [ -681352.815251414431259, 4865596.845703152939677 ], [ -681598.732625761767849, 4865638.697848587296903 ], [ -681656.255993991391733, 4865333.912658166140318 ], [ -681680.983512889128178, 4865236.558437515981495 ], [ -681723.777144378982484, 4865186.842005665414035 ], [ -681825.093194518703967, 4865122.580402449704707 ], [ -681863.973375984234735, 4865086.488929715938866 ], [ -681880.257493386045098, 4865058.468199245631695 ], [ -681891.229782871901989, 4865021.975759497843683 ], [ -681921.7003371368628, 4864870.623713227920234 ], [ -681932.979823207249865, 4864840.965871510095894 ], [ -681964.527661950793117, 4864803.579505094327033 ], [ -682011.784721515607089, 4864775.744598474353552 ], [ -682065.225802858360112, 4864768.591753485612571 ], [ -682430.855491519672796, 4864830.821715562604368 ], [ -682510.851146133383736, 4864411.640933249145746 ], [ -682517.288209363119677, 4864362.28679302893579 ], [ -682524.978808528743684, 4864130.029774709604681 ], [ -682611.376453917240724, 4864107.589235267601907 ], [ -682691.978341846959665, 4864062.271918650716543 ], [ -683016.499922697898, 4863727.628085375763476 ], [ -683068.597783498233184, 4863693.860568293370306 ], [ -683134.730755186872557, 4863679.150525519624352 ], [ -683607.433386505581439, 4863662.332773505710065 ], [ -683649.538489561062306, 4863650.922292285598814 ], [ -683682.276998153189197, 4863632.58247946202755 ], [ -683584.042436652351171, 4863430.57925143931061 ], [ -683755.069011380895972, 4863558.753860793076456 ], [ -683909.915700274985284, 4863375.795117311179638 ], [ -683935.170273267431185, 4863318.445068242028356 ], [ -683963.168890353757888, 4863228.412776225246489 ], [ -684148.230406573275104, 4862180.082432512193918 ], [ -684197.368983365129679, 4861850.250356485135853 ], [ -684240.734755084384233, 4861686.006853529252112 ], [ -684242.503641945077106, 4861611.678051438182592 ], [ -684231.989735834766179, 4861568.354851667769253 ], [ -684160.408913676859811, 4861395.127814254723489 ], [ -684137.265466327778995, 4861311.876465165987611 ], [ -684129.886896589305252, 4861246.486163818277419 ], [ -684138.499579418916255, 4861146.217467561364174 ], [ -684172.789450562559068, 4861037.660164836794138 ], [ -684209.523562240879983, 4860971.003061518073082 ], [ -684245.451703124912456, 4860926.06964969728142 ], [ -684381.643448875285685, 4860793.264013480395079 ], [ -684409.113359576789662, 4860749.09875332005322 ], [ -684431.430295236641541, 4860678.385803621262312 ], [ -684815.354727533413097, 4858764.188910358585417 ], [ -685230.370442770188674, 4858853.260222562588751 ], [ -686460.145576641894877, 4859074.189144407398999 ], [ -687225.989732692716643, 4859221.612886720336974 ], [ -687355.600481371860951, 4858565.564701438881457 ], [ -687361.157481951871887, 4858521.280668146908283 ], [ -687355.984816476237029, 4858417.761342851445079 ], [ -687121.164079666836187, 4858388.326796851120889 ], [ -686054.45533953467384, 4858199.134118733927608 ], [ -684985.083861524006352, 4857965.141612825915217 ], [ -683786.289468903560191, 4857743.976898024789989 ], [ -682582.007285654079169, 4857519.807802315801382 ], [ -682494.526552509982139, 4858021.05667080450803 ], [ -682401.19693368836306, 4858460.905003803782165 ], [ -682383.050515704555437, 4858490.893032582476735 ], [ -682341.606154943350703, 4858537.14121725782752 ], [ -682230.17937071621418, 4858628.383303393609822 ], [ -682186.251847065519542, 4858693.046400862745941 ], [ -682130.143219389021397, 4858792.515745342709124 ], [ -682103.306671525118873, 4858850.382203174754977 ], [ -682053.461844607722014, 4859034.654690920375288 ], [ -682030.863284406717867, 4859098.543271312490106 ], [ -681856.334102286957204, 4859436.550455598160625 ], [ -682176.640656345756724, 4859731.968566255643964 ], [ -682153.448790405876935, 4859764.831497456878424 ], [ -681798.111225978704169, 4861614.92222808022052 ], [ -681675.101521341595799, 4862287.478106397204101 ], [ -681270.635362267727032, 4864381.366213442757726 ], [ -680871.618624157039449, 4864568.753752237185836 ], [ -680739.171933544101194, 4864638.096835859119892 ], [ -680641.314877235097811, 4864699.970927353948355 ], [ -680552.350259693106636, 4864767.178230761550367 ], [ -680442.928510207217187, 4864864.685501231811941 ], [ -680310.400368490023538, 4865016.133135652169585 ], [ -680201.009528369642794, 4865182.198452278971672 ], [ -680113.236345315352082, 4865354.325836407952011 ], [ -680188.034296761499718, 4865367.498306496068835 ], [ -680350.057688344968483, 4865400.554916813969612 ], [ -680533.912547727581114, 4865442.735103666782379 ], [ -681055.437410092679784, 4865546.686205211095512 ] ] ] } },
{ "type": "Feature", "properties": { "OBJECTID": 203, "Block_Groups_TOTPOP10": 2159, "Block_Groups_PopOver65": 86, "Block_Groups_Over65Density": 39833.256137100507, "Shape_Length": 4086.0043733462689, "Shape_Area": 981745.6797324681 }, "geometry": { "type": "Polygon", "coordinates": [ [ [ -680881.091066943947226, 4866407.144442808814347 ], [ -680962.427994819357991, 4866413.196274659596384 ], [ -681146.425206576474011, 4866394.410574143752456 ], [ -681299.707990426803008, 4866416.91777733899653 ], [ -681604.212427909485996, 4866473.632652503438294 ], [ -682102.327435739804059, 4866560.003270614892244 ], [ -682172.314475946361199, 4866206.220567166805267 ], [ -682257.506174925481901, 4865753.388866194523871 ], [ -681883.258221898460761, 4865688.875675309449434 ], [ -681598.732625761767849, 4865638.697848587296903 ], [ -681352.815251414431259, 4865596.845703152939677 ], [ -681055.437410092679784, 4865546.686205211095512 ], [ -680958.11235521431081, 4865983.050506591796875 ], [ -680951.229097568662837, 4866056.416323180310428 ], [ -680881.091066943947226, 4866407.144442808814347 ] ] ] } },
{ "type": "Feature", "properties": { "OBJECTID": 204, "Block_Groups_TOTPOP10": 1795, "Block_Groups_PopOver65": 57, "Block_Groups_Over65Density": 31754.874651810584, "Shape_Length": 4125.8693311408888, "Shape_Area": 549945.1188833589 }, "geometry": { "type": "Polygon", "coordinates": [ [ [ -680540.745323354145512, 4866643.941756875254214 ], [ -680624.545932419365272, 4866661.723891329020262 ], [ -680660.6696052395273, 4866491.076601219363511 ], [ -680655.118770777946338, 4866453.941771102137864 ], [ -680633.644639387959614, 4866404.207952940836549 ], [ -680560.356657523661852, 4866429.708819268271327 ], [ -680526.936983471969143, 4866430.598753747530282 ], [ -680489.801161820301786, 4866422.548223654739559 ], [ -680515.996363296406344, 4866295.34300631377846 ], [ -680507.662664908682927, 4866183.896189354360104 ], [ -680494.509152818238363, 4866134.12161947786808 ], [ -680458.3674363612663, 4866081.802984255366027 ], [ -680348.413141594268382, 4866002.167924181558192 ], [ -680175.74988056672737, 4865827.873452864587307 ], [ -680145.263756594853476, 4865786.345516728237271 ], [ -680128.786934200208634, 4865738.245343797840178 ], [ -680125.907103720586747, 4865703.086143360473216 ], [ -680133.242093292996287, 4865661.439314951188862 ], [ -680184.129215497057885, 4865522.751036191359162 ], [ -680204.418470687931404, 4865497.697928531095386 ], [ -680227.177461927291006, 4865484.379676561802626 ], [ -680257.963949992088601, 4865476.995270104147494 ], [ -680354.670142864109948, 4865490.262107501737773 ], [ -680350.057688344968483, 4865400.554916813969612 ], [ -680188.034296761499718, 4865367.498306496068835 ], [ -680113.236345315352082, 4865354.325836407952011 ], [ -679902.306974622188136, 4865800.807862005196512 ], [ -679835.758064191788435, 4865925.431844926439226 ], [ -679740.473001035861671, 4866075.876243376173079 ], [ -679641.898397187236696, 4866210.672863408923149 ], [ -679779.0568289575167, 4866328.978845837526023 ], [ -679860.517311262199655, 4866377.220307772047818 ], [ -679915.557896310230717, 4866395.199778949841857 ], [ -680032.225506557617337, 4866419.515777599997818 ], [ -680085.093419973505661, 4866419.789727182127535 ], [ -680132.212826442206278, 4866405.493207694962621 ], [ -680145.741868805838749, 4866440.265704008750618 ], [ -680127.130944345612079, 4866554.490804804489017 ], [ -680277.265184361720458, 4866586.214284317567945 ], [ -680540.745323354145512, 4866643.941756875254214 ] ] ] } },
{ "type": "Feature", "properties": { "OBJECTID": 205, "Block_Groups_TOTPOP10": 1471, "Block_Groups_PopOver65": 57, "Block_Groups_Over65Density": 38749.150237933376, "Shape_Length": 3474.1579398643062, "Shape_Area": 587972.03363620618 }, "geometry": { "type": "Polygon", "coordinates": [ [ [ -682102.327435739804059, 4866560.003270614892244 ], [ -682268.510929338168353, 4866590.836585179902613 ], [ -682298.982719233492389, 4866632.37510752491653 ], [ -682458.10577535466291, 4866536.157138169743121 ], [ -682487.320793704595417, 4866567.681521743535995 ], [ -682509.494480956811458, 4866579.129162375815213 ], [ -682663.343401993624866, 4866607.041695347987115 ], [ -682687.646683150203899, 4866490.792419606819749 ], [ -682807.883645219029859, 4866323.671532433480024 ], [ -682832.542862092144787, 4866303.916051043197513 ], [ -682946.559220815543085, 4866270.554314107634127 ], [ -682975.394780020229518, 4866235.714527416042984 ], [ -683018.862955175805837, 4866139.416430490091443 ], [ -683042.314903492573649, 4866117.940512315370142 ], [ -683093.808556887786835, 4866108.950435649603605 ], [ -683191.336444845888764, 4866126.172517793253064 ], [ -683221.741334648802876, 4866120.99362753983587 ], [ -683248.69067860301584, 4866105.409717194736004 ], [ -683266.406305866781622, 4866082.167434744536877 ], [ -683276.653739288682118, 4866045.550787976011634 ], [ -683281.736508524045348, 4865943.977262617088854 ], [ -682820.949858983280137, 4865851.318733001127839 ], [ -682257.506174925481901, 4865753.388866194523871 ], [ -682172.314475946361199, 4866206.220567166805267 ], [ -682102.327435739804059, 4866560.003270614892244 ] ] ] } },
{ "type": "Feature", "properties": { "OBJECTID": 206, "Block_Groups_TOTPOP10": 1894, "Block_Groups_PopOver65": 218, "Block_Groups_Over65Density": 115100.31678986273, "Shape_Length": 38800.336517822099, "Shape_Area": 34584869.369550653 }, "geometry": { "type": "Polygon", "coordinates": [ [ [ -687321.025846686447039, 4871755.988657125271857 ], [ -688534.945169477490708, 4871973.09200540650636 ], [ -689706.62660252628848, 4872181.405525992624462 ], [ -689830.389718842227012, 4871498.355885706841946 ], [ -690159.629772752057761, 4869825.588069638237357 ], [ -690167.728396091843024, 4869775.790191015228629 ], [ -690164.75877224910073, 4869766.973716511391103 ], [ -690334.23696950240992, 4868958.410677017644048 ], [ -690640.947975560091436, 4867394.790289289318025 ], [ -690692.126352258492261, 4867166.447687779553235 ], [ -690708.034666206920519, 4866974.795112669467926 ], [ -690716.101612843340263, 4866976.228884171694517 ], [ -690738.325271612266079, 4866898.013223296962678 ], [ -690965.596428367076442, 4865644.733843115158379 ], [ -691139.591430227272213, 4864814.58137368131429 ], [ -691195.688217631541193, 4864439.21972394362092 ], [ -691425.951119376113638, 4863241.051337952725589 ], [ -691463.628355693072081, 4863088.60190805979073 ], [ -691570.424805202521384, 4862410.622371436096728 ], [ -691811.637369500240311, 4861257.023000991903245 ], [ -691806.381162113044411, 4861231.193089476786554 ], [ -691814.089044176973403, 4861183.523035415448248 ], [ -692006.067046840908006, 4860149.235896395519376 ], [ -692053.15029881708324, 4859926.696441574953496 ], [ -692059.575332428328693, 4859847.850901659578085 ], [ -692161.850186065770686, 4859327.208821417763829 ], [ -689782.806679917732254, 4858854.759898952208459 ], [ -687355.984816476237029, 4858417.761342851445079 ], [ -687361.157481951871887, 4858521.280668146908283 ], [ -687355.600481371860951, 4858565.564701438881457 ], [ -687225.989732692716643, 4859221.612886720336974 ], [ -687210.858346135821193, 4859307.197916961275041 ], [ -687216.065630597760901, 4859393.36040130443871 ], [ -687229.119688256876543, 4859439.420618869364262 ], [ -687250.766113371122628, 4859483.982476717792451 ], [ -687426.610391227761284, 4859696.87308004219085 ], [ -687451.837615913711488, 4859738.296792813576758 ], [ -687475.903146684635431, 4859799.127521642483771 ], [ -687484.982717880513519, 4859850.518727250397205 ], [ -687482.018885986879468, 4859918.637192902155221 ], [ -687445.876446177484468, 4860101.574343768879771 ], [ -688978.444642231334001, 4860386.414712604135275 ], [ -689466.889135843142867, 4860492.559383228421211 ], [ -689301.353754976997152, 4861328.439302392303944 ], [ -689167.69487346149981, 4862048.434059431776404 ], [ -689133.493578092893586, 4862454.909340210258961 ], [ -689131.395034838002175, 4862633.271383622661233 ], [ -689138.940378775354475, 4862688.907065861858428 ], [ -689207.818739886162803, 4862774.268782750703394 ], [ -689231.249315459281206, 4862821.408194626681507 ], [ -689255.93412516801618, 4862852.933314997702837 ], [ -689295.553600946441293, 4862885.598244323395193 ], [ -689382.736032312735915, 4862940.271270724013448 ], [ -689398.572996148141101, 4862961.932639905251563 ], [ -689400.898591069737449, 4862987.231182995252311 ], [ -689328.955061959801242, 4863341.722448064945638 ], [ -689326.276621665805578, 4863352.558706051670015 ], [ -689238.833256963407621, 4863337.806704924441874 ], [ -689188.85150464810431, 4863337.99305513035506 ], [ -689158.118001927621663, 4863349.133351237513125 ], [ -689125.396193409571424, 4863375.756555082276464 ], [ -689102.296179206809029, 4863420.675190191715956 ], [ -689035.531039702473208, 4863622.233938341960311 ], [ -689052.185743227833882, 4863647.808179397135973 ], [ -688804.415583852445707, 4863594.078284634277225 ], [ -688798.197034527081996, 4863616.350836528465152 ], [ -688795.649045830825344, 4863626.455523753538728 ], [ -688806.735914926975965, 4863657.827778842300177 ], [ -688833.877962830010802, 4863688.276241071522236 ], [ -688779.177297437563539, 4864048.039463447406888 ], [ -688756.427653874736279, 4864082.459124991670251 ], [ -688769.237227801466361, 4864125.444971594959497 ], [ -688758.299544207053259, 4864229.815301019698381 ], [ -688759.585933644790202, 4864273.773100730031729 ], [ -689055.061541158240288, 4864843.375487637706101 ], [ -689062.693939273245633, 4864864.331321788020432 ], [ -689066.092178909806535, 4864904.891657654196024 ], [ -689063.137360077351332, 4864981.266468465328217 ], [ -689019.126119309803471, 4865284.81636983063072 ], [ -688946.434056593570858, 4865690.308827647008002 ], [ -688818.528178159380332, 4866343.016140593215823 ], [ -688802.876405033282936, 4866452.548244104720652 ], [ -688404.835743635194376, 4866513.084104894660413 ], [ -688339.56356192426756, 4866514.319834134541452 ], [ -687545.594092219602317, 4866384.850991809740663 ], [ -687415.563822254771367, 4867092.833586953580379 ], [ -687432.987108784494922, 4867114.008515837602317 ], [ -687810.294690093025565, 4867302.235081173479557 ], [ -687841.648208980448544, 4867325.881699943915009 ], [ -687874.206032845191658, 4867364.060472064651549 ], [ -687913.912912526866421, 4867447.215993809513748 ], [ -687973.08944976166822, 4867629.530050905421376 ], [ -688037.322747864061967, 4867757.728465285152197 ], [ -688111.521726165432483, 4867868.101809811778367 ], [ -688217.657971688080579, 4868177.804823860526085 ], [ -688356.396456889109686, 4868457.119095449335873 ], [ -688415.304565484868363, 4868589.644275015220046 ], [ -688418.317099023144692, 4868606.756278578191996 ], [ -688314.686647636350244, 4868589.870390546508133 ], [ -688120.144214965170249, 4868569.66272552497685 ], [ -687973.134080276358873, 4868533.028805827721953 ], [ -687559.650549381738529, 4868459.679885579273105 ], [ -687218.69097849377431, 4870066.442715181037784 ], [ -687622.586598065216094, 4870133.586794771254063 ], [ -687321.025846686447039, 4871755.988657125271857 ] ] ] } },
{ "type": "Feature", "properties": { "OBJECTID": 207, "Block_Groups_TOTPOP10": 4068, "Block_Groups_PopOver65": 153, "Block_Groups_Over65Density": 37610.619469026547, "Shape_Length": 7331.8665137885273, "Shape_Area": 2724315.2346517486 }, "geometry": { "type": "Polygon", "coordinates": [ [ [ -683281.736508524045348, 4865943.977262617088854 ], [ -683849.069500584388152, 4866058.507728470489383 ], [ -684174.965504207415506, 4866122.878642459399998 ], [ -684189.770190270151943, 4866030.55295186303556 ], [ -684280.185836473712698, 4866049.547137525863945 ], [ -684414.642756611341611, 4865327.288472432643175 ], [ -683795.905803168658167, 4865216.463326098397374 ], [ -683966.238211548188701, 4864419.077184786088765 ], [ -682704.267961789155379, 4864181.25021440628916 ], [ -682660.031608568504453, 4864157.62063635699451 ], [ -682611.376453917240724, 4864107.589235267601907 ], [ -682524.978808528743684, 4864130.029774709604681 ], [ -682517.288209363119677, 4864362.28679302893579 ], [ -682510.851146133383736, 4864411.640933249145746 ], [ -682430.855491519672796, 4864830.821715562604368 ], [ -682336.300821208162233, 4865345.358647072687745 ], [ -682257.506174925481901, 4865753.388866194523871 ], [ -682820.949858983280137, 4865851.318733001127839 ], [ -683281.736508524045348, 4865943.977262617088854 ] ] ] } },
{ "type": "Feature", "properties": { "OBJECTID": 208, "Block_Groups_TOTPOP10": 1097, "Block_Groups_PopOver65": 72, "Block_Groups_Over65Density": 65633.546034639934, "Shape_Length": 14354.884643623276, "Shape_Area": 6978485.498344318 }, "geometry": { "type": "Polygon", "coordinates": [ [ [ -685077.549259320367128, 4866296.025542008690536 ], [ -685632.1084380291868, 4866401.674424942582846 ], [ -686376.423088300507516, 4866559.057243889197707 ], [ -686448.158155575860292, 4866559.703083423897624 ], [ -686537.363591292174533, 4866551.386043790727854 ], [ -686637.353909104363993, 4866529.154403313063085 ], [ -686696.839849808253348, 4866505.024417378008366 ], [ -686867.450978448148817, 4866408.636529912240803 ], [ -687008.256475490517914, 4866356.709238930605352 ], [ -687130.513829077593982, 4866324.106546625494957 ], [ -687213.772374209249392, 4866323.785489236004651 ], [ -687545.594092219602317, 4866384.850991809740663 ], [ -688339.56356192426756, 4866514.319834134541452 ], [ -688404.835743635194376, 4866513.084104894660413 ], [ -688802.876405033282936, 4866452.548244104720652 ], [ -688818.528178159380332, 4866343.016140593215823 ], [ -688946.434056593570858, 4865690.308827647008002 ], [ -689019.126119309803471, 4865284.81636983063072 ], [ -689063.137360077351332, 4864981.266468465328217 ], [ -689066.092178909806535, 4864904.891657654196024 ], [ -689062.693939273245633, 4864864.331321788020432 ], [ -689055.061541158240288, 4864843.375487637706101 ], [ -688759.585933644790202, 4864273.773100730031729 ], [ -688758.299544207053259, 4864229.815301019698381 ], [ -688769.237227801466361, 4864125.444971594959497 ], [ -688756.427653874736279, 4864082.459124991670251 ], [ -688779.177297437563539, 4864048.039463447406888 ], [ -688833.877962830010802, 4863688.276241071522236 ], [ -688806.735914926975965, 4863657.827778842300177 ], [ -688795.649045830825344, 4863626.455523753538728 ], [ -688798.197034527081996, 4863616.350836528465152 ], [ -688455.350217118160799, 4863539.74866748880595 ], [ -687999.642558907857165, 4863455.235611801035702 ], [ -687896.666646617930382, 4863451.320413254201412 ], [ -687654.895575053989887, 4863474.849619450047612 ], [ -687663.268709097290412, 4863572.840428984723985 ], [ -687675.525353363249451, 4863597.629980155266821 ], [ -687702.109920848859474, 4863622.695352620445192 ], [ -687661.154191299108788, 4863627.50499089807272 ], [ -687644.409375511808321, 4863675.054401906207204 ], [ -687639.619067736901343, 4863702.102152632549405 ], [ -687642.683133158599958, 4863727.525140941143036 ], [ -687665.684895122423768, 4863781.359317939728498 ], [ -687706.078126105479896, 4863822.441130352206528 ], [ -687763.172510218806565, 4863846.125201408751309 ], [ -687904.637639692286029, 4863833.487416516058147 ], [ -687954.956794310128316, 4863848.433529890142381 ], [ -688002.080804277444258, 4863889.956173337064683 ], [ -688019.297978169284761, 4863920.902807466685772 ], [ -688029.609772621188313, 4863956.657525459304452 ], [ -688023.520590789616108, 4864016.648107183165848 ], [ -687981.438656689133495, 4864100.418125993572176 ], [ -687967.452904854901135, 4864153.730736339464784 ], [ -687960.370214520720765, 4864227.867843407206237 ], [ -687970.115594773553312, 4864322.32572194095701 ], [ -687919.996332864742726, 4864553.937311897054315 ], [ -687914.112756998278201, 4864719.50075579341501 ], [ -687893.776772973826155, 4864847.068469734862447 ], [ -687875.821971081895754, 4864892.886882829479873 ], [ -687841.383688712259755, 4864946.337608213536441 ], [ -687820.497684090631083, 4864966.005506902933121 ], [ -687776.397151289274916, 4864992.867036507464945 ], [ -687703.60412994842045, 4865010.875482057221234 ], [ -687491.746227346826345, 4865023.845377571880817 ], [ -687460.938439983874559, 4865031.202332586981356 ], [ -687383.659666777122766, 4865070.278486953116953 ], [ -687331.753220277139917, 4865081.43614764418453 ], [ -687271.135261425748467, 4864876.971635054796934 ], [ -687222.377876557875425, 4864878.889215778559446 ], [ -687097.464362425263971, 4864853.751547945663333 ], [ -687091.769351442810148, 4864885.910219024866819 ], [ -687012.118365462636575, 4864865.774691995233297 ], [ -687006.811966104665771, 4864895.740703387185931 ], [ -686934.022091913269833, 4864888.127908328548074 ], [ -686620.615165515104309, 4864543.184494843706489 ], [ -686555.41139772743918, 4864924.364598537795246 ], [ -685381.423392236698419, 4864693.290399025194347 ], [ -685263.025538212619722, 4865311.476052844896913 ], [ -685077.549259320367128, 4866296.025542008690536 ] ] ] } },
{ "type": "Feature", "properties": { "OBJECTID": 209, "Block_Groups_TOTPOP10": 2508, "Block_Groups_PopOver65": 288, "Block_Groups_Over65Density": 114832.53588516747, "Shape_Length": 6358.8699505867635, "Shape_Area": 2481919.3657947858 }, "geometry": { "type": "Polygon", "coordinates": [ [ [ -677493.56581232487224, 4863259.597899001091719 ], [ -677329.801283446373418, 4864071.574674131348729 ], [ -677335.301912686787546, 4864117.738759704865515 ], [ -677348.154599074739963, 4864147.8681501140818 ], [ -677481.793583600083366, 4864286.595052242279053 ], [ -677506.397105816984549, 4864331.594618421979249 ], [ -677502.306290974374861, 4864397.918218022212386 ], [ -677473.991991208167747, 4864567.703329659067094 ], [ -677475.925343445269391, 4864780.45993466861546 ], [ -677461.124012624844909, 4864899.130413102917373 ], [ -677909.726256384979934, 4864970.428300900384784 ], [ -678712.594909618608654, 4865095.017544221132994 ], [ -678878.95409467164427, 4864669.278519954532385 ], [ -679304.193125421646982, 4863562.736580276861787 ], [ -678172.484174928627908, 4863384.881769868545234 ], [ -677493.56581232487224, 4863259.597899001091719 ] ] ] } },
{ "type": "Feature", "properties": { "OBJECTID": 210, "Block_Groups_TOTPOP10": 940, "Block_Groups_PopOver65": 140, "Block_Groups_Over65Density": 148936.17021276595, "Shape_Length": 10553.505639919616, "Shape_Area": 4689288.4560380057 }, "geometry": { "type": "Polygon", "coordinates": [ [ [ -671704.311976566212252, 4884116.558404117822647 ], [ -671781.495320867514238, 4884123.377099473029375 ], [ -671869.758361795451492, 4884118.627985749393702 ], [ -671878.493155267089605, 4884124.670651781372726 ], [ -672081.82790913619101, 4884134.162082593888044 ], [ -672763.717912668129429, 4884276.717578551732004 ], [ -672814.199720119591802, 4884281.099990306422114 ], [ -673835.309165109880269, 4884496.27877649012953 ], [ -674077.418346570339054, 4884538.201948304660618 ], [ -674573.364710996160284, 4884606.868539183400571 ], [ -675229.088262387318537, 4884727.04975560773164 ], [ -675322.916162013774738, 4884250.84341027867049 ], [ -675353.043354985304177, 4884088.642118811607361 ], [ -675353.79829913075082, 4884058.726983738131821 ], [ -675346.759302794467658, 4884013.163540780544281 ], [ -675404.599317563464865, 4883945.993248735554516 ], [ -675419.22159338532947, 4883880.21150946803391 ], [ -675187.097912068711594, 4883837.006155120208859 ], [ -675166.536869136616588, 4883829.623054369352758 ], [ -675119.16215993068181, 4883790.466357025317848 ], [ -675089.521097750868648, 4883774.720839587971568 ], [ -674720.885154945543036, 4883710.460643864236772 ], [ -674703.888209048658609, 4883811.129339506849647 ], [ -674690.197570942342281, 4884021.300588713958859 ], [ -673660.294812907464802, 4882635.61079656612128 ], [ -673646.629186409059912, 4882691.801407718099654 ], [ -673635.835736693814397, 4882783.054153139702976 ], [ -673605.213018397800624, 4882781.417148146778345 ], [ -673438.874091024510562, 4882749.871245601214468 ], [ -673400.759541863342747, 4882739.403796564787626 ], [ -673407.417804003925994, 4882731.561468321830034 ], [ -673330.765230087330565, 4882717.313698120415211 ], [ -673302.54164031217806, 4882706.334607646800578 ], [ -672680.34080323507078, 4882600.573589044623077 ], [ -671974.922993353102356, 4882492.25674135889858 ], [ -671763.377695438917726, 4883665.075278144329786 ], [ -671737.471228276845068, 4883829.499779033474624 ], [ -671723.08104646531865, 4883988.43576081097126 ], [ -671704.311976566212252, 4884116.558404117822647 ] ] ] } },
{ "type": "Feature", "properties": { "OBJECTID": 211, "Block_Groups_TOTPOP10": 1304, "Block_Groups_PopOver65": 115, "Block_Groups_Over65Density": 88190.184049079748, "Shape_Length": 7010.656694928698, "Shape_Area": 1599373.9375763722 }, "geometry": { "type": "Polygon", "coordinates": [ [ [ -673660.294812907464802, 4882635.61079656612128 ], [ -674690.197570942342281, 4884021.300588713958859 ], [ -674703.888209048658609, 4883811.129339506849647 ], [ -674720.885154945543036, 4883710.460643864236772 ], [ -675089.521097750868648, 4883774.720839587971568 ], [ -675119.16215993068181, 4883790.466357025317848 ], [ -675166.536869136616588, 4883829.623054369352758 ], [ -675187.097912068711594, 4883837.006155120208859 ], [ -675419.22159338532947, 4883880.21150946803391 ], [ -675404.599317563464865, 4883945.993248735554516 ], [ -675346.759302794467658, 4884013.163540780544281 ], [ -675353.79829913075082, 4884058.726983738131821 ], [ -675416.579768511233851, 4884053.277786255814135 ], [ -675616.416976844193414, 4883980.365165373310447 ], [ -675911.160351942293346, 4884036.142882662825286 ], [ -675972.97783253993839, 4883690.204316339455545 ], [ -676062.933749255724251, 4883214.72593295481056 ], [ -674192.21346346125938, 4882864.538480878807604 ], [ -674195.19414509111084, 4882732.089558514766395 ], [ -674185.793552627088502, 4882704.138622851110995 ], [ -674171.927257123636082, 4882684.416235771030188 ], [ -674144.166748912306502, 4882662.245768989436328 ], [ -673994.217542761005461, 4882640.336348277516663 ], [ -673934.58789191651158, 4882619.31432914827019 ], [ -673860.592393978498876, 4882551.437770443968475 ], [ -673803.196954166982323, 4882483.480682337656617 ], [ -673710.898722493322566, 4882528.077914545312524 ], [ -673660.294812907464802, 4882635.61079656612128 ] ] ] } },
{ "type": "Feature", "properties": { "OBJECTID": 212, "Block_Groups_TOTPOP10": 2280, "Block_Groups_PopOver65": 203, "Block_Groups_Over65Density": 89035.087719298244, "Shape_Length": 43111.795827392372, "Shape_Area": 52378740.958570719 }, "geometry": { "type": "Polygon", "coordinates": [ [ [ -657448.17906732391566, 4885298.518519870005548 ], [ -657134.356178613612428, 4887142.030609792098403 ], [ -656969.425942185800523, 4888181.025956444442272 ], [ -656807.687370544765145, 4889084.730092657729983 ], [ -656812.048216941766441, 4889107.227830031886697 ], [ -656657.905297733610496, 4890096.818938845768571 ], [ -656531.65349782211706, 4890956.219845946878195 ], [ -656421.049100745702162, 4891768.776004181243479 ], [ -656806.171971862670034, 4891820.093636063858867 ], [ -657232.520944421179593, 4891880.863504561595619 ], [ -659666.826123126316816, 4892240.194317394867539 ], [ -661280.062392840627581, 4892469.575790392234921 ], [ -662331.580339731182903, 4892659.500676492229104 ], [ -664490.168377127265558, 4893070.604259924963117 ], [ -665202.273008359130472, 4893201.502200555987656 ], [ -666000.615825431421399, 4893334.125933022238314 ], [ -666106.185487206559628, 4892707.106285623274744 ], [ -666261.608359368983656, 4891774.571779863908887 ], [ -665373.779532471206039, 4891623.292583348229527 ], [ -664858.80971852527, 4891534.492215041071177 ], [ -664748.565945010399446, 4891515.166258115321398 ], [ -664719.077561872312799, 4891421.515152795240283 ], [ -664609.014092738972977, 4891143.521604966372252 ], [ -664568.359636744717136, 4891074.907088208943605 ], [ -664505.568038551136851, 4891016.661360380239785 ], [ -664430.537099395412952, 4890981.017842636443675 ], [ -664096.951281795511022, 4890879.084490262903273 ], [ -663956.586898702662438, 4890829.753940389491618 ], [ -663773.780593207105994, 4890992.701164456084371 ], [ -663747.476451884722337, 4891022.587322163395584 ], [ -663713.944952654186636, 4891089.449045242741704 ], [ -663676.582324281102046, 4891195.379344698973 ], [ -663645.03130097524263, 4891242.341058578342199 ], [ -663621.844725203700364, 4891263.024395114742219 ], [ -663586.849403760861605, 4891282.389556464739144 ], [ -663551.9228039260488, 4891292.769302727654576 ], [ -663504.491714023752138, 4891297.210552012547851 ], [ -662876.232902678661048, 4891189.484296870417893 ], [ -661721.045231332303956, 4890979.934931342490017 ], [ -661109.07204644032754, 4890878.22849440947175 ], [ -661642.42945618997328, 4887583.455400889739394 ], [ -661777.224429568741471, 4886682.114403771236539 ], [ -661881.221515086013824, 4886030.353166919201612 ], [ -663907.232167735463008, 4886376.101195923052728 ], [ -664000.682609170908108, 4885759.90697305649519 ], [ -664028.576928693335503, 4885565.93293422088027 ], [ -664226.927796047879383, 4884366.857657979242504 ], [ -664304.936186068225652, 4884058.512496756389737 ], [ -664523.238806037697941, 4883382.854752311483026 ], [ -664577.392762479139492, 4883167.876541724428535 ], [ -664036.951358250109479, 4883070.422894649207592 ], [ -662496.866077983519062, 4882813.52754034101963 ], [ -662268.472335546277463, 4882766.925502978265285 ], [ -662028.702735734404996, 4882742.365484639070928 ], [ -661786.834782985970378, 4882703.938304192386568 ], [ -661069.685472146375105, 4882583.429681085981429 ], [ -660108.345282624941319, 4882407.721873659640551 ], [ -659625.285300251096487, 4882340.144163594581187 ], [ -659614.151084447046742, 4882382.483175807632506 ], [ -659603.523904359899461, 4882421.908404701389372 ], [ -659553.903820973820984, 4882659.415083423256874 ], [ -659311.89746076008305, 4883958.916421951726079 ], [ -659054.712033119983971, 4885578.811333355493844 ], [ -657448.17906732391566, 4885298.518519870005548 ] ] ] } },
{ "type": "Feature", "properties": { "OBJECTID": 213, "Block_Groups_TOTPOP10": 1493, "Block_Groups_PopOver65": 133, "Block_Groups_Over65Density": 89082.384460817149, "Shape_Length": 10945.426982078265, "Shape_Area": 7601888.8562618643 }, "geometry": { "type": "Polygon", "coordinates": [ [ [ -664028.576928693335503, 4885565.93293422088027 ], [ -666863.311014930251986, 4886052.486528127454221 ], [ -666966.600922886282206, 4886069.093372519128025 ], [ -667028.124177823076025, 4886061.867358891293406 ], [ -667088.397893439279869, 4886027.403800997883081 ], [ -667174.24054465489462, 4885967.402126469649374 ], [ -667213.196299395756796, 4885929.950846832245588 ], [ -667232.166362965246662, 4885890.496046922169626 ], [ -667360.125113792717457, 4885048.996568903326988 ], [ -667412.033898256253451, 4884868.933103277347982 ], [ -667545.386501125292853, 4884460.667809715494514 ], [ -667655.85387631575577, 4883718.772675785236061 ], [ -667544.531204730970785, 4883678.988560902886093 ], [ -667436.885920502478257, 4883652.614401544444263 ], [ -666612.575528151122853, 4883519.46398043166846 ], [ -666436.851332182763144, 4883477.431153686717153 ], [ -666220.087284632725641, 4883441.731969366781414 ], [ -665852.606374747818336, 4883380.412252866663039 ], [ -665803.058462309651077, 4883366.486171540804207 ], [ -665674.55300966068171, 4883356.010452043265104 ], [ -665573.417833272833377, 4883339.815958976745605 ], [ -664577.392762479139492, 4883167.876541724428535 ], [ -664523.238806037697941, 4883382.854752311483026 ], [ -664304.936186068225652, 4884058.512496756389737 ], [ -664226.927796047879383, 4884366.857657979242504 ], [ -664028.576928693335503, 4885565.93293422088027 ] ] ] } },
{ "type": "Feature", "properties": { "OBJECTID": 214, "Block_Groups_TOTPOP10": 1454, "Block_Groups_PopOver65": 318, "Block_Groups_Over65Density": 218707.015130674, "Shape_Length": 10742.385560538243, "Shape_Area": 3569246.4818016868 }, "geometry": { "type": "Polygon", "coordinates": [ [ [ -665266.742766267154366, 4886611.004472944885492 ], [ -665530.251253351103514, 4886658.650833416730165 ], [ -665548.588326621102169, 4886541.051096788607538 ], [ -665608.850520522799343, 4886553.856736556626856 ], [ -665685.176897636847571, 4886586.735628930851817 ], [ -665716.212531325640157, 4886594.42306828033179 ], [ -665757.674124322133139, 4886594.181847982108593 ], [ -665904.917556101921946, 4886570.449738726951182 ], [ -665907.898504576645792, 4886579.226409964263439 ], [ -665897.368451729649678, 4886600.644082626327872 ], [ -665872.469472496304661, 4886635.302778210490942 ], [ -665827.518895641202107, 4886676.953846743330359 ], [ -665807.804160042898729, 4886703.515671332366765 ], [ -665805.728910131147131, 4886719.660559197887778 ], [ -665829.805624722735956, 4886728.380827525630593 ], [ -665833.610088878544047, 4886741.05347050447017 ], [ -665822.825327935628593, 4886763.926609875634313 ], [ -665796.245347739895806, 4886795.288261598907411 ], [ -665802.241713367868215, 4886808.344779478386045 ], [ -665829.426364775747061, 4886825.113287378102541 ], [ -665830.530115162720904, 4886887.587487717159092 ], [ -665852.031533618923277, 4886898.107863561250269 ], [ -665880.22500989632681, 4886926.308858040720224 ], [ -665859.408311162609607, 4886937.668964639306068 ], [ -665807.814161458984017, 4886987.157766913995147 ], [ -665794.976376141887158, 4886991.661846455186605 ], [ -665767.595662833657116, 4886984.613807709887624 ], [ -665756.474226713413373, 4886987.917878509499133 ], [ -665752.97235312522389, 4886999.310057435184717 ], [ -665770.173014766536653, 4887077.358520232141018 ], [ -665790.629950611852109, 4887080.942541147582233 ], [ -665810.090049344580621, 4887103.110692714340985 ], [ -665870.707698869286105, 4887195.519054475240409 ], [ -665867.808582878205925, 4887207.766895800828934 ], [ -665849.567075676750392, 4887217.326350341551006 ], [ -665846.389996322803199, 4887265.541462148539722 ], [ -665806.266496137483045, 4887314.035285798832774 ], [ -665786.494684341363609, 4887332.330366595648229 ], [ -665737.940787070197985, 4887351.584926635958254 ], [ -665726.402615461265668, 4887361.568429358303547 ], [ -665717.1845464669168, 4887418.477706047706306 ], [ -665722.531049660407007, 4887452.427991423755884 ], [ -665745.549738300498575, 4887471.467280645854771 ], [ -665764.950452924938872, 4887532.640096515417099 ], [ -665779.81674718321301, 4887533.744422356598079 ], [ -665774.366575487190858, 4887560.550485091283917 ], [ -665779.492109793471172, 4887591.460471981205046 ], [ -665788.6296960208565, 4887608.067557990550995 ], [ -665816.193238021107391, 4887622.651479343883693 ], [ -665826.536682900507003, 4887640.970450106076896 ], [ -665820.912204717984423, 4887690.254284339956939 ], [ -665813.977637393632904, 4887704.04485409706831 ], [ -665785.254687979118899, 4887713.266980317421257 ], [ -665784.326941411010921, 4887722.858079098165035 ], [ -665812.991354250814766, 4887752.640531567856669 ], [ -665854.178188079735264, 4887818.380158486776054 ], [ -665902.043479764368385, 4887871.78550077136606 ], [ -665918.927519591758028, 4887848.484922990202904 ], [ -665930.523266131523997, 4887846.765814889222383 ], [ -666005.464595359982923, 4887883.159563293680549 ], [ -666037.422333736205474, 4887881.25833048671484 ], [ -666169.988394349114969, 4887829.467059201560915 ], [ -666187.521122758276761, 4887832.540522857569158 ], [ -666194.721071993699297, 4887847.308077876456082 ], [ -666191.148064937675372, 4887867.689874717965722 ], [ -666218.441953953355551, 4887900.98583672195673 ], [ -666249.599254801636562, 4887907.94868769031018 ], [ -666270.771318086888641, 4887928.917192948050797 ], [ -666289.289582453202456, 4887930.663191632367671 ], [ -666341.807996235555038, 4887918.862771335989237 ], [ -666427.496107034850866, 4887859.606967848725617 ], [ -666482.370250733336434, 4887842.967938578687608 ], [ -666492.866627849172801, 4887826.05060669966042 ], [ -666495.362387191969901, 4887803.228393267840147 ], [ -666470.388093673624098, 4887769.587010618299246 ], [ -666460.407331692054868, 4887736.32354408595711 ], [ -666498.06166825722903, 4887723.417413214221597 ], [ -666550.405813268618658, 4887734.096332881599665 ], [ -666528.225980082992464, 4887701.694726756773889 ], [ -666532.046950783347711, 4887649.841576271690428 ], [ -666539.251921534072608, 4887617.339794518426061 ], [ -666550.862084817839786, 4887598.366030178964138 ], [ -666560.557597865583375, 4887590.311584057286382 ], [ -666581.743984051747248, 4887594.026502787135541 ], [ -666583.759142577415332, 4887616.89018015936017 ], [ -666591.887621279805899, 4887622.067159229889512 ], [ -666658.119462619535625, 4887587.910211467184126 ], [ -666669.602437835419551, 4887569.664344795048237 ], [ -666647.117700497619808, 4887560.46912335138768 ], [ -666647.571373004466295, 4887549.293386443518102 ], [ -666653.139033577637747, 4887539.014455275610089 ], [ -666694.993838013149798, 4887519.341143392957747 ], [ -666698.603557872585952, 4887494.462061638012528 ], [ -666791.44294313644059, 4887441.709107634611428 ], [ -666805.451792831299827, 4887443.415452833287418 ], [ -666868.438186763087288, 4887419.194139049388468 ], [ -666878.666407377459109, 4887420.987963222898543 ], [ -666887.766857183072716, 4887442.093838328495622 ], [ -666907.946332877967507, 4887511.665803686715662 ], [ -666928.856634027557448, 4887504.077819339931011 ], [ -666968.073805248131976, 4887525.213342483155429 ], [ -666981.479672842426226, 4887526.064015459269285 ], [ -667073.826374344993383, 4886965.200931145809591 ], [ -667127.837022006511688, 4886579.934092586860061 ], [ -667117.995561265619472, 4886451.376872788183391 ], [ -667089.222175792325288, 4886233.190162271261215 ], [ -667075.94675456197001, 4886184.330749554559588 ], [ -667028.124177823076025, 4886061.867358891293406 ], [ -666966.600922886282206, 4886069.093372519128025 ], [ -666863.311014930251986, 4886052.486528127454221 ], [ -664028.576928693335503, 4885565.93293422088027 ], [ -664000.682609170908108, 4885759.90697305649519 ], [ -663907.232167735463008, 4886376.101195923052728 ], [ -664762.596789627335966, 4886522.74879689142108 ], [ -665266.742766267154366, 4886611.004472944885492 ] ] ] } },
{ "type": "Feature", "properties": { "OBJECTID": 215, "Block_Groups_TOTPOP10": 2342, "Block_Groups_PopOver65": 10, "Block_Groups_Over65Density": 4269.8548249359519, "Shape_Length": 2088.4320048542791, "Shape_Area": 249828.66276093581 }, "geometry": { "type": "Polygon", "coordinates": [ [ [ -673112.596962326904759, 4870747.014063375070691 ], [ -673351.12279074639082, 4870794.869638001546264 ], [ -673553.532217994099483, 4870833.387987233698368 ], [ -673537.794438107172027, 4870798.27311123535037 ], [ -673535.263392359018326, 4870778.266236095689237 ], [ -673554.00197944091633, 4870697.282466158270836 ], [ -673637.769660405348986, 4870202.567275973968208 ], [ -673466.971986640244722, 4870168.845270898193121 ], [ -673250.017821669112891, 4870127.03366990853101 ], [ -673216.768770202994347, 4870312.32635261118412 ], [ -673176.577735488070175, 4870494.138974042609334 ], [ -673160.810161014087498, 4870571.130225569941103 ], [ -673146.628377318382263, 4870617.549905061721802 ], [ -673126.899070910178125, 4870669.768044137395918 ], [ -673112.596962326904759, 4870747.014063375070691 ] ] ] } },
{ "type": "Feature", "properties": { "OBJECTID": 216, "Block_Groups_TOTPOP10": 1112, "Block_Groups_PopOver65": 17, "Block_Groups_Over65Density": 15287.769784172662, "Shape_Length": 2488.0956310613465, "Shape_Area": 224960.1019541595 }, "geometry": { "type": "Polygon", "coordinates": [ [ [ -671945.344643334625289, 4870005.216814241372049 ], [ -672032.811390187125653, 4870126.626780926249921 ], [ -672061.8037137479987, 4870172.335012793540955 ], [ -672520.879799381364137, 4869862.267184377647936 ], [ -672576.571667670970783, 4869949.528891197405756 ], [ -672681.034898273879662, 4870038.567099855281413 ], [ -672762.884679916780442, 4869985.193659139797091 ], [ -672788.795848246663809, 4869970.924164170399308 ], [ -672741.605084332870319, 4869938.574005878530443 ], [ -672706.625376166310161, 4869892.56284913700074 ], [ -672528.079540919745341, 4869627.256473476067185 ], [ -672513.274704447714612, 4869612.622737189754844 ], [ -672490.852290913229808, 4869602.673963717184961 ], [ -672449.694151705363765, 4869596.214699516072869 ], [ -672407.792019608197734, 4869606.932175415568054 ], [ -672380.623219332424924, 4869546.489303383976221 ], [ -672334.268065995536745, 4869595.555310111492872 ], [ -672275.041345469187945, 4869696.542433911003172 ], [ -672241.08461410459131, 4869739.50244586635381 ], [ -672196.48740868922323, 4869782.85536574665457 ], [ -672147.982455799123272, 4869809.722291436046362 ], [ -672104.430860259337351, 4869812.626881725154817 ], [ -672030.861890402855352, 4869775.661976172588766 ], [ -672024.361223391490057, 4869778.28541552927345 ], [ -672003.673986172769219, 4869797.234574100933969 ], [ -671901.939957002876326, 4869925.383385990746319 ], [ -671918.258261379553005, 4869965.861930769868195 ], [ -671945.344643334625289, 4870005.216814241372049 ] ] ] } },
{ "type": "Feature", "properties": { "OBJECTID": 217, "Block_Groups_TOTPOP10": 821, "Block_Groups_PopOver65": 47, "Block_Groups_Over65Density": 57247.259439707675, "Shape_Length": 3258.7586027869997, "Shape_Area": 329857.32773112343 }, "geometry": { "type": "Polygon", "coordinates": [ [ [ -670987.399648529244587, 4870603.353873575106263 ], [ -671000.788108586333692, 4870708.007749925367534 ], [ -671026.588658696739003, 4870707.258704737760127 ], [ -671029.858957931166515, 4870727.390321390703321 ], [ -671224.951372943585739, 4871018.824708454310894 ], [ -671322.005420187255368, 4870956.081034247763455 ], [ -671548.499322512187064, 4870800.907466961070895 ], [ -671638.362733229063451, 4870736.151005427353084 ], [ -671580.218684160150588, 4870649.983348262496293 ], [ -671579.93865050538443, 4870638.649560450576246 ], [ -671584.91434655780904, 4870627.483979434706271 ], [ -671673.757067916449159, 4870568.56498243752867 ], [ -671556.160739229060709, 4870390.731093413196504 ], [ -671683.120012149214745, 4870303.875999600626528 ], [ -671635.286023535532877, 4870227.786250596866012 ], [ -671768.852740034228191, 4870124.78100972622633 ], [ -671945.344643334625289, 4870005.216814241372049 ], [ -671918.258261379553005, 4869965.861930769868195 ], [ -671901.939957002876326, 4869925.383385990746319 ], [ -671832.264390059746802, 4869986.914924090728164 ], [ -671671.833520804764703, 4870101.017871049232781 ], [ -671413.69559826143086, 4870298.824887288734317 ], [ -671365.641168772708625, 4870331.78899032715708 ], [ -671292.134200415574014, 4870367.819795619696379 ], [ -671219.794498469214886, 4870427.376897946000099 ], [ -671165.573736400809139, 4870499.885738026350737 ], [ -671101.397063233889639, 4870547.329459711909294 ], [ -670987.399648529244587, 4870603.353873575106263 ] ] ] } },
{ "type": "Feature", "properties": { "OBJECTID": 218, "Block_Groups_TOTPOP10": 1172, "Block_Groups_PopOver65": 53, "Block_Groups_Over65Density": 45221.843003412971, "Shape_Length": 17659.252958295125, "Shape_Area": 15356623.475868728 }, "geometry": { "type": "Polygon", "coordinates": [ [ [ -673958.793138817185536, 4859195.984551409259439 ], [ -674083.015395935392007, 4859290.052298400551081 ], [ -674182.625154748791829, 4859317.270290159620345 ], [ -675334.276201408822089, 4859569.295357543975115 ], [ -675687.096933839377016, 4859636.35455864854157 ], [ -675947.043680788483471, 4859676.611545390449464 ], [ -676000.172173370607197, 4859679.889622063376009 ], [ -676030.748888000147417, 4859669.419455429539084 ], [ -676051.983184487558901, 4859647.515021024271846 ], [ -676223.328866183990613, 4859425.052040661685169 ], [ -676532.101583136245608, 4858966.619222932495177 ], [ -676557.638046284904703, 4858911.546667248010635 ], [ -676663.921529565704986, 4858568.352535895071924 ], [ -676683.284298773156479, 4858488.072282805107534 ], [ -676882.416797987418249, 4857321.277611608617008 ], [ -677793.256733554415405, 4857477.894060174934566 ], [ -678496.74424065509811, 4857608.8142951708287 ], [ -678569.129512175684795, 4857226.401171905919909 ], [ -678581.127124554011971, 4857196.835609320551157 ], [ -678698.83473455812782, 4857017.657439122907817 ], [ -678727.600809666560963, 4856944.279371370561421 ], [ -678758.065833347151056, 4856826.706389170140028 ], [ -678764.498092175927013, 4856772.785186622291803 ], [ -678758.591408924898133, 4856698.600252728909254 ], [ -678710.143476986791939, 4856487.242400730028749 ], [ -678733.941782532725483, 4856360.196457058191299 ], [ -678807.354069895343855, 4856049.53674943652004 ], [ -676756.451393206138164, 4855685.614550480619073 ], [ -675838.468025238020346, 4855521.18956389836967 ], [ -674821.737324986374006, 4855337.373967588879168 ], [ -674382.750901087885723, 4855242.567334112711251 ], [ -674256.49685094342567, 4855908.878030612133443 ], [ -674229.950560200959444, 4856004.511390569619834 ], [ -674018.465452076168731, 4856344.507080930285156 ], [ -673913.765034883050248, 4856523.725472522899508 ], [ -673521.864951779833063, 4857117.102859128266573 ], [ -673498.088579294504598, 4857101.642925866879523 ], [ -673504.530154139269143, 4857142.71771658398211 ], [ -673376.420197315048426, 4857343.448769287206233 ], [ -673061.131040038075298, 4857870.986971265636384 ], [ -673013.699688751948997, 4857943.344175997190177 ], [ -672964.412117750616744, 4858069.638429739512503 ], [ -672768.550869151251391, 4859061.05543371476233 ], [ -673152.580055386759341, 4859131.16497837100178 ], [ -673272.895802565617487, 4859174.043498628772795 ], [ -673413.255505315260962, 4859188.778620902448893 ], [ -673483.965538985328749, 4859182.299110204912722 ], [ -673694.5779910357669, 4859119.644914272241294 ], [ -673802.372045641066507, 4859100.057751136831939 ], [ -673859.897924443241209, 4859121.419498228468001 ], [ -673958.793138817185536, 4859195.984551409259439 ] ] ] } },
{ "type": "Feature", "properties": { "OBJECTID": 219, "Block_Groups_TOTPOP10": 1637, "Block_Groups_PopOver65": 34, "Block_Groups_Over65Density": 20769.700671960905, "Shape_Length": 17025.315399931867, "Shape_Area": 5755451.3299682401 }, "geometry": { "type": "Polygon", "coordinates": [ [ [ -666056.572662821738049, 4866622.546132805757225 ], [ -666441.400749229593202, 4866697.840147889219224 ], [ -666683.286575303878635, 4866752.767324930988252 ], [ -667419.371153038693592, 4866823.110204716213048 ], [ -668125.197626520879567, 4866885.244150214828551 ], [ -668362.622262427583337, 4866913.871483897790313 ], [ -668325.944781308295205, 4866894.680048341862857 ], [ -668307.874565011356026, 4866855.407561358064413 ], [ -668261.857889873441309, 4866807.497191061265767 ], [ -668230.086675292812288, 4866786.152251930907369 ], [ -668215.428487862227485, 4866783.595235734246671 ], [ -668173.781933111371472, 4866792.885294886305928 ], [ -668087.432348621776327, 4866828.992608509026468 ], [ -668031.159967421321198, 4866831.217208478599787 ], [ -667990.754533527418971, 4866820.407463913783431 ], [ -667935.179453800199553, 4866792.655138082802296 ], [ -667879.471776858670637, 4866731.018448582850397 ], [ -667828.290518110152334, 4866686.726280596107244 ], [ -667807.834156699012965, 4866691.436420995742083 ], [ -667802.228237249422818, 4866706.261029367335141 ], [ -667757.30579095846042, 4866747.338879198767245 ], [ -667749.880632351851091, 4866742.281697919592261 ], [ -667804.32535130600445, 4866668.249963497743011 ], [ -667797.313276216387749, 4866656.492428258061409 ], [ -667781.093012635130435, 4866649.901612993329763 ], [ -667773.15835500927642, 4866647.765503846108913 ], [ -667681.010084672365338, 4866673.837111098691821 ], [ -667639.526340036420152, 4866695.198327296413481 ], [ -667625.091857188846916, 4866695.691430134698749 ], [ -667605.90587555244565, 4866675.791954546235502 ], [ -667567.571104906033725, 4866666.09859286993742 ], [ -667571.101761686382815, 4866632.852684423327446 ], [ -667578.110882590757683, 4866627.302388821728528 ], [ -667593.501994477817789, 4866629.985747395083308 ], [ -667616.830935342703015, 4866652.112507276237011 ], [ -667659.563203864032403, 4866662.572880500927567 ], [ -667756.363597065908834, 4866635.807177221402526 ], [ -667765.251933806343004, 4866623.812245619483292 ], [ -667732.023106725187972, 4866476.549092514440417 ], [ -667745.520378875546157, 4866399.13675931096077 ], [ -667698.674298622412607, 4866381.939059332944453 ], [ -667643.194550829008222, 4866375.276574219577014 ], [ -667582.845954914810136, 4866400.875976400449872 ], [ -667577.626057926798239, 4866430.818538322113454 ], [ -667569.756619563093409, 4866436.971556344069541 ], [ -667561.821643824921921, 4866434.83575585950166 ], [ -667559.079145214287564, 4866424.575277778320014 ], [ -667563.469575838418677, 4866390.725679650902748 ], [ -667589.180792623665184, 4866368.87023227289319 ], [ -667646.153942879056558, 4866353.969800817780197 ], [ -667733.215606313431635, 4866374.416056321002543 ], [ -667752.557850993936881, 4866371.768263336271048 ], [ -667765.300469805952162, 4866350.662035158835351 ], [ -667787.444076422136277, 4866331.94740161113441 ], [ -667790.947428673040122, 4866320.517872729338706 ], [ -667786.003130712313578, 4866292.565027850680053 ], [ -667791.351138831116259, 4866261.891347001306713 ], [ -667786.155250480631366, 4866252.707680782303214 ], [ -667884.809750360669568, 4866224.00440978910774 ], [ -667688.482780578080565, 4866245.461887061595917 ], [ -667654.003000975586474, 4866243.96598219871521 ], [ -667594.186318621505052, 4866227.518098440952599 ], [ -667466.061400586040691, 4866130.685222298838198 ], [ -667410.580069344025105, 4866124.02522187680006 ], [ -667341.049546078545973, 4866132.977555694058537 ], [ -667336.849212133791298, 4866157.078387203626335 ], [ -667344.306081276386976, 4866157.625518153421581 ], [ -667323.813531327061355, 4866275.207238131202757 ], [ -667301.565520962001756, 4866381.193604200147092 ], [ -667294.047338970936835, 4866389.665594153106213 ], [ -667267.214226950891316, 4866378.969029190950096 ], [ -667293.245031769620255, 4866238.274700242094696 ], [ -667299.951280128676444, 4866169.46058580186218 ], [ -667240.998975397087634, 4866169.721976014785469 ], [ -667199.03668843023479, 4866189.499454634264112 ], [ -667136.898590568685904, 4866190.711403894238174 ], [ -667104.552170664304867, 4866181.312512362375855 ], [ -667036.31665435153991, 4866143.838164304383099 ], [ -667015.794050037395209, 4866140.262412814423442 ], [ -666990.715840924764052, 4866141.160434831865132 ], [ -666881.776957030873746, 4866172.597482995130122 ], [ -666786.148389475652948, 4866170.987813132815063 ], [ -666646.240923196077347, 4866115.765983685851097 ], [ -666635.313397921156138, 4866122.139830442145467 ], [ -666621.33296527620405, 4866146.041236069053411 ], [ -666583.565840481081977, 4866306.509432438760996 ], [ -666574.068158045178279, 4866300.340387907810509 ], [ -666602.052283892640844, 4866139.673218066804111 ], [ -666611.635026515927166, 4866115.005767940543592 ], [ -666608.158002622658387, 4866104.617989607155323 ], [ -666547.0864890483208, 4866056.357706531882286 ], [ -666498.861490619368851, 4866281.221967904828489 ], [ -666511.006324494723231, 4866293.871459827758372 ], [ -666547.967477893922478, 4866289.774774795398116 ], [ -666566.108999382704496, 4866320.022746872156858 ], [ -666574.043966123834252, 4866322.15725838765502 ], [ -666571.820926445303485, 4866343.591086621396244 ], [ -666559.427917530294508, 4866349.709423393011093 ], [ -666535.974507119506598, 4866345.624370072036982 ], [ -666530.783516045194119, 4866353.749568371102214 ], [ -666521.734112641075626, 4866353.678351428359747 ], [ -666519.595843518851325, 4866344.276519042439759 ], [ -666504.616353975143284, 4866334.895607955753803 ], [ -666498.298536705318838, 4866310.469403459690511 ], [ -666482.010444623185322, 4866295.593455408699811 ], [ -666530.70717277773656, 4866055.010086456313729 ], [ -666489.963509331224486, 4866002.765970528125763 ], [ -666418.788995248964056, 4865873.737086981534958 ], [ -666395.021794201107696, 4865806.389645986258984 ], [ -666371.868471586145461, 4865683.463863188400865 ], [ -666380.868469857377931, 4865562.37211119197309 ], [ -666413.638719134731218, 4865434.881487365812063 ], [ -666437.230750366812572, 4865381.796598708257079 ], [ -666538.257363954558969, 4865235.331517856568098 ], [ -666637.564996283035725, 4865163.82062538061291 ], [ -666685.393866042140871, 4865145.05640786793083 ], [ -666751.040828972822055, 4865132.405419637449086 ], [ -666901.910899523412809, 4865124.813236414454877 ], [ -666976.489324136869982, 4865130.276363004930317 ], [ -667004.921254376647994, 4865140.49670597538352 ], [ -667027.173692640149966, 4865160.176953875459731 ], [ -667035.897760387510061, 4865136.108413783833385 ], [ -667058.489489490399137, 4865123.48638582509011 ], [ -667123.502411815570667, 4865114.490735722705722 ], [ -667150.020158172352239, 4865118.357335712760687 ], [ -667218.903606851119548, 4865152.182542869821191 ], [ -667362.686616817954928, 4865306.680037399753928 ], [ -667391.478921767091379, 4865353.842175271362066 ], [ -667440.277311220997944, 4865372.88155166245997 ], [ -667427.871834632474929, 4865344.378959338180721 ], [ -667378.233493325766176, 4865286.810980916954577 ], [ -667295.316228728508577, 4865212.156184718944132 ], [ -667296.329017811687663, 4865189.001872045919299 ], [ -667256.569465377833694, 4865135.413502940908074 ], [ -666946.803862533764914, 4864832.342978127300739 ], [ -666852.993879078188911, 4864720.423794656991959 ], [ -666789.462785629788414, 4864616.788237134926021 ], [ -666586.012790926964954, 4864379.661903247237206 ], [ -666575.26216850313358, 4864358.974381453357637 ], [ -666566.859921070747077, 4864316.11627509072423 ], [ -666470.222076090751216, 4864185.645423481240869 ], [ -666438.086382401175797, 4864105.539340702816844 ], [ -666308.011475650826469, 4864110.750954571180046 ], [ -666293.954347366234288, 4864109.057375061325729 ], [ -666274.247654032893479, 4864092.080411618575454 ], [ -666261.500018768012524, 4864095.883421348407865 ], [ -666049.684352597687393, 4864067.307665052823722 ], [ -665881.898111914750189, 4864059.192370840348303 ], [ -665603.385205049999058, 4863997.202839910052717 ], [ -665590.344490551622584, 4863989.666597403585911 ], [ -665465.747105652233586, 4863980.793886535800993 ], [ -664671.086680159904063, 4863868.248337952420115 ], [ -664557.930847858544439, 4864623.701393279246986 ], [ -664559.250460700131953, 4864685.63558682333678 ], [ -664577.601881404407322, 4864723.439603914506733 ], [ -664584.027556803077459, 4864751.646104728803039 ], [ -664576.844791943673044, 4864823.388731382787228 ], [ -664496.439810163574293, 4865312.053393149748445 ], [ -664344.316172792576253, 4866135.050422276370227 ], [ -664573.5543443930801, 4866275.719821197912097 ], [ -665198.373788403812796, 4866416.747651879675686 ], [ -665334.240958242909983, 4866434.368739248253405 ], [ -665440.979293928714469, 4866437.142632770352066 ], [ -665505.210533924866468, 4866432.520553156733513 ], [ -666018.136893833754584, 4866370.571369588375092 ], [ -666041.01332107023336, 4866443.023438980802894 ], [ -666053.149920691736042, 4866512.100510650314391 ], [ -666056.572662821738049, 4866622.546132805757225 ] ] ] } },
{ "type": "Feature", "properties": { "OBJECTID": 220, "Block_Groups_TOTPOP10": 3674, "Block_Groups_PopOver65": 315, "Block_Groups_Over65Density": 85737.615677735434, "Shape_Length": 19128.74322326322, "Shape_Area": 16674522.284220951 }, "geometry": { "type": "Polygon", "coordinates": [ [ [ -671396.257347659906372, 4885709.087673369795084 ], [ -671408.74862473201938, 4885732.308317990042269 ], [ -671428.059768475592136, 4885742.463443056680262 ], [ -672225.953580145956948, 4885879.904771942645311 ], [ -672054.719746088609099, 4886899.353932079859078 ], [ -671942.950643451418728, 4887499.747495581395924 ], [ -673175.699644933920354, 4887707.981455086730421 ], [ -673262.612037813756615, 4887727.810947380959988 ], [ -673315.329108994686976, 4887766.385328053496778 ], [ -673349.720312444260344, 4887780.708035260438919 ], [ -673381.051039334386587, 4887782.479720568284392 ], [ -673464.282198593718931, 4887763.375805997289717 ], [ -673542.762601279420778, 4887771.211889524944127 ], [ -674034.517070323461667, 4887857.966353325173259 ], [ -674578.929238195763901, 4887962.313243744894862 ], [ -675336.053568168310449, 4888095.272038802504539 ], [ -675943.083902046550065, 4888195.031358210369945 ], [ -676789.403134169522673, 4888364.95293403044343 ], [ -676799.062470237025991, 4888310.346166366711259 ], [ -676966.819061644608155, 4887302.234231859445572 ], [ -676941.730754547985271, 4887192.658924041315913 ], [ -676898.624302739975974, 4887065.627215016633272 ], [ -676850.664112700382248, 4886961.768734998069704 ], [ -676809.847396642435342, 4886889.964553165249527 ], [ -676735.572733108885586, 4886781.453309090808034 ], [ -676292.988455942831933, 4886189.518851676955819 ], [ -677159.821992206387222, 4886347.250339814461768 ], [ -677366.187059860909358, 4885188.654126712121069 ], [ -677387.255202672677115, 4885035.372834869660437 ], [ -677301.777118872152641, 4885066.837612005881965 ], [ -677232.333759099477902, 4885080.103131517767906 ], [ -677162.371689562452957, 4885083.51165240444243 ], [ -677099.932180878473446, 4885078.484712617471814 ], [ -675771.070502626942471, 4884833.977675667032599 ], [ -675509.390468484954908, 4884783.278010472655296 ], [ -675229.088262387318537, 4884727.04975560773164 ], [ -674573.364710996160284, 4884606.868539183400571 ], [ -674077.418346570339054, 4884538.201948304660618 ], [ -673835.309165109880269, 4884496.27877649012953 ], [ -672814.199720119591802, 4884281.099990306422114 ], [ -672763.717912668129429, 4884276.717578551732004 ], [ -672081.82790913619101, 4884134.162082593888044 ], [ -671878.493155267089605, 4884124.670651781372726 ], [ -671869.758361795451492, 4884118.627985749393702 ], [ -671781.495320867514238, 4884123.377099473029375 ], [ -671704.311976566212252, 4884116.558404117822647 ], [ -671440.660461062798277, 4885593.766042259521782 ], [ -671421.154510539257899, 4885678.930949695408344 ], [ -671396.257347659906372, 4885709.087673369795084 ] ] ] } },
{ "type": "Feature", "properties": { "OBJECTID": 221, "Block_Groups_TOTPOP10": 771, "Block_Groups_PopOver65": 151, "Block_Groups_Over65Density": 195849.54604409856, "Shape_Length": 2574.6106498450686, "Shape_Area": 409638.41861788806 }, "geometry": { "type": "Polygon", "coordinates": [ [ [ -675229.088262387318537, 4884727.04975560773164 ], [ -675509.390468484954908, 4884783.278010472655296 ], [ -675771.070502626942471, 4884833.977675667032599 ], [ -675836.18462557089515, 4884460.86981325596571 ], [ -675911.160351942293346, 4884036.142882662825286 ], [ -675616.416976844193414, 4883980.365165373310447 ], [ -675416.579768511233851, 4884053.277786255814135 ], [ -675353.79829913075082, 4884058.726983738131821 ], [ -675353.043354985304177, 4884088.642118811607361 ], [ -675322.916162013774738, 4884250.84341027867049 ], [ -675229.088262387318537, 4884727.04975560773164 ] ] ] } },
{ "type": "Feature", "properties": { "OBJECTID": 222, "Block_Groups_TOTPOP10": 1260, "Block_Groups_PopOver65": 173, "Block_Groups_Over65Density": 137301.58730158731, "Shape_Length": 5038.9554013130355, "Shape_Area": 987197.25309167802 }, "geometry": { "type": "Polygon", "coordinates": [ [ [ -655491.82817338895984, 4881007.597004405222833 ], [ -655394.901611723704264, 4881227.900166434235871 ], [ -655301.260351551230997, 4881594.320042840205133 ], [ -655257.404050653101876, 4881812.547564961947501 ], [ -656260.35840803058818, 4881534.812493026256561 ], [ -656588.565304391784593, 4881435.688908187672496 ], [ -656772.970890284981579, 4881358.137612007558346 ], [ -656938.753526689484715, 4881275.103890079073608 ], [ -657143.972943451721221, 4881147.137751884758472 ], [ -657255.357616366818547, 4881065.166333664208651 ], [ -657123.689220040803775, 4881034.05271455552429 ], [ -656956.157592955743894, 4881022.982178379781544 ], [ -656693.974784311139956, 4880971.476480964571238 ], [ -656667.674208651296794, 4881083.977353418245912 ], [ -656540.916855658171698, 4881067.985177570022643 ], [ -656397.597695461241528, 4881047.62133467849344 ], [ -656414.03722010506317, 4880931.159172979183495 ], [ -655580.430699097458273, 4880813.606177870184183 ], [ -655536.810288839275017, 4880908.844621310010552 ], [ -655491.82817338895984, 4881007.597004405222833 ] ] ] } },
{ "type": "Feature", "properties": { "OBJECTID": 223, "Block_Groups_TOTPOP10": 988, "Block_Groups_PopOver65": 99, "Block_Groups_Over65Density": 100202.42914979756, "Shape_Length": 32051.911323656965, "Shape_Area": 41166208.966338843 }, "geometry": { "type": "Polygon", "coordinates": [ [ [ -650349.291322304401547, 4870846.759330295957625 ], [ -651461.540459194919094, 4871045.731317008845508 ], [ -653622.220920661231503, 4871433.994154376909137 ], [ -653632.221724677132443, 4871389.145898766815662 ], [ -653660.982159966835752, 4871353.544233833439648 ], [ -653718.546702241757885, 4871321.410572563298047 ], [ -653729.485453173518181, 4871284.235380759462714 ], [ -653744.243724098661914, 4871264.245804592967033 ], [ -653776.526338674128056, 4871256.2949911179021 ], [ -653769.092854575254023, 4871229.470800667069852 ], [ -653770.090205774875358, 4871201.847726962529123 ], [ -653756.193406236590818, 4871173.156745554879308 ], [ -653754.821999547071755, 4871154.890661641955376 ], [ -653769.030497863423079, 4871146.825373517349362 ], [ -653776.033913743915036, 4871114.979847645387053 ], [ -653795.344300635159016, 4871112.302368064410985 ], [ -653793.571961593814194, 4871100.727997228503227 ], [ -653774.331252200063318, 4871089.895350993610919 ], [ -653757.879796167369932, 4871106.588456562720239 ], [ -653755.487991510424763, 4871120.449078547768295 ], [ -653745.443562096217647, 4871126.227995092980564 ], [ -653721.889664706075564, 4871122.914699588902295 ], [ -653705.554307067068294, 4871117.091048932634294 ], [ -653703.805021934444085, 4871101.0133768459782 ], [ -653675.049347031861544, 4871040.460375403054059 ], [ -653616.283493326511234, 4871044.594027735292912 ], [ -653609.750910846749321, 4871056.2377914711833 ], [ -653599.981505107134581, 4871056.054678949527442 ], [ -653592.649701036978513, 4871033.004019721411169 ], [ -653572.00105131440796, 4871034.7000439055264 ], [ -653546.787666764575988, 4871045.374362459406257 ], [ -653523.737117583397776, 4871039.143828894942999 ], [ -653523.554387057665735, 4871027.09272582270205 ], [ -653507.722279124660417, 4871018.351525119505823 ], [ -653467.431926627410576, 4871015.907899730838835 ], [ -653454.837894612923265, 4870970.915394773706794 ], [ -653440.241108181420714, 4870959.382567761465907 ], [ -653412.820335095515475, 4870947.891147165559232 ], [ -652934.47971946769394, 4870648.290339541621506 ], [ -652897.652010608930141, 4870612.642734527587891 ], [ -652896.40350075578317, 4870593.646672940813005 ], [ -652901.515565629582852, 4870572.742211426608264 ], [ -653082.737450242508203, 4870212.582150381989777 ], [ -653119.112397823482752, 4870119.684084917418659 ], [ -653122.347514746477827, 4870083.428449925966561 ], [ -653137.240225976798683, 4870036.410445710644126 ], [ -653240.572834385791793, 4869817.562495172023773 ], [ -653281.231039758538827, 4869747.936753237619996 ], [ -653523.973172199213877, 4869402.841015310026705 ], [ -653599.285798565018922, 4869390.281011867336929 ], [ -653946.816058016149327, 4869272.887615242041647 ], [ -653986.59125133859925, 4869234.66299145668745 ], [ -654129.653281624196097, 4869065.469410045072436 ], [ -654392.074261573841795, 4868707.196793543174863 ], [ -654315.356400459539145, 4867936.408710347488523 ], [ -654136.100410653743893, 4867646.197774935513735 ], [ -654036.524924844969064, 4867497.498704144731164 ], [ -653992.532761225476861, 4867424.524360881187022 ], [ -653989.944227021420375, 4867404.536193353123963 ], [ -653958.521055041346699, 4867359.283505133353174 ], [ -654006.684941528597847, 4867355.560817812569439 ], [ -654275.42706347675994, 4867398.139012278057635 ], [ -654347.433640745002776, 4867391.765357559546828 ], [ -654514.087783929891884, 4867348.349205384962261 ], [ -654729.999519520904869, 4867255.553913968615234 ], [ -654758.650365700712427, 4867220.657548711635172 ], [ -654779.403801200911403, 4867104.720288109965622 ], [ -654802.377672947244719, 4867080.870724621228874 ], [ -654814.980609466321766, 4867077.782907756976783 ], [ -655140.700599875301123, 4867118.192474360577762 ], [ -655170.531554066110402, 4867115.822809079661965 ], [ -655188.024216589285061, 4867088.772920067422092 ], [ -655220.555747010977939, 4866917.731720155104995 ], [ -655240.796943387715146, 4866879.127327051013708 ], [ -655311.201887614792213, 4866829.633457164280117 ], [ -655430.661929876776412, 4866771.314507390372455 ], [ -655463.826664398424327, 4866762.754472246393561 ], [ -656887.32191913574934, 4866969.483064162544906 ], [ -657156.001187311951071, 4867008.397638065740466 ], [ -657605.064864396350458, 4867073.247872531414032 ], [ -657619.457474420545623, 4867011.828688933514059 ], [ -657757.092641899362206, 4866765.703526205383241 ], [ -657771.76619396195747, 4866720.119399700313807 ], [ -657984.940159764373675, 4865539.548493299633265 ], [ -658008.359716141363606, 4865504.491791564971209 ], [ -658050.051360907498747, 4865481.61818646453321 ], [ -658084.063759809592739, 4865476.970127936452627 ], [ -658164.953374287579209, 4865484.939440502785146 ], [ -658298.98176891147159, 4865233.612141918390989 ], [ -658363.117097210371867, 4864998.016249818727374 ], [ -658421.846169304102659, 4864767.493497923016548 ], [ -658434.094423673115671, 4864696.654314846731722 ], [ -658427.008941086707637, 4864628.488791227340698 ], [ -658355.305862081004307, 4864279.125492268241942 ], [ -658360.4259075273294, 4864214.571191041730344 ], [ -658378.340170035837218, 4864180.810899113304913 ], [ -658450.436586944852024, 4864100.002338490448892 ], [ -658676.501809755107388, 4863927.713479481637478 ], [ -658700.913701406447217, 4863891.313829206861556 ], [ -658727.343400992453098, 4863821.411946848034859 ], [ -658756.508204461308196, 4863788.090133298188448 ], [ -658820.376212093280628, 4863737.448522589169443 ], [ -658837.585057211108506, 4863699.049824644811451 ], [ -658614.681081113638356, 4863625.90875412337482 ], [ -658202.645488593960181, 4863520.090648584999144 ], [ -657995.232345988973975, 4863453.410744505003095 ], [ -657849.142581801395863, 4863398.835505004040897 ], [ -656496.009315526112914, 4862762.052963030524552 ], [ -656365.653576009673998, 4862712.486597066745162 ], [ -656237.782814276171848, 4862679.148047804832458 ], [ -656075.364578263368458, 4862657.907521348446608 ], [ -655798.459899730281904, 4862665.824348640628159 ], [ -655662.894218800356612, 4862655.240413808263838 ], [ -655543.672757093096152, 4862628.672062259167433 ], [ -655348.993201580364257, 4862553.749429712072015 ], [ -655207.71787540637888, 4862510.600182229653001 ], [ -655111.450963100418448, 4862491.004335524514318 ], [ -654990.695681219454855, 4862477.721367606893182 ], [ -654021.474074377445504, 4862451.463470513001084 ], [ -653570.160325426142663, 4862473.067080663517118 ], [ -652943.21805379120633, 4862480.282201984897256 ], [ -652558.303849265677854, 4862480.274299216456711 ], [ -651828.308284157887101, 4862463.849934371188283 ], [ -651338.275985442334786, 4865170.423950667493045 ], [ -651243.976403340697289, 4865512.756721776910126 ], [ -651152.95045544905588, 4865888.703276335261762 ], [ -650917.956390423467383, 4867189.779066076502204 ], [ -650584.834784858627245, 4869245.272700615227222 ], [ -650604.836347970180213, 4869251.717876325361431 ], [ -650611.218223884934559, 4869271.596460074186325 ], [ -650550.076773063279688, 4869605.135231329128146 ], [ -650525.811738979769871, 4869702.371871411800385 ], [ -650416.219955543754622, 4869975.724368403665721 ], [ -650349.291322304401547, 4870846.759330295957625 ] ] ] } },
{ "type": "Feature", "properties": { "OBJECTID": 224, "Block_Groups_TOTPOP10": 2824, "Block_Groups_PopOver65": 308, "Block_Groups_Over65Density": 109065.15580736545, "Shape_Length": 17197.89860628749, "Shape_Area": 11900076.885641947 }, "geometry": { "type": "Polygon", "coordinates": [ [ [ -661734.325791697949171, 4862080.068622347898781 ], [ -662402.881083700805902, 4862127.435952659696341 ], [ -662559.000770462211221, 4862146.220913813449442 ], [ -663349.335095688700676, 4862371.346153665333986 ], [ -663523.762688372749835, 4862497.950213562697172 ], [ -663615.158706366317347, 4862537.142578362487257 ], [ -664292.355176129378378, 4862613.301321674138308 ], [ -664749.150251324288547, 4862679.8407699232921 ], [ -664926.704414174659178, 4862714.450212423689663 ], [ -665104.103103233035654, 4862754.306670687161386 ], [ -665160.51233170251362, 4862520.976915968582034 ], [ -665214.24658466456458, 4862459.555800716392696 ], [ -665291.97179864323698, 4862377.461923966184258 ], [ -666070.741971801267937, 4861869.924523366615176 ], [ -666121.226267677964643, 4861840.30589699652046 ], [ -666149.182721189688891, 4861831.615014276467264 ], [ -666241.875606274232268, 4861841.709273885004222 ], [ -666271.172080279095098, 4861834.004735295660794 ], [ -666327.064229111652821, 4861781.987708374857903 ], [ -666314.79567911522463, 4861691.766334162093699 ], [ -666257.166837470373139, 4861671.205204592086375 ], [ -666234.136149115394801, 4861655.907375276088715 ], [ -666297.576366506749764, 4861343.186903325840831 ], [ -666215.543421404669061, 4861310.854565578512847 ], [ -666184.200645940145478, 4861312.934796672314405 ], [ -666156.115246334578842, 4861322.357768314890563 ], [ -666091.842791621573269, 4861383.464423426426947 ], [ -665998.868537606904283, 4861435.816773016937077 ], [ -665910.095584823749959, 4861520.520661953836679 ], [ -665916.159722617128864, 4861529.103651942685246 ], [ -665964.878307358594611, 4861527.031650932505727 ], [ -665960.39136343752034, 4861539.803717908449471 ], [ -665922.178402108605951, 4861564.029579393565655 ], [ -665855.193860430503264, 4861571.208437769673765 ], [ -665811.765604057116434, 4861568.930291872471571 ], [ -665755.532843025866896, 4861540.334971921518445 ], [ -665679.319134681252763, 4861439.756006103940308 ], [ -665447.114711232483387, 4861371.551220202818513 ], [ -665347.804428157396615, 4861303.854929428547621 ], [ -665277.788610876537859, 4861228.450376915745437 ], [ -665232.07453647418879, 4861161.031988624483347 ], [ -665226.954291357891634, 4861138.308986375108361 ], [ -665199.561816558009014, 4861095.906808600760996 ], [ -665130.231128501705825, 4860929.522251220420003 ], [ -665125.955960131948814, 4860888.876047858037055 ], [ -665133.991273556835949, 4860738.183605816215277 ], [ -665162.356403928715736, 4860683.628775017336011 ], [ -665195.431537571363151, 4860580.197624824941158 ], [ -665207.151890905108303, 4860525.762554312124848 ], [ -665196.641781498910859, 4860503.60780743509531 ], [ -665104.97317641787231, 4860404.865329368039966 ], [ -665087.464613378513604, 4860366.436499343253672 ], [ -665058.376391391735524, 4860359.879949133843184 ], [ -664999.450949363876134, 4860329.319165086373687 ], [ -664940.410383367212489, 4860277.656509347259998 ], [ -664911.726748267188668, 4860225.240699169225991 ], [ -664905.390370081178844, 4860200.799106622114778 ], [ -664879.473757070256397, 4860175.970121037214994 ], [ -664643.182424177182838, 4860048.36568493116647 ], [ -664637.837799597065896, 4860061.744271258823574 ], [ -664621.897789115551859, 4860066.507370441220701 ], [ -664623.62959506502375, 4860043.46623473148793 ], [ -664556.178781448630616, 4860005.406994267366827 ], [ -664531.13762487587519, 4859997.296724773012102 ], [ -664517.745064616203308, 4859965.607235196046531 ], [ -664522.140043397201225, 4859927.215976027771831 ], [ -664540.517715950030833, 4859904.051307699643075 ], [ -664610.665862857131287, 4859861.257669755257666 ], [ -664644.039985679322854, 4859747.32543140091002 ], [ -664708.893154034391046, 4859569.577300238423049 ], [ -664749.209307213081047, 4859541.935282891616225 ], [ -664776.690157698001713, 4859531.644037758000195 ], [ -664907.774450856959447, 4859272.759096101857722 ], [ -664942.675669404445216, 4859150.043442878872156 ], [ -664940.551378703210503, 4859096.960123175755143 ], [ -664916.090555291622877, 4859033.222477562725544 ], [ -664827.581128268036991, 4858933.518936906941235 ], [ -664776.717273911461234, 4858782.360358246602118 ], [ -664758.567813106579706, 4858686.580705122090876 ], [ -664755.5192363364622, 4858542.961640747264028 ], [ -664739.06035800720565, 4858511.487948157824576 ], [ -664682.543872078182176, 4858484.361803266219795 ], [ -664604.847836268367246, 4858457.327974460087717 ], [ -664548.475742222508416, 4858446.796741956844926 ], [ -664511.353560327086598, 4858451.65446500107646 ], [ -664486.750664012040943, 4858471.486637333407998 ], [ -664475.899443201255053, 4858525.333965692669153 ], [ -664436.64168320549652, 4858620.945508177392185 ], [ -664408.688486500876024, 4858668.812961864285171 ], [ -664342.926980508724228, 4858734.220903526991606 ], [ -664211.993618106003851, 4858787.572427574545145 ], [ -664141.142475248547271, 4858803.901618912816048 ], [ -664056.685890041058883, 4858802.811226174235344 ], [ -663978.398943205596879, 4858814.087023003026843 ], [ -663892.029534978559241, 4858784.804281802847981 ], [ -663757.248938695527613, 4858703.454192207194865 ], [ -663671.444642747752368, 4858640.385937696322799 ], [ -663655.029244041536003, 4858621.726802823133767 ], [ -663635.419239511014894, 4858625.858187884092331 ], [ -663596.847169070038944, 4858669.625956576317549 ], [ -663543.12731887656264, 4858687.424239945597947 ], [ -663437.494694574736059, 4858686.436387210153043 ], [ -663208.859328367048874, 4858640.79282150324434 ], [ -662992.272824458777905, 4858564.865466658957303 ], [ -662966.571015352150425, 4858543.093976703472435 ], [ -662962.631174794398248, 4858504.760939063504338 ], [ -662904.720061178551987, 4858485.693444943986833 ], [ -662900.91380294598639, 4858402.955430402420461 ], [ -662803.877844606526196, 4858269.430242529138923 ], [ -662769.330824118107557, 4858337.996301188133657 ], [ -662828.849362953333184, 4858439.419408393092453 ], [ -662867.974822475574911, 4858532.039204456843436 ], [ -662803.255956630688161, 4858526.100340088829398 ], [ -662701.501146439695731, 4858489.651945066638291 ], [ -662602.758332782657817, 4858440.172925123013556 ], [ -662438.237862705718726, 4858334.126588536426425 ], [ -662358.291798893595114, 4858272.093432277441025 ], [ -661766.359091164078563, 4861576.851039843633771 ], [ -661758.611993471160531, 4861625.935763293877244 ], [ -661734.325791697949171, 4862080.068622347898781 ] ] ] } },
{ "type": "Feature", "properties": { "OBJECTID": 225, "Block_Groups_TOTPOP10": 2175, "Block_Groups_PopOver65": 86, "Block_Groups_Over65Density": 39540.229885057473, "Shape_Length": 3869.4089718283672, "Shape_Area": 789524.4087294857 }, "geometry": { "type": "Polygon", "coordinates": [ [ [ -674367.487752584274858, 4866537.02266107685864 ], [ -675055.546696458943188, 4866693.835504878312349 ], [ -675110.782458553556353, 4866702.02031035348773 ], [ -675257.703245130367577, 4866596.789622914977372 ], [ -675328.176837427075952, 4866535.367533563636243 ], [ -675945.332900984445587, 4865895.202228533104062 ], [ -675924.179586232639849, 4865877.934696827083826 ], [ -675902.477191149257123, 4865868.101215262897313 ], [ -675198.243996372679248, 4865794.234566020779312 ], [ -675075.877272771438584, 4865763.735582936555147 ], [ -675012.632864315295592, 4865714.993310079909861 ], [ -674847.676925770472735, 4865918.738641581498086 ], [ -674750.209772766800597, 4866052.239668244495988 ], [ -674367.487752584274858, 4866537.02266107685864 ] ] ] } },
{ "type": "Feature", "properties": { "OBJECTID": 226, "Block_Groups_TOTPOP10": 1640, "Block_Groups_PopOver65": 66, "Block_Groups_Over65Density": 40243.902439024387, "Shape_Length": 10393.519444255293, "Shape_Area": 3814830.454700117 }, "geometry": { "type": "Polygon", "coordinates": [ [ [ -663954.989429092500359, 4878209.177417065948248 ], [ -663981.994033913593739, 4878222.90171355009079 ], [ -663994.463218049146235, 4878237.846077477559447 ], [ -664026.116346992785111, 4878319.981952444650233 ], [ -664054.521629851544276, 4878360.239999453537166 ], [ -664103.472559919115156, 4878395.069445318542421 ], [ -664125.895758022088557, 4878400.484083889983594 ], [ -665387.349017447093502, 4878614.698922967538238 ], [ -665401.831775145372376, 4878536.102633512578905 ], [ -665418.48372759972699, 4878410.55981988273561 ], [ -665424.317135791992769, 4878312.42161953728646 ], [ -665423.455174318514764, 4877769.137419356033206 ], [ -665535.400748181622475, 4876523.471513276919723 ], [ -665555.576519666938111, 4876433.822309665381908 ], [ -665602.25623369612731, 4876343.539048803970218 ], [ -665626.534440862713382, 4876312.461807787418365 ], [ -665777.613803589018062, 4876172.776270822621882 ], [ -665809.148374358890578, 4876134.699274328537285 ], [ -665855.513647526968271, 4876054.876559123396873 ], [ -665878.17295027221553, 4875994.208522382192314 ], [ -666046.599685691995546, 4874826.451306044124067 ], [ -666077.413913135183975, 4874511.651334838941693 ], [ -665920.765275288373232, 4874605.316780400462449 ], [ -665774.783027281053364, 4874694.079462134279311 ], [ -665477.008343667723238, 4874883.366297815926373 ], [ -665216.610899972729385, 4875057.378571795299649 ], [ -665229.119198422180489, 4875085.111978384666145 ], [ -665225.620872165076435, 4875113.810164486989379 ], [ -665195.427098555723205, 4875187.449654476717114 ], [ -665164.276216486468911, 4875223.346919639036059 ], [ -665170.578805981669575, 4875247.742447232827544 ], [ -665166.06390837719664, 4875299.558505996130407 ], [ -665103.051760517060757, 4875665.045723362825811 ], [ -664971.271817571017891, 4876502.397149851545691 ], [ -664948.654734210576862, 4876610.400454961694777 ], [ -664932.302994966739789, 4876643.611056167632341 ], [ -664912.737600141437724, 4876664.990704805590212 ], [ -664890.531503174686804, 4876679.89892225060612 ], [ -664471.777279683854431, 4876863.032351615838706 ], [ -664068.652197945397347, 4877138.295449916273355 ], [ -664028.733881829539314, 4877172.651339017786086 ], [ -664000.333083867793903, 4877218.781398803927004 ], [ -663981.921426241286099, 4877268.155716140754521 ], [ -663877.976164212450385, 4877820.926912543363869 ], [ -663894.495867094723508, 4877920.70644062384963 ], [ -663948.866438850294799, 4878036.85218574013561 ], [ -663966.016230162465945, 4878098.432175103574991 ], [ -663964.369418826652691, 4878177.013182297348976 ], [ -663954.989429092500359, 4878209.177417065948248 ] ] ] } },
{ "type": "Feature", "properties": { "OBJECTID": 227, "Block_Groups_TOTPOP10": 1180, "Block_Groups_PopOver65": 90, "Block_Groups_Over65Density": 76271.186440677964, "Shape_Length": 8794.8799491131813, "Shape_Area": 3201591.6563377925 }, "geometry": { "type": "Polygon", "coordinates": [ [ [ -663640.864645041292533, 4865933.806245516985655 ], [ -663792.871327095199376, 4865971.50083632580936 ], [ -663872.742366807069629, 4866007.196595462970436 ], [ -664045.388767707860097, 4866125.973546841181815 ], [ -664137.053355361800641, 4866171.998307777568698 ], [ -664253.369435768108815, 4866206.510960809886456 ], [ -664573.5543443930801, 4866275.719821197912097 ], [ -664344.316172792576253, 4866135.050422276370227 ], [ -664496.439810163574293, 4865312.053393149748445 ], [ -664576.844791943673044, 4864823.388731382787228 ], [ -664584.027556803077459, 4864751.646104728803039 ], [ -664577.601881404407322, 4864723.439603914506733 ], [ -664559.250460700131953, 4864685.63558682333678 ], [ -664557.930847858544439, 4864623.701393279246986 ], [ -664671.086680159904063, 4863868.248337952420115 ], [ -663363.92260963562876, 4863693.163957650773227 ], [ -662204.803741252515465, 4863535.727964945137501 ], [ -662405.196028136881068, 4863856.413497606292367 ], [ -662530.368127368856221, 4864031.623429744504392 ], [ -663463.46141350758262, 4865203.308212359435856 ], [ -663542.92136250063777, 4865306.640905085019767 ], [ -663588.803304209839553, 4865381.571049740538001 ], [ -663623.78846305096522, 4865458.370139596052468 ], [ -663651.485124764498323, 4865546.693135246634483 ], [ -663667.876462572952732, 4865643.584500811994076 ], [ -663672.399465946946293, 4865721.861639292910695 ], [ -663667.196999735198915, 4865790.925143648870289 ], [ -663640.864645041292533, 4865933.806245516985655 ] ] ] } },
{ "type": "Feature", "properties": { "OBJECTID": 228, "Block_Groups_TOTPOP10": 2177, "Block_Groups_PopOver65": 363, "Block_Groups_Over65Density": 166743.22462103813, "Shape_Length": 1903.3467882849311, "Shape_Area": 198632.02094507994 }, "geometry": { "type": "Polygon", "coordinates": [ [ [ -671945.344643334625289, 4870005.216814241372049 ], [ -671768.852740034228191, 4870124.78100972622633 ], [ -671635.286023535532877, 4870227.786250596866012 ], [ -671683.120012149214745, 4870303.875999600626528 ], [ -671556.160739229060709, 4870390.731093413196504 ], [ -671673.757067916449159, 4870568.56498243752867 ], [ -671764.833732549333945, 4870505.523062101565301 ], [ -671779.740820856532082, 4870506.62961779627949 ], [ -671789.834354439750314, 4870513.663989067077637 ], [ -671849.571213630959392, 4870599.36235979013145 ], [ -672193.815569595899433, 4870367.008017318323255 ], [ -672170.232741751009598, 4870333.532985640689731 ], [ -672061.8037137479987, 4870172.335012793540955 ], [ -672032.811390187125653, 4870126.626780926249921 ], [ -671945.344643334625289, 4870005.216814241372049 ] ] ] } },
{ "type": "Feature", "properties": { "OBJECTID": 229, "Block_Groups_TOTPOP10": 1257, "Block_Groups_PopOver65": 149, "Block_Groups_Over65Density": 118536.19729514717, "Shape_Length": 2198.8444452941899, "Shape_Area": 222886.92464282582 }, "geometry": { "type": "Polygon", "coordinates": [ [ [ -671638.362733229063451, 4870736.151005427353084 ], [ -671698.923845764715225, 4870825.751555170863867 ], [ -671713.505164305446669, 4870837.333575869910419 ], [ -671722.679178217425942, 4870836.683700842782855 ], [ -671814.486506605753675, 4870773.774272989481688 ], [ -671932.800476385047659, 4870951.736025112681091 ], [ -672090.095750514650717, 4870846.890406208112836 ], [ -672213.268430643482134, 4870760.139151960611343 ], [ -672318.339335665572435, 4870690.528339547105134 ], [ -672384.085509825963527, 4870647.128932699561119 ], [ -672327.284343807026744, 4870561.937638280913234 ], [ -672206.037214890588075, 4870383.444677529856563 ], [ -672193.815569595899433, 4870367.008017318323255 ], [ -671849.571213630959392, 4870599.36235979013145 ], [ -671789.834354439750314, 4870513.663989067077637 ], [ -671779.740820856532082, 4870506.62961779627949 ], [ -671764.833732549333945, 4870505.523062101565301 ], [ -671673.757067916449159, 4870568.56498243752867 ], [ -671584.91434655780904, 4870627.483979434706271 ], [ -671579.93865050538443, 4870638.649560450576246 ], [ -671580.218684160150588, 4870649.983348262496293 ], [ -671638.362733229063451, 4870736.151005427353084 ] ] ] } },
{ "type": "Feature", "properties": { "OBJECTID": 230, "Block_Groups_TOTPOP10": 1611, "Block_Groups_PopOver65": 75, "Block_Groups_Over65Density": 46554.934823091251, "Shape_Length": 2036.2915915619328, "Shape_Area": 185206.39521923949 }, "geometry": { "type": "Polygon", "coordinates": [ [ [ -671806.909482666989788, 4871359.98287320882082 ], [ -671842.963403128087521, 4871361.03448536619544 ], [ -671878.215173184638843, 4871370.972885172814131 ], [ -671915.548251159023494, 4871364.72641378082335 ], [ -671926.40744407963939, 4871367.381641016341746 ], [ -671931.592839589109644, 4871376.565139897167683 ], [ -671926.488670917227864, 4871388.459155045449734 ], [ -671940.219777626683936, 4871383.342840580269694 ], [ -671943.731075595598668, 4871371.921950869262218 ], [ -671982.634020938072354, 4871352.410064341500401 ], [ -672113.342614949913695, 4871317.391988588497043 ], [ -672180.698115429375321, 4871286.316943746991456 ], [ -672169.339198374655098, 4871269.280326601117849 ], [ -672131.994270954746753, 4871245.432516472414136 ], [ -672105.683586814673617, 4871201.702352853491902 ], [ -672095.463549079373479, 4871195.397470793686807 ], [ -671932.800476385047659, 4870951.736025112681091 ], [ -671814.486506605753675, 4870773.774272989481688 ], [ -671722.679178217425942, 4870836.683700842782855 ], [ -671713.505164305446669, 4870837.333575869910419 ], [ -671698.923845764715225, 4870825.751555170863867 ], [ -671638.362733229063451, 4870736.151005427353084 ], [ -671548.499322512187064, 4870800.907466961070895 ], [ -671680.759216232923791, 4870994.092900234274566 ], [ -671650.408205747837201, 4871141.488455275073647 ], [ -671806.909482666989788, 4871359.98287320882082 ] ] ] } },
{ "type": "Feature", "properties": { "OBJECTID": 231, "Block_Groups_TOTPOP10": 1277, "Block_Groups_PopOver65": 24, "Block_Groups_Over65Density": 18794.04855129209, "Shape_Length": 1590.637748113357, "Shape_Area": 128050.98876605291 }, "geometry": { "type": "Polygon", "coordinates": [ [ [ -672061.8037137479987, 4870172.335012793540955 ], [ -672170.232741751009598, 4870333.532985640689731 ], [ -672193.815569595899433, 4870367.008017318323255 ], [ -672364.162534100934863, 4870252.399276887997985 ], [ -672664.81165661662817, 4870049.267508862540126 ], [ -672681.034898273879662, 4870038.567099855281413 ], [ -672576.571667670970783, 4869949.528891197405756 ], [ -672520.879799381364137, 4869862.267184377647936 ], [ -672061.8037137479987, 4870172.335012793540955 ] ] ] } },
{ "type": "Feature", "properties": { "OBJECTID": 232, "Block_Groups_TOTPOP10": 1953, "Block_Groups_PopOver65": 69, "Block_Groups_Over65Density": 35330.261136712747, "Shape_Length": 3116.0051330763827, "Shape_Area": 348440.80670590635 }, "geometry": { "type": "Polygon", "coordinates": [ [ [ -669743.226785640465096, 4872221.651390044949949 ], [ -669684.506491610314697, 4872458.045683840289712 ], [ -669703.647756237303838, 4872447.858396631665528 ], [ -669706.569696669233963, 4872465.666265844367445 ], [ -669640.512120497180149, 4872735.359430975280702 ], [ -669642.074615516932681, 4872804.064043876715004 ], [ -669659.202082925243303, 4872883.011583833955228 ], [ -669659.427092106780037, 4872950.728964043781161 ], [ -669551.620463525410742, 4873523.641738791018724 ], [ -669568.111716677900404, 4873524.27208732906729 ], [ -669586.330582785187289, 4873506.407007642090321 ], [ -669971.571199654601514, 4872978.287945439107716 ], [ -670119.956055864691734, 4872958.391032677143812 ], [ -670111.782243339344859, 4872940.41609743796289 ], [ -670120.093330241972581, 4872875.694488652050495 ], [ -670143.075450818287209, 4872826.324873493984342 ], [ -670159.739296476822346, 4872804.425456237979233 ], [ -670212.873191255144775, 4872759.581502315588295 ], [ -670214.925715949619189, 4872730.611801779828966 ], [ -670100.42423153296113, 4872600.019606743939221 ], [ -669865.575477482285351, 4872350.602553814649582 ], [ -669762.763802618719637, 4872256.655829128809273 ], [ -669754.621340222423896, 4872234.173702632077038 ], [ -669743.226785640465096, 4872221.651390044949949 ] ] ] } },
{ "type": "Feature", "properties": { "OBJECTID": 233, "Block_Groups_TOTPOP10": 726, "Block_Groups_PopOver65": 39, "Block_Groups_Over65Density": 53719.008264462813, "Shape_Length": 6197.8045344057618, "Shape_Area": 2287153.3200235041 }, "geometry": { "type": "Polygon", "coordinates": [ [ [ -666617.862029006937519, 4874181.327420236542821 ], [ -666617.56566018005833, 4874308.307563384994864 ], [ -666480.111426022136584, 4874961.518492764793336 ], [ -666933.799047835636884, 4875058.804107957519591 ], [ -666993.816906606778502, 4875086.577024421654642 ], [ -667107.610417893156409, 4875160.575798189267516 ], [ -667138.924210495781153, 4875171.308998273685575 ], [ -667852.286748288432136, 4875319.306382768787444 ], [ -667905.874602637253702, 4875340.7030771356076 ], [ -668162.756255376385525, 4875390.138355833478272 ], [ -668229.545644791098312, 4875426.625048161484301 ], [ -668257.232122612185776, 4875432.21966007258743 ], [ -668342.527604932198301, 4875509.527079818770289 ], [ -668402.661475353874266, 4875471.941689810715616 ], [ -668454.441848061745986, 4875473.484236757270992 ], [ -668541.813900358276442, 4874978.378382286988199 ], [ -668562.381358997197822, 4874545.972745846956968 ], [ -668301.821353466250002, 4874245.556306540034711 ], [ -668251.379480082774535, 4874210.424191027879715 ], [ -668181.931081047980115, 4874184.749371216632426 ], [ -667805.544626155868173, 4874115.192582059651613 ], [ -667729.888843332184479, 4874086.182766576297581 ], [ -667664.2306669941172, 4874043.134480421431363 ], [ -667598.291207920992747, 4873971.471220020204782 ], [ -667403.344549103407189, 4873662.264358868822455 ], [ -667253.783738525817171, 4873749.653262007050216 ], [ -667142.204066039063036, 4873822.627645994536579 ], [ -667122.150025129318237, 4873825.138736348599195 ], [ -667014.169070507166907, 4873907.762158681638539 ], [ -666617.862029006937519, 4874181.327420236542821 ] ] ] } },
{ "type": "Feature", "properties": { "OBJECTID": 234, "Block_Groups_TOTPOP10": 1948, "Block_Groups_PopOver65": 177, "Block_Groups_Over65Density": 90862.422997946618, "Shape_Length": 4874.7983493020847, "Shape_Area": 966947.52434980148 }, "geometry": { "type": "Polygon", "coordinates": [ [ [ -663817.251313734101132, 4876002.850987933576107 ], [ -663845.448342990595847, 4876040.073050451464951 ], [ -663709.241035525687039, 4876155.325521972030401 ], [ -663691.748098637443036, 4876177.82100470084697 ], [ -663675.696191163500771, 4876239.635211716406047 ], [ -663720.110439751762897, 4876244.371364963240921 ], [ -663758.824630573159084, 4876225.575265439227223 ], [ -663799.037269004387781, 4876219.812569823116064 ], [ -663845.616292160237208, 4876229.43467722274363 ], [ -663865.439350967062637, 4876241.154697948135436 ], [ -663879.600741288159043, 4876259.400901839137077 ], [ -663903.522229683585465, 4876243.285731885582209 ], [ -663927.859600532567129, 4876237.761471576988697 ], [ -664372.106354532763362, 4876306.208124165423214 ], [ -664400.931024057790637, 4876305.224578695371747 ], [ -664432.267947223503143, 4876294.160644074901938 ], [ -664476.837574416771531, 4876259.107794179581106 ], [ -664598.127941839396954, 4876341.87412918265909 ], [ -664722.656464693835005, 4876362.846510105766356 ], [ -664711.939654433634132, 4876428.597816478461027 ], [ -664719.831621396355331, 4876452.51477522123605 ], [ -664735.262884059222415, 4876463.471766773611307 ], [ -664971.271817571017891, 4876502.397149851545691 ], [ -665103.051760517060757, 4875665.045723362825811 ], [ -665166.06390837719664, 4875299.558505996130407 ], [ -665170.578805981669575, 4875247.742447232827544 ], [ -665164.276216486468911, 4875223.346919639036059 ], [ -665195.427098555723205, 4875187.449654476717114 ], [ -665225.620872165076435, 4875113.810164486989379 ], [ -665229.119198422180489, 4875085.111978384666145 ], [ -665216.610899972729385, 4875057.378571795299649 ], [ -663970.102270268835127, 4875882.983387181535363 ], [ -663817.251313734101132, 4876002.850987933576107 ] ] ] } },
{ "type": "Feature", "properties": { "OBJECTID": 235, "Block_Groups_TOTPOP10": 1010, "Block_Groups_PopOver65": 130, "Block_Groups_Over65Density": 128712.87128712871, "Shape_Length": 3958.7818323184392, "Shape_Area": 611238.79002993065 }, "geometry": { "type": "Polygon", "coordinates": [ [ [ -675110.782458553556353, 4866702.02031035348773 ], [ -675157.277869283221662, 4866716.954112771898508 ], [ -675664.116956874262542, 4866829.994677413254976 ], [ -675692.112566297175363, 4866756.603366540744901 ], [ -675716.272896960144863, 4866627.572459315881133 ], [ -675851.63624852267094, 4866652.840137360617518 ], [ -675875.506686875363812, 4866529.778993335552514 ], [ -675888.644374426919967, 4866493.683574175462127 ], [ -675914.8860874902457, 4866456.123234262689948 ], [ -675975.966579323867336, 4866392.300213040784001 ], [ -676003.459243060322478, 4866412.186648792587221 ], [ -676029.686598377069458, 4866422.062061437405646 ], [ -676369.556248062523082, 4866487.764265054836869 ], [ -676523.327141315676272, 4866296.393753954209387 ], [ -676549.041831241222098, 4866248.950342398136854 ], [ -676554.265524702146649, 4866223.511333109810948 ], [ -676555.163442548830062, 4866158.153823845088482 ], [ -676546.182210822356865, 4866118.923834199085832 ], [ -676465.255725321592763, 4865912.681287385523319 ], [ -676433.72819281113334, 4865877.022295312024653 ], [ -676410.339447148609906, 4865863.878658698871732 ], [ -676379.454106602352113, 4865854.69015793222934 ], [ -676337.718217558227479, 4865855.645939228124917 ], [ -676073.27409607055597, 4865962.842862669378519 ], [ -676043.013706956757233, 4865967.320404693484306 ], [ -676026.755984663031995, 4865965.219513985328376 ], [ -676002.285720520885661, 4865949.628449868410826 ], [ -675945.332900984445587, 4865895.202228533104062 ], [ -675328.176837427075952, 4866535.367533563636243 ], [ -675257.703245130367577, 4866596.789622914977372 ], [ -675110.782458553556353, 4866702.02031035348773 ] ] ] } },
{ "type": "Feature", "properties": { "OBJECTID": 236, "Block_Groups_TOTPOP10": 1394, "Block_Groups_PopOver65": 89, "Block_Groups_Over65Density": 63845.050215208037, "Shape_Length": 13381.202293009219, "Shape_Area": 6890691.292081804 }, "geometry": { "type": "Polygon", "coordinates": [ [ [ -674731.305643891682848, 4869415.394137121737003 ], [ -674752.995529926614836, 4869425.222652342170477 ], [ -674777.432613312266767, 4869428.007245580665767 ], [ -674799.780351734254509, 4869416.877782615832984 ], [ -674835.059247983852401, 4869379.418614353053272 ], [ -674854.858514384366572, 4869335.478478250093758 ], [ -674856.029156993841752, 4869311.599578273482621 ], [ -674835.782691648229957, 4869259.123648730106652 ], [ -674848.549325016560033, 4869238.032706633210182 ], [ -674957.986923215910792, 4869225.633732812479138 ], [ -674963.1890329180751, 4869217.515215259976685 ], [ -675017.613788058515638, 4869187.179442281834781 ], [ -675024.794332750374451, 4869176.397550215013325 ], [ -675121.683702726615593, 4869127.926784276030958 ], [ -675142.27464632387273, 4869122.510061867535114 ], [ -675182.61466262745671, 4869125.077246033586562 ], [ -675215.039956339402124, 4869108.190521555021405 ], [ -675335.327490918571129, 4869085.657441913150251 ], [ -675355.625955966534093, 4869086.211356548592448 ], [ -675409.963219688506797, 4869112.313068922609091 ], [ -675424.142892488278449, 4869113.298012088052928 ], [ -675434.914974215440452, 4869112.179080934263766 ], [ -675456.825641972012818, 4869094.951718095690012 ], [ -675494.290168126579374, 4869105.295136917382479 ], [ -675581.768597688293085, 4869101.842412354424596 ], [ -675611.28029644722119, 4869187.565071221441031 ], [ -675666.475330559769645, 4869273.28281859587878 ], [ -675710.865419868612662, 4869244.198890288360417 ], [ -675788.396951921982691, 4869215.668299715034664 ], [ -675929.028114843415096, 4869128.974518595263362 ], [ -675979.098283980973065, 4869123.470215743407607 ], [ -676005.442380769643933, 4869132.615521584637463 ], [ -676039.753529675770551, 4869169.506083578802645 ], [ -676445.131696657510474, 4868913.302021149545908 ], [ -676469.340069062076509, 4868870.132078264839947 ], [ -676495.295484964968637, 4868778.337808855809271 ], [ -676539.42398809781298, 4868707.803422959521413 ], [ -676551.100018615601584, 4868671.462857438251376 ], [ -676588.92350951069966, 4868623.908911075443029 ], [ -676706.073267359985039, 4868524.802725804969668 ], [ -676714.731823361245915, 4868454.052956291474402 ], [ -676724.557839546585456, 4868419.644103822298348 ], [ -676787.808386327000335, 4868300.51977530028671 ], [ -676363.377876930870116, 4868204.84850874915719 ], [ -676429.841624550055712, 4867633.053609347902238 ], [ -676431.243413419928402, 4867461.637202051468194 ], [ -676388.547595634358004, 4867416.49075579829514 ], [ -676422.029700528364629, 4867376.444564138539135 ], [ -676870.798686710419133, 4867450.026864886283875 ], [ -676927.581354182446375, 4867522.500499316491187 ], [ -676963.039087290177122, 4867540.026613153517246 ], [ -677033.022400857647881, 4867554.586221695877612 ], [ -677122.266995289828628, 4867562.744242771528661 ], [ -677284.534120310563594, 4867602.565000950358808 ], [ -677289.526039123302326, 4867561.277198115363717 ], [ -677283.501420343760401, 4867535.370460441336036 ], [ -677197.482169864233583, 4867521.75397037062794 ], [ -677269.05349798547104, 4867123.210590590722859 ], [ -677360.905121690127999, 4867142.369284733198583 ], [ -677373.414364715106785, 4867079.809928770177066 ], [ -676534.713167063659057, 4867001.696832977235317 ], [ -676541.113180883461609, 4866892.134195444174111 ], [ -676516.062282726168633, 4866828.248269965872169 ], [ -676356.34359305491671, 4866653.362616897560656 ], [ -676333.17758581135422, 4866613.150533453561366 ], [ -676328.650365954497829, 4866582.988681592047215 ], [ -676332.315476578660309, 4866553.512485278770328 ], [ -676342.065343178110197, 4866528.116652068682015 ], [ -676369.556248062523082, 4866487.764265054836869 ], [ -676029.686598377069458, 4866422.062061437405646 ], [ -676003.459243060322478, 4866412.186648792587221 ], [ -675975.966579323867336, 4866392.300213040784001 ], [ -675914.8860874902457, 4866456.123234262689948 ], [ -675888.644374426919967, 4866493.683574175462127 ], [ -675875.506686875363812, 4866529.778993335552514 ], [ -675851.63624852267094, 4866652.840137360617518 ], [ -675716.272896960144863, 4866627.572459315881133 ], [ -675692.112566297175363, 4866756.603366540744901 ], [ -675664.116956874262542, 4866829.994677413254976 ], [ -675157.277869283221662, 4866716.954112771898508 ], [ -675110.782458553556353, 4866702.02031035348773 ], [ -675055.546696458943188, 4866693.835504878312349 ], [ -674367.487752584274858, 4866537.02266107685864 ], [ -674129.114984137006104, 4866840.795502542518079 ], [ -674073.468993299407884, 4866916.863516099750996 ], [ -674063.984547862550244, 4866940.797100054100156 ], [ -673960.85428518964909, 4867520.436554152518511 ], [ -673941.255129756871611, 4867602.062164784409106 ], [ -673920.402031682431698, 4867656.368038602173328 ], [ -673869.892497088760138, 4867733.325174116529524 ], [ -673533.587634807918221, 4868147.821037239395082 ], [ -673545.499147205846384, 4868157.43587760720402 ], [ -673562.899052941706032, 4868200.377813474275172 ], [ -673552.55224903812632, 4868569.622730276547372 ], [ -673569.733824750874192, 4868687.034969544038177 ], [ -673603.305173386121169, 4868788.504151665605605 ], [ -673632.483685647370294, 4868841.787924933247268 ], [ -673714.985385657986626, 4868957.105036968365312 ], [ -673758.817588614067063, 4869012.958627452142537 ], [ -673809.443149911006913, 4869060.220160532742739 ], [ -673897.204078637529165, 4869128.295137540437281 ], [ -673962.298450290458277, 4869170.569851773791015 ], [ -674019.325744511326775, 4869181.326079398393631 ], [ -674078.438323480077088, 4869175.891273340210319 ], [ -674144.181746816029772, 4869167.104632154107094 ], [ -674211.626840883400291, 4869144.317171779461205 ], [ -674231.155424118507653, 4869149.248773504048586 ], [ -674283.243337932042778, 4869196.771428506821394 ], [ -674333.696246855193749, 4869219.171368454582989 ], [ -674410.288192881271243, 4869230.353597573935986 ], [ -674494.828380509512499, 4869226.373901488259435 ], [ -674522.801709371618927, 4869230.530503193847835 ], [ -674674.011013044742867, 4869285.66950308624655 ], [ -674695.445094235939905, 4869296.957993442192674 ], [ -674743.00499439239502, 4869344.443159118294716 ], [ -674746.415074321208522, 4869376.652155678719282 ], [ -674741.709129425697029, 4869399.157439621165395 ], [ -674733.228180159814656, 4869404.442272428423166 ], [ -674731.305643891682848, 4869415.394137121737003 ] ] ] } },
{ "type": "Feature", "properties": { "OBJECTID": 237, "Block_Groups_TOTPOP10": 794, "Block_Groups_PopOver65": 116, "Block_Groups_Over65Density": 146095.71788413098, "Shape_Length": 5951.7361306725916, "Shape_Area": 1407655.9120296494 }, "geometry": { "type": "Polygon", "coordinates": [ [ [ -676369.556248062523082, 4866487.764265054836869 ], [ -676342.065343178110197, 4866528.116652068682015 ], [ -676332.315476578660309, 4866553.512485278770328 ], [ -676328.650365954497829, 4866582.988681592047215 ], [ -676333.17758581135422, 4866613.150533453561366 ], [ -676356.34359305491671, 4866653.362616897560656 ], [ -676516.062282726168633, 4866828.248269965872169 ], [ -676541.113180883461609, 4866892.134195444174111 ], [ -676534.713167063659057, 4867001.696832977235317 ], [ -677373.414364715106785, 4867079.809928770177066 ], [ -677388.363357283640653, 4867003.371610844507813 ], [ -677398.68489305395633, 4866983.348580391146243 ], [ -677575.993448645342141, 4866731.377682474441826 ], [ -677774.108868640614673, 4866421.300324024632573 ], [ -677843.545393103267998, 4866297.196664304472506 ], [ -677923.676829440984875, 4866138.067274691537023 ], [ -677944.709537442773581, 4866095.824046107009053 ], [ -677382.475229082163423, 4866086.613424517214298 ], [ -677303.12686222535558, 4866077.940712966024876 ], [ -677224.23781296168454, 4866058.053090182133019 ], [ -677168.847366655943915, 4866037.776792956516147 ], [ -677085.523950644768775, 4865991.506542090326548 ], [ -676674.557468349346891, 4865680.584240752272308 ], [ -676596.323906351812184, 4865639.733749347738922 ], [ -676499.228580014314502, 4865615.906280932947993 ], [ -676439.032630479196087, 4865614.37402733322233 ], [ -676347.163465995108709, 4865625.355584461241961 ], [ -676300.697887711692601, 4865636.025163423269987 ], [ -676230.368448443012312, 4865662.085699142888188 ], [ -676148.640370848355815, 4865705.725433920510113 ], [ -676096.697981639765203, 4865743.297802040353417 ], [ -675945.332900984445587, 4865895.202228533104062 ], [ -676002.285720520885661, 4865949.628449868410826 ], [ -676026.755984663031995, 4865965.219513985328376 ], [ -676043.013706956757233, 4865967.320404693484306 ], [ -676073.27409607055597, 4865962.842862669378519 ], [ -676337.718217558227479, 4865855.645939228124917 ], [ -676379.454106602352113, 4865854.69015793222934 ], [ -676410.339447148609906, 4865863.878658698871732 ], [ -676433.72819281113334, 4865877.022295312024653 ], [ -676465.255725321592763, 4865912.681287385523319 ], [ -676546.182210822356865, 4866118.923834199085832 ], [ -676555.163442548830062, 4866158.153823845088482 ], [ -676554.265524702146649, 4866223.511333109810948 ], [ -676549.041831241222098, 4866248.950342398136854 ], [ -676523.327141315676272, 4866296.393753954209387 ], [ -676369.556248062523082, 4866487.764265054836869 ] ] ] } },
{ "type": "Feature", "properties": { "OBJECTID": 238, "Block_Groups_TOTPOP10": 1005, "Block_Groups_PopOver65": 143, "Block_Groups_Over65Density": 142288.55721393035, "Shape_Length": 3415.7593472013104, "Shape_Area": 693014.0752536403 }, "geometry": { "type": "Polygon", "coordinates": [ [ [ -661373.956497099017724, 4852106.586225789040327 ], [ -661382.84105060226284, 4852164.636443029157817 ], [ -661432.376460809959099, 4852320.129739162512124 ], [ -661524.871080908225849, 4852761.085362691432238 ], [ -661683.795089226216078, 4852729.760601373389363 ], [ -661765.376995653379709, 4852730.28913452103734 ], [ -661889.146946553373709, 4852744.888361684978008 ], [ -662013.032494167564437, 4852715.051674263551831 ], [ -661999.399756866274402, 4852675.773212905973196 ], [ -661996.631402793806046, 4852643.646553486585617 ], [ -662082.194019530666992, 4852082.703565050847828 ], [ -662105.320782808819786, 4851926.934407697990537 ], [ -662148.72069406369701, 4851645.037933082319796 ], [ -661740.064911592984572, 4851585.012836250476539 ], [ -661517.905232953373343, 4851544.395229380577803 ], [ -661378.969507732661441, 4852038.124575216323137 ], [ -661373.956497099017724, 4852106.586225789040327 ] ] ] } },
{ "type": "Feature", "properties": { "OBJECTID": 239, "Block_Groups_TOTPOP10": 1641, "Block_Groups_PopOver65": 18, "Block_Groups_Over65Density": 10968.92138939671, "Shape_Length": 1837.0792083022029, "Shape_Area": 180792.46968083459 }, "geometry": { "type": "Polygon", "coordinates": [ [ [ -671224.951372943585739, 4871018.824708454310894 ], [ -671342.92096672183834, 4871194.448602662421763 ], [ -671510.427398772910237, 4871444.947755744680762 ], [ -671598.424824860645458, 4871399.432406632229686 ], [ -671764.228477795608342, 4871362.283749016933143 ], [ -671806.909482666989788, 4871359.98287320882082 ], [ -671650.408205747837201, 4871141.488455275073647 ], [ -671680.759216232923791, 4870994.092900234274566 ], [ -671548.499322512187064, 4870800.907466961070895 ], [ -671322.005420187255368, 4870956.081034247763455 ], [ -671224.951372943585739, 4871018.824708454310894 ] ] ] } },
{ "type": "Feature", "properties": { "OBJECTID": 240, "Block_Groups_TOTPOP10": 1709, "Block_Groups_PopOver65": 211, "Block_Groups_Over65Density": 123464.01404330018, "Shape_Length": 5412.607994815643, "Shape_Area": 1073170.7780215768 }, "geometry": { "type": "Polygon", "coordinates": [ [ [ -671598.165911396732554, 4868481.634453494101763 ], [ -671695.694631156045943, 4868619.110255500301719 ], [ -671733.798034992767498, 4868690.497219259850681 ], [ -671744.644104957813397, 4868727.7642274890095 ], [ -671792.025358333950862, 4868784.972602799534798 ], [ -671828.398537185043097, 4868810.153573846444488 ], [ -671863.093767780112103, 4868814.723248621448874 ], [ -671917.292821276932955, 4868811.4202971002087 ], [ -671976.518413160694763, 4868822.543185978196561 ], [ -672011.587784500792623, 4868842.229495725594461 ], [ -672039.924534672871232, 4868878.797342191450298 ], [ -672117.668951477622613, 4869042.914712551049888 ], [ -672126.427264219848439, 4869048.963701802305877 ], [ -672169.13314092089422, 4869029.353000149130821 ], [ -672114.154036501888186, 4868894.806713573634624 ], [ -672135.517114492598921, 4868867.694656007923186 ], [ -672145.07742824871093, 4868864.853771928697824 ], [ -672209.048612055834383, 4868879.067661352455616 ], [ -672285.068712907843292, 4868884.857058684341609 ], [ -672380.002258169231936, 4868912.02111850399524 ], [ -672383.247733149211854, 4868919.362436171621084 ], [ -672360.362100166734308, 4868985.338825160637498 ], [ -672368.864702045917511, 4868992.848437778651714 ], [ -672380.239630296127871, 4868992.583373567089438 ], [ -672417.522065834607929, 4868883.224337724968791 ], [ -672442.025661776540801, 4868829.5709965871647 ], [ -672464.309890325181186, 4868810.145650221966207 ], [ -672512.950190127827227, 4868782.543868747539818 ], [ -672527.768264616373926, 4868779.871897303499281 ], [ -672646.919969064183533, 4868806.766843682155013 ], [ -672743.204085618490353, 4868817.616187321022153 ], [ -672882.582522960845381, 4868854.080165823921561 ], [ -672951.230391114018857, 4868880.409209896810353 ], [ -672978.342978584580123, 4868885.160700239241123 ], [ -673105.892872434575111, 4868885.690979341976345 ], [ -673145.427651854930446, 4868897.135898748412728 ], [ -673184.146760091884062, 4868934.77855524327606 ], [ -673258.72571408865042, 4869125.458869502879679 ], [ -673269.694788747001439, 4869114.588222622871399 ], [ -673358.198762825923041, 4869087.960520380176604 ], [ -673072.847983973566443, 4868337.271487264893949 ], [ -673047.943213403457776, 4868220.76452957559377 ], [ -673040.695696288254112, 4868145.735450023785233 ], [ -673048.405810232041404, 4867955.158656360581517 ], [ -672904.703420297242701, 4867921.702331155538559 ], [ -672783.954486296745017, 4867925.387038205750287 ], [ -672677.583907447988167, 4867920.302349436096847 ], [ -672653.457932827295735, 4867924.355625630356371 ], [ -672599.367348299594596, 4867944.234752750955522 ], [ -672228.956463191192597, 4868161.598703602328897 ], [ -672091.068526013987139, 4868233.034035631455481 ], [ -671989.834041276713833, 4868293.577711405232549 ], [ -671952.357761443825439, 4868300.56280349008739 ], [ -671884.137617412256077, 4868297.650478111580014 ], [ -671842.869721228023991, 4868304.724807122722268 ], [ -671698.532227043062449, 4868421.690924432128668 ], [ -671685.554973531514406, 4868439.737988254055381 ], [ -671677.340786909917369, 4868426.259523599408567 ], [ -671598.165911396732554, 4868481.634453494101763 ] ] ] } },
{ "type": "Feature", "properties": { "OBJECTID": 241, "Block_Groups_TOTPOP10": 692, "Block_Groups_PopOver65": 55, "Block_Groups_Over65Density": 79479.76878612717, "Shape_Length": 2902.4215007176031, "Shape_Area": 406703.44819573703 }, "geometry": { "type": "Polygon", "coordinates": [ [ [ -673048.405810232041404, 4867955.158656360581517 ], [ -673040.695696288254112, 4868145.735450023785233 ], [ -673047.943213403457776, 4868220.76452957559377 ], [ -673072.847983973566443, 4868337.271487264893949 ], [ -673358.198762825923041, 4869087.960520380176604 ], [ -673484.79907115874812, 4869037.909549749456346 ], [ -673714.985385657986626, 4868957.105036968365312 ], [ -673632.483685647370294, 4868841.787924933247268 ], [ -673603.305173386121169, 4868788.504151665605605 ], [ -673569.733824750874192, 4868687.034969544038177 ], [ -673552.55224903812632, 4868569.622730276547372 ], [ -673562.899052941706032, 4868200.377813474275172 ], [ -673545.499147205846384, 4868157.43587760720402 ], [ -673533.587634807918221, 4868147.821037239395082 ], [ -673487.243900913745165, 4868114.859039139002562 ], [ -673431.302337091648951, 4868089.247337345965207 ], [ -673048.405810232041404, 4867955.158656360581517 ] ] ] } },
{ "type": "Feature", "properties": { "OBJECTID": 242, "Block_Groups_TOTPOP10": 1648, "Block_Groups_PopOver65": 90, "Block_Groups_Over65Density": 54611.65048543689, "Shape_Length": 3829.1012277160848, "Shape_Area": 907898.35286527174 }, "geometry": { "type": "Polygon", "coordinates": [ [ [ -673048.405810232041404, 4867955.158656360581517 ], [ -673431.302337091648951, 4868089.247337345965207 ], [ -673487.243900913745165, 4868114.859039139002562 ], [ -673533.587634807918221, 4868147.821037239395082 ], [ -673869.892497088760138, 4867733.325174116529524 ], [ -673920.402031682431698, 4867656.368038602173328 ], [ -673941.255129756871611, 4867602.062164784409106 ], [ -673960.85428518964909, 4867520.436554152518511 ], [ -674063.984547862550244, 4866940.797100054100156 ], [ -673535.809874603291973, 4866837.687208575196564 ], [ -673255.962303082691506, 4866783.387946419417858 ], [ -673223.090501283993945, 4866953.781257807277143 ], [ -673191.511196274776012, 4867146.979311641305685 ], [ -673121.930748253362253, 4867557.072444350458682 ], [ -673048.405810232041404, 4867955.158656360581517 ] ] ] } },
{ "type": "Feature", "properties": { "OBJECTID": 243, "Block_Groups_TOTPOP10": 2147, "Block_Groups_PopOver65": 68, "Block_Groups_Over65Density": 31672.100605496042, "Shape_Length": 7789.9159099621929, "Shape_Area": 2620365.1895554764 }, "geometry": { "type": "Polygon", "coordinates": [ [ [ -671204.789443457964808, 4867427.688981493934989 ], [ -671085.524261001497507, 4867660.452873814851046 ], [ -671067.332617026288062, 4867738.549331394024193 ], [ -670954.302293709246442, 4867840.694951571524143 ], [ -670930.334266815101728, 4867856.82189217209816 ], [ -670867.075982405338436, 4867877.365402130410075 ], [ -670854.034141634358093, 4867904.43378449510783 ], [ -670858.519542369060218, 4867926.289472313597798 ], [ -670869.028674351749942, 4867943.930784264579415 ], [ -670889.575418884633109, 4867960.317529053427279 ], [ -670941.089402090990916, 4867989.646128471940756 ], [ -670972.822943506762385, 4867998.206815526820719 ], [ -671032.155018785269931, 4867995.791762284003198 ], [ -671074.054098783992231, 4868002.368391390889883 ], [ -671144.392401196062565, 4868049.290037464350462 ], [ -671210.137846724828705, 4868105.192193881608546 ], [ -671394.335175116779283, 4868347.380053327418864 ], [ -671451.801263665081933, 4868381.517516572959721 ], [ -671494.337374402675778, 4868384.446459551341832 ], [ -671562.812611596658826, 4868450.613142509013414 ], [ -671588.741642463253811, 4868466.439342143014073 ], [ -671598.165911396732554, 4868481.634453494101763 ], [ -671677.340786909917369, 4868426.259523599408567 ], [ -671685.554973531514406, 4868439.737988254055381 ], [ -671698.532227043062449, 4868421.690924432128668 ], [ -671842.869721228023991, 4868304.724807122722268 ], [ -671884.137617412256077, 4868297.650478111580014 ], [ -671952.357761443825439, 4868300.56280349008739 ], [ -671989.834041276713833, 4868293.577711405232549 ], [ -672091.068526013987139, 4868233.034035631455481 ], [ -672228.956463191192597, 4868161.598703602328897 ], [ -672599.367348299594596, 4867944.234752750955522 ], [ -672653.457932827295735, 4867924.355625630356371 ], [ -672729.610096890479326, 4867515.445882589556277 ], [ -672756.728104281472042, 4867520.195472887717187 ], [ -672784.601980574894696, 4867378.300692594610155 ], [ -672779.505961092887446, 4867372.891965949907899 ], [ -672786.354043340776116, 4867325.165087152272463 ], [ -672811.580541774164885, 4867241.515079433098435 ], [ -672837.282551417592913, 4867271.609175038523972 ], [ -672832.200569904176518, 4867296.311630368232727 ], [ -672882.518004535697401, 4867306.630193153396249 ], [ -672898.39374251733534, 4867246.181929697282612 ], [ -672990.873742587864399, 4867261.627971176989377 ], [ -673017.693606073968112, 4867130.079970156773925 ], [ -673026.243895099498332, 4867115.77001791447401 ], [ -673191.511196274776012, 4867146.979311641305685 ], [ -673223.090501283993945, 4866953.781257807277143 ], [ -673255.962303082691506, 4866783.387946419417858 ], [ -673292.600718209519982, 4866552.671626845374703 ], [ -673292.051416884874925, 4866512.675782094709575 ], [ -672329.761480702785775, 4866675.401583412662148 ], [ -671927.719512673327699, 4866766.877717227675021 ], [ -671203.588604301679879, 4866946.545059230178595 ], [ -671101.636213877471164, 4866955.058442063629627 ], [ -670856.060897967312485, 4866933.944824619218707 ], [ -671228.099970250623301, 4867385.104286364279687 ], [ -671204.789443457964808, 4867427.688981493934989 ] ] ] } },
{ "type": "Feature", "properties": { "OBJECTID": 244, "Block_Groups_TOTPOP10": 2421, "Block_Groups_PopOver65": 164, "Block_Groups_Over65Density": 67740.603056588181, "Shape_Length": 10674.702369538751, "Shape_Area": 4657474.0125631923 }, "geometry": { "type": "Polygon", "coordinates": [ [ [ -663145.601428152993321, 4874919.577619323506951 ], [ -663221.013929815962911, 4875746.435100837610662 ], [ -663269.109100982313976, 4876020.025904571637511 ], [ -663355.643137236125767, 4876349.891206979751587 ], [ -663690.167791426647455, 4876087.388382037170231 ], [ -663775.866815536282957, 4876036.960585871711373 ], [ -663817.251313734101132, 4876002.850987933576107 ], [ -663970.102270268835127, 4875882.983387181535363 ], [ -665216.610899972729385, 4875057.378571795299649 ], [ -665477.008343667723238, 4874883.366297815926373 ], [ -665774.783027281053364, 4874694.079462134279311 ], [ -665337.798034832580015, 4874038.359754404053092 ], [ -665301.258458513999358, 4874022.967229724861681 ], [ -665214.049377360148355, 4874003.999316236935556 ], [ -665012.578993276227266, 4873974.127334551885724 ], [ -665636.150759672746062, 4873664.221479720436037 ], [ -665613.545125719625503, 4873594.882759124971926 ], [ -665595.040093451039866, 4873480.406403394415975 ], [ -665597.641979454085231, 4873404.939721048809588 ], [ -665624.362670869799331, 4873251.743408700451255 ], [ -664693.560198288178071, 4873073.676447981037199 ], [ -664471.55532533256337, 4873005.67594503518194 ], [ -664331.131241783499718, 4872941.372436271049082 ], [ -664328.945721826516092, 4872975.568153551779687 ], [ -664318.294945772038773, 4873015.053812083788216 ], [ -663971.838051034370437, 4872959.96678002551198 ], [ -663910.138390282867476, 4873270.915765872225165 ], [ -663909.920624640770257, 4873285.158350866287947 ], [ -663926.547239682637155, 4873319.62154199834913 ], [ -663902.17660763557069, 4873346.944071521982551 ], [ -663887.069141661981121, 4873377.383028896525502 ], [ -663770.907917195465416, 4873940.363360614515841 ], [ -663774.549495527753606, 4873980.077173367142677 ], [ -663787.132469680858776, 4874016.087694067507982 ], [ -663853.113477192120627, 4874139.558242230676115 ], [ -663867.485397425014526, 4874199.928624944761395 ], [ -663865.336010397644714, 4874246.89928085077554 ], [ -663839.510802604490891, 4874399.463300895877182 ], [ -663844.741865556221455, 4874438.700610857456923 ], [ -663880.796615006867796, 4874543.426530002616346 ], [ -663145.601428152993321, 4874919.577619323506951 ] ] ] } },
{ "type": "Feature", "properties": { "OBJECTID": 245, "Block_Groups_TOTPOP10": 1988, "Block_Groups_PopOver65": 135, "Block_Groups_Over65Density": 67907.444668008044, "Shape_Length": 6752.3553839361748, "Shape_Area": 1216961.1480303383 }, "geometry": { "type": "Polygon", "coordinates": [ [ [ -663355.643137236125767, 4876349.891206979751587 ], [ -663754.101698423735797, 4877709.935503453016281 ], [ -663811.518828941741958, 4877985.854579444043338 ], [ -663856.276809766190127, 4878342.930871352553368 ], [ -663926.528006887994707, 4878264.301761304028332 ], [ -663954.989429092500359, 4878209.177417065948248 ], [ -663964.369418826652691, 4878177.013182297348976 ], [ -663966.016230162465945, 4878098.432175103574991 ], [ -663948.866438850294799, 4878036.85218574013561 ], [ -663894.495867094723508, 4877920.70644062384963 ], [ -663877.976164212450385, 4877820.926912543363869 ], [ -663981.921426241286099, 4877268.155716140754521 ], [ -664000.333083867793903, 4877218.781398803927004 ], [ -664028.733881829539314, 4877172.651339017786086 ], [ -664068.652197945397347, 4877138.295449916273355 ], [ -664471.777279683854431, 4876863.032351615838706 ], [ -664890.531503174686804, 4876679.89892225060612 ], [ -664912.737600141437724, 4876664.990704805590212 ], [ -664932.302994966739789, 4876643.611056167632341 ], [ -664948.654734210576862, 4876610.400454961694777 ], [ -664971.271817571017891, 4876502.397149851545691 ], [ -664735.262884059222415, 4876463.471766773611307 ], [ -664719.831621396355331, 4876452.51477522123605 ], [ -664711.939654433634132, 4876428.597816478461027 ], [ -664722.656464693835005, 4876362.846510105766356 ], [ -664598.127941839396954, 4876341.87412918265909 ], [ -664476.837574416771531, 4876259.107794179581106 ], [ -664432.267947223503143, 4876294.160644074901938 ], [ -664400.931024057790637, 4876305.224578695371747 ], [ -664372.106354532763362, 4876306.208124165423214 ], [ -663927.859600532567129, 4876237.761471576988697 ], [ -663903.522229683585465, 4876243.285731885582209 ], [ -663879.600741288159043, 4876259.400901839137077 ], [ -663865.439350967062637, 4876241.154697948135436 ], [ -663845.616292160237208, 4876229.43467722274363 ], [ -663799.037269004387781, 4876219.812569823116064 ], [ -663758.824630573159084, 4876225.575265439227223 ], [ -663720.110439751762897, 4876244.371364963240921 ], [ -663675.696191163500771, 4876239.635211716406047 ], [ -663691.748098637443036, 4876177.82100470084697 ], [ -663709.241035525687039, 4876155.325521972030401 ], [ -663845.448342990595847, 4876040.073050451464951 ], [ -663817.251313734101132, 4876002.850987933576107 ], [ -663775.866815536282957, 4876036.960585871711373 ], [ -663690.167791426647455, 4876087.388382037170231 ], [ -663355.643137236125767, 4876349.891206979751587 ] ] ] } },
{ "type": "Feature", "properties": { "OBJECTID": 246, "Block_Groups_TOTPOP10": 1112, "Block_Groups_PopOver65": 357, "Block_Groups_Over65Density": 321043.16546762589, "Shape_Length": 11447.710473004363, "Shape_Area": 6303349.6837905757 }, "geometry": { "type": "Polygon", "coordinates": [ [ [ -660161.584158969344571, 4878963.241243570111692 ], [ -660194.263308129506186, 4879004.964754842221737 ], [ -660218.243043123511598, 4879014.391562639735639 ], [ -660298.090813973220065, 4879027.530040959827602 ], [ -661919.411751764826477, 4879297.756635076366365 ], [ -663529.198349141981453, 4879543.850571618415415 ], [ -664137.242334644310176, 4879648.454551957547665 ], [ -663984.242816216312349, 4879138.853776468895376 ], [ -663943.179106824332848, 4878972.468770890496671 ], [ -663919.765349919907749, 4878847.464759924449027 ], [ -663856.276809766190127, 4878342.930871352553368 ], [ -663811.518828941741958, 4877985.854579444043338 ], [ -663754.101698423735797, 4877709.935503453016281 ], [ -663355.643137236125767, 4876349.891206979751587 ], [ -662353.883207636652514, 4877127.903555386699736 ], [ -662343.326048222603276, 4877136.580919800326228 ], [ -662365.819612179417163, 4877150.262898656539619 ], [ -662132.771417102776468, 4877332.760763951577246 ], [ -662124.239190274849534, 4877312.497526613995433 ], [ -662076.384379020659253, 4877349.23068748600781 ], [ -661889.076483863638714, 4877502.886152100749314 ], [ -660598.500822304049507, 4878604.499762463383377 ], [ -660355.266142589040101, 4878811.473788079805672 ], [ -660161.584158969344571, 4878963.241243570111692 ] ] ] } },
{ "type": "Feature", "properties": { "OBJECTID": 247, "Block_Groups_TOTPOP10": 1605, "Block_Groups_PopOver65": 52, "Block_Groups_Over65Density": 32398.753894080997, "Shape_Length": 15961.339336840625, "Shape_Area": 11722400.820943791 }, "geometry": { "type": "Polygon", "coordinates": [ [ [ -675838.468025238020346, 4855521.18956389836967 ], [ -676756.451393206138164, 4855685.614550480619073 ], [ -678807.354069895343855, 4856049.53674943652004 ], [ -678992.527548949467018, 4855244.068502409383655 ], [ -679134.418338311137632, 4854456.554773663170636 ], [ -679142.077468894887716, 4854261.762288090772927 ], [ -679217.052978696301579, 4854002.573268896900117 ], [ -679286.154792729998007, 4853617.105770614929497 ], [ -678230.323031716048717, 4853429.051860766485333 ], [ -677657.913494889624417, 4853334.089168654754758 ], [ -677748.181408083997667, 4852844.439117464236915 ], [ -677749.822925426764414, 4852757.21150238905102 ], [ -677735.839948017848656, 4852547.288993570953608 ], [ -677713.60240305447951, 4852423.435771412216127 ], [ -677661.280595288844779, 4852207.549433839507401 ], [ -677541.202390012796968, 4851820.599132066592574 ], [ -677536.04735836526379, 4851772.161933733150363 ], [ -677553.126169196562842, 4851652.91570183262229 ], [ -676943.007889906642959, 4851547.69895726442337 ], [ -675982.15208597574383, 4851365.401710717007518 ], [ -675322.454237438272685, 4851249.412225298583508 ], [ -675289.53075827518478, 4851463.958805425092578 ], [ -675297.507649825653061, 4851873.486112862825394 ], [ -675305.962797173531726, 4851959.453816575929523 ], [ -675340.772996566491202, 4852028.901673845946789 ], [ -675303.44477771804668, 4852173.25467392988503 ], [ -675285.607496243435889, 4852505.066213914193213 ], [ -675271.704682731768116, 4852562.983186586759984 ], [ -675137.37166678160429, 4852950.60669329110533 ], [ -675047.305149706546217, 4853167.184216836467385 ], [ -675193.606477590976283, 4853209.337058424949646 ], [ -675592.121975385118276, 4853259.365581936202943 ], [ -675776.71828196849674, 4853294.648514662869275 ], [ -675938.049952452536672, 4853376.405997509136796 ], [ -675946.286255266750231, 4853389.914446576498449 ], [ -675957.133267408004031, 4853431.787325836718082 ], [ -675951.799898069817573, 4853540.223496560007334 ], [ -675972.007852836279199, 4853675.751470966264606 ], [ -675969.17117286962457, 4853761.239371034316719 ], [ -675929.237287788186222, 4853907.365632325410843 ], [ -675891.452183061046526, 4854127.776038724929094 ], [ -675885.643529202090576, 4854217.263701673597097 ], [ -675896.237422165228054, 4854243.25038506090641 ], [ -675912.622869660612196, 4854331.338652988895774 ], [ -675938.816951762652025, 4854402.287278860807419 ], [ -675946.655588251538575, 4854452.679468383081257 ], [ -675919.270011490210891, 4854691.482904481701553 ], [ -675875.824735649628565, 4854831.695158826187253 ], [ -675863.404087061993778, 4854920.017583659850061 ], [ -675869.476646999362856, 4854993.474981553852558 ], [ -675923.242340323980898, 4855097.143276238813996 ], [ -675838.468025238020346, 4855521.18956389836967 ] ] ] } },
{ "type": "Feature", "properties": { "OBJECTID": 248, "Block_Groups_TOTPOP10": 1972, "Block_Groups_PopOver65": 342, "Block_Groups_Over65Density": 173427.99188640973, "Shape_Length": 18766.528019145873, "Shape_Area": 15757405.382480865 }, "geometry": { "type": "Polygon", "coordinates": [ [ [ -661607.004942408762872, 4862727.78171964827925 ], [ -661061.449946579290554, 4865749.474337249062955 ], [ -661018.525211264844984, 4865957.907477684319019 ], [ -660950.198385311057791, 4866099.502565734088421 ], [ -660946.347848425386474, 4866130.425076796673238 ], [ -660957.326597477542236, 4866258.68701434507966 ], [ -660954.834742079256102, 4866307.895355486311018 ], [ -660901.877112389076501, 4866600.309841690585017 ], [ -660874.057225222466514, 4866673.703929217532277 ], [ -660855.283928378485143, 4866747.161361617036164 ], [ -660527.707171425921842, 4868388.34338821657002 ], [ -660273.572994540911168, 4869888.489563044160604 ], [ -660280.182259125867859, 4870211.369625268504024 ], [ -660787.817265529418364, 4870081.447843551635742 ], [ -660954.5541184945032, 4870050.996969610452652 ], [ -661060.69120079651475, 4870039.348694169893861 ], [ -661259.51965773338452, 4870037.026691145263612 ], [ -661375.674818968400359, 4870045.916143474169075 ], [ -661977.189350644359365, 4870136.096255785785615 ], [ -662701.330369542818516, 4870237.120598083361983 ], [ -663368.799142382107675, 4870334.382240147329867 ], [ -663330.737743455683812, 4869642.031361603178084 ], [ -663301.607749357819557, 4869115.108181123621762 ], [ -663244.968438196228817, 4868047.151620922610164 ], [ -663244.270679083885625, 4867964.300599851645529 ], [ -663254.286423842888325, 4867811.108359110541642 ], [ -663268.314362791366875, 4867699.976698042824864 ], [ -663640.864645041292533, 4865933.806245516985655 ], [ -663667.196999735198915, 4865790.925143648870289 ], [ -663672.399465946946293, 4865721.861639292910695 ], [ -663667.876462572952732, 4865643.584500811994076 ], [ -663651.485124764498323, 4865546.693135246634483 ], [ -663623.78846305096522, 4865458.370139596052468 ], [ -663588.803304209839553, 4865381.571049740538001 ], [ -663542.92136250063777, 4865306.640905085019767 ], [ -663463.46141350758262, 4865203.308212359435856 ], [ -662530.368127368856221, 4864031.623429744504392 ], [ -662405.196028136881068, 4863856.413497606292367 ], [ -662204.803741252515465, 4863535.727964945137501 ], [ -662011.315144160529599, 4863223.013188452459872 ], [ -661914.647022114833817, 4863083.600836915895343 ], [ -661784.933203922351822, 4862925.669946526177227 ], [ -661607.004942408762872, 4862727.78171964827925 ] ] ] } },
{ "type": "Feature", "properties": { "OBJECTID": 249, "Block_Groups_TOTPOP10": 2429, "Block_Groups_PopOver65": 495, "Block_Groups_Over65Density": 203787.56689995882, "Shape_Length": 7205.9888527836874, "Shape_Area": 3254961.710871153 }, "geometry": { "type": "Polygon", "coordinates": [ [ [ -661608.401928698876873, 4872219.600603901781142 ], [ -662584.021102792816237, 4872426.041679097339511 ], [ -663138.346275342162699, 4872548.034196049906313 ], [ -663196.575942556839436, 4872256.755619733594358 ], [ -663250.675656023900956, 4871980.530695542693138 ], [ -663356.951588437426835, 4871460.787412584759295 ], [ -663383.631956352619454, 4871285.75811873562634 ], [ -663396.699977395590395, 4871136.923848427832127 ], [ -663398.021639056038111, 4870877.782547640614212 ], [ -663368.799142382107675, 4870334.382240147329867 ], [ -662701.330369542818516, 4870237.120598083361983 ], [ -661977.189350644359365, 4870136.096255785785615 ], [ -661957.751568083651364, 4870195.870803138241172 ], [ -661940.693665753118694, 4870285.378032865002751 ], [ -661779.308928616112098, 4871253.388778228312731 ], [ -661608.401928698876873, 4872219.600603901781142 ] ] ] } },
{ "type": "Feature", "properties": { "OBJECTID": 250, "Block_Groups_TOTPOP10": 1015, "Block_Groups_PopOver65": 107, "Block_Groups_Over65Density": 105418.71921182267, "Shape_Length": 2500.3392502606375, "Shape_Area": 272351.04015694128 }, "geometry": { "type": "Polygon", "coordinates": [ [ [ -673191.511196274776012, 4867146.979311641305685 ], [ -673026.243895099498332, 4867115.77001791447401 ], [ -673017.693606073968112, 4867130.079970156773925 ], [ -672990.873742587864399, 4867261.627971176989377 ], [ -672898.39374251733534, 4867246.181929697282612 ], [ -672882.518004535697401, 4867306.630193153396249 ], [ -672832.200569904176518, 4867296.311630368232727 ], [ -672837.282551417592913, 4867271.609175038523972 ], [ -672811.580541774164885, 4867241.515079433098435 ], [ -672786.354043340776116, 4867325.165087152272463 ], [ -672779.505961092887446, 4867372.891965949907899 ], [ -672784.601980574894696, 4867378.300692594610155 ], [ -672756.728104281472042, 4867520.195472887717187 ], [ -672729.610096890479326, 4867515.445882589556277 ], [ -672653.457932827295735, 4867924.355625630356371 ], [ -672677.583907447988167, 4867920.302349436096847 ], [ -672783.954486296745017, 4867925.387038205750287 ], [ -672904.703420297242701, 4867921.702331155538559 ], [ -673048.405810232041404, 4867955.158656360581517 ], [ -673121.930748253362253, 4867557.072444350458682 ], [ -673191.511196274776012, 4867146.979311641305685 ] ] ] } },
{ "type": "Feature", "properties": { "OBJECTID": 251, "Block_Groups_TOTPOP10": 1131, "Block_Groups_PopOver65": 25, "Block_Groups_Over65Density": 22104.332449160036, "Shape_Length": 2649.0031342728062, "Shape_Area": 371091.40574902215 }, "geometry": { "type": "Polygon", "coordinates": [ [ [ -673255.962303082691506, 4866783.387946419417858 ], [ -673535.809874603291973, 4866837.687208575196564 ], [ -674063.984547862550244, 4866940.797100054100156 ], [ -674073.468993299407884, 4866916.863516099750996 ], [ -674129.114984137006104, 4866840.795502542518079 ], [ -674367.487752584274858, 4866537.02266107685864 ], [ -674028.476758093107492, 4866458.018775136210024 ], [ -673926.545884136809036, 4866444.670900467783213 ], [ -673826.8725287145935, 4866440.001706990413368 ], [ -673678.771240197122097, 4866448.680865636095405 ], [ -673292.051416884874925, 4866512.675782094709575 ], [ -673292.600718209519982, 4866552.671626845374703 ], [ -673255.962303082691506, 4866783.387946419417858 ] ] ] } },
{ "type": "Feature", "properties": { "OBJECTID": 252, "Block_Groups_TOTPOP10": 991, "Block_Groups_PopOver65": 115, "Block_Groups_Over65Density": 116044.39959636731, "Shape_Length": 37082.469650507584, "Shape_Area": 38492915.948620573 }, "geometry": { "type": "Polygon", "coordinates": [ [ [ -677387.255202672677115, 4885035.372834869660437 ], [ -677366.187059860909358, 4885188.654126712121069 ], [ -677159.821992206387222, 4886347.250339814461768 ], [ -676292.988455942831933, 4886189.518851676955819 ], [ -676735.572733108885586, 4886781.453309090808034 ], [ -676809.847396642435342, 4886889.964553165249527 ], [ -676850.664112700382248, 4886961.768734998069704 ], [ -676898.624302739975974, 4887065.627215016633272 ], [ -676941.730754547985271, 4887192.658924041315913 ], [ -676966.819061644608155, 4887302.234231859445572 ], [ -677070.287381053436548, 4886751.263816379010677 ], [ -678595.070739265298471, 4887028.602037553675473 ], [ -679115.62910096347332, 4887102.777087048627436 ], [ -683569.763531667180359, 4887833.32763265632093 ], [ -683983.366147924214602, 4887903.146187482401729 ], [ -684325.590313378954306, 4887971.557875744067132 ], [ -684808.628684746101499, 4888053.788174352608621 ], [ -685905.682464435463771, 4888228.173959881067276 ], [ -686158.996580961626023, 4888279.336584533564746 ], [ -686308.455793200526386, 4888295.461039225570858 ], [ -686341.913891852833331, 4888293.911717369221151 ], [ -686442.648221074603498, 4888312.623851513490081 ], [ -686351.007296934491023, 4888276.746908694505692 ], [ -686300.003164026653394, 4888241.352962124161422 ], [ -686158.268353803083301, 4888084.583018920384347 ], [ -686058.517818094231188, 4887950.327787117101252 ], [ -685897.744822680251673, 4887688.721355450339615 ], [ -685813.319345531053841, 4887569.974245375022292 ], [ -685410.773413432994857, 4887048.123305522836745 ], [ -685292.844314616639167, 4886909.887420686893165 ], [ -685199.507123485440388, 4886824.129130066372454 ], [ -685143.805827340576798, 4886781.145455908030272 ], [ -684687.471546853426844, 4886480.479437111876905 ], [ -684453.098164962604642, 4886386.171922581270337 ], [ -684154.515605518827215, 4886279.702333006076515 ], [ -683781.705531953601167, 4886090.160472344607115 ], [ -683734.034371526213363, 4886048.61886103451252 ], [ -683695.486709297169, 4885998.178323435597122 ], [ -683541.733314434066415, 4885704.809371336363256 ], [ -682720.960825948277488, 4884261.787383396178484 ], [ -682681.762098603416234, 4884176.659107916988432 ], [ -682514.758618469815701, 4883596.053168534301221 ], [ -682370.627517273882404, 4883069.093598238192499 ], [ -682149.853041740134358, 4882433.796152498573065 ], [ -682030.12032557791099, 4882151.694988796487451 ], [ -681989.437585036735982, 4882027.952912179753184 ], [ -681966.094614726258442, 4881904.276654722169042 ], [ -681946.345756507711485, 4881636.88412172626704 ], [ -681931.170510292984545, 4881539.461705550551414 ], [ -681566.946698477724567, 4879953.796898009255528 ], [ -679404.496931424597278, 4879606.480516756884754 ], [ -679296.892638365039602, 4879591.969676760956645 ], [ -679266.077348262537271, 4879595.545146634802222 ], [ -679229.026015269104391, 4879613.055985545739532 ], [ -679198.955456156283617, 4879655.108780828304589 ], [ -679182.193333996459842, 4879724.325407790020108 ], [ -679087.349791283486411, 4880286.472478088922799 ], [ -679071.698186776600778, 4880328.061830385588109 ], [ -679049.973489372758195, 4880352.789660289883614 ], [ -679062.722544504329562, 4880387.370609101839364 ], [ -679063.632676318753511, 4880407.82987076882273 ], [ -678782.859262653626502, 4882017.194920333102345 ], [ -677772.14646113733761, 4881850.575622719712555 ], [ -677695.186821205308661, 4881867.793614573776722 ], [ -677608.262197774136439, 4881920.078104536049068 ], [ -677576.7755520879291, 4881931.801719238050282 ], [ -677388.192201387370005, 4881978.906299892812967 ], [ -677257.915075248107314, 4882046.080799482762814 ], [ -677156.538925358094275, 4882090.553409641608596 ], [ -677063.284969421569258, 4882114.667141203768551 ], [ -676899.344819033518434, 4882124.79783914797008 ], [ -676824.662217438453808, 4882120.630218955688179 ], [ -676293.355133092030883, 4881994.537662486545742 ], [ -676062.933749255724251, 4883214.72593295481056 ], [ -677658.782301033148542, 4883507.859428488649428 ], [ -678880.439395943190902, 4883699.85503851249814 ], [ -678764.445811134297401, 4884325.551047559827566 ], [ -678752.01938866218552, 4884348.899203634820879 ], [ -678734.172687536338344, 4884364.525688330642879 ], [ -678477.603975285077468, 4884493.445708941668272 ], [ -678438.859537035459653, 4884524.90971742104739 ], [ -678414.829755135811865, 4884588.279255314730108 ], [ -678405.465063012903556, 4884649.734588786959648 ], [ -678418.962255022954196, 4884863.243900117464364 ], [ -678415.913067797664553, 4884889.000258288346231 ], [ -678302.546247634571046, 4884860.678319212980568 ], [ -678085.62151215178892, 4884825.309377569705248 ], [ -678011.695173665648326, 4884821.248955686576664 ], [ -677969.551424609264359, 4884825.064376881346107 ], [ -677741.082153470022604, 4884876.315347426570952 ], [ -677676.581607859348878, 4884895.711494383402169 ], [ -677387.255202672677115, 4885035.372834869660437 ] ] ] } },
{ "type": "Feature", "properties": { "OBJECTID": 253, "Block_Groups_TOTPOP10": 701, "Block_Groups_PopOver65": 113, "Block_Groups_Over65Density": 161198.28815977176, "Shape_Length": 5112.5111363485757, "Shape_Area": 685843.50472365669 }, "geometry": { "type": "Polygon", "coordinates": [ [ [ -669280.652749540284276, 4867080.127976738847792 ], [ -669242.069841065444052, 4867413.527622874826193 ], [ -669288.367433506064117, 4867420.86013734061271 ], [ -669276.25097141508013, 4867507.53855665307492 ], [ -669304.226745327468961, 4867511.6717793289572 ], [ -669499.843371927272528, 4867468.32983326446265 ], [ -669527.724382284330204, 4867468.684717997908592 ], [ -669599.766996311023831, 4867484.279075019992888 ], [ -669728.874751738738269, 4867523.388771220110357 ], [ -669801.207889561774209, 4867515.708183594048023 ], [ -669856.113093809923157, 4867499.715305645018816 ], [ -669914.36871890979819, 4867460.227227788418531 ], [ -669972.693956247530878, 4867394.41216161288321 ], [ -669990.004892323631793, 4867351.531674575991929 ], [ -670020.282175733707845, 4867325.215111923404038 ], [ -670058.460968315135688, 4867305.546973674558103 ], [ -670146.064549566013739, 4867283.980045304633677 ], [ -670205.016716131940484, 4867283.746467947028577 ], [ -670232.578591417754069, 4867294.583811237476766 ], [ -670351.998638119082898, 4867354.589187995530665 ], [ -670428.588660910725594, 4867417.646118246018887 ], [ -670455.22779461205937, 4867420.797548979520798 ], [ -670575.184131271438673, 4867374.035814222879708 ], [ -670641.646045344183221, 4867300.612843536771834 ], [ -670715.022285703802481, 4867235.171176758594811 ], [ -670733.893772038398311, 4867213.634632335975766 ], [ -670744.003732099896297, 4867186.050556964240968 ], [ -670757.42334756674245, 4867174.097125701606274 ], [ -670895.038545893505216, 4867138.701859502121806 ], [ -670984.266334552550688, 4867146.77809136454016 ], [ -671038.65240173204802, 4867185.641080903820693 ], [ -671106.157716733636335, 4867253.140985796228051 ], [ -671184.293248165398836, 4867354.863353212364018 ], [ -671205.057545233052224, 4867391.610417660325766 ], [ -671204.789443457964808, 4867427.688981493934989 ], [ -671228.099970250623301, 4867385.104286364279687 ], [ -670856.060897967312485, 4866933.944824619218707 ], [ -670200.769640032900497, 4866858.544642887078226 ], [ -669903.06900694873184, 4866807.284654109738767 ], [ -669865.253620241768658, 4866945.928248500451446 ], [ -669820.692950219847262, 4867019.422016214579344 ], [ -669775.340027244994417, 4867067.189342693425715 ], [ -669712.558079490205273, 4867106.643840515054762 ], [ -669652.233103049686179, 4867127.713726288639009 ], [ -669569.158510709181428, 4867132.017096042633057 ], [ -669280.652749540284276, 4867080.127976738847792 ] ] ] } },
{ "type": "Feature", "properties": { "OBJECTID": 254, "Block_Groups_TOTPOP10": 1298, "Block_Groups_PopOver65": 100, "Block_Groups_Over65Density": 77041.602465331278, "Shape_Length": 2948.103350379909, "Shape_Area": 411692.62046894158 }, "geometry": { "type": "Polygon", "coordinates": [ [ [ -668385.007942678872496, 4867227.047123671509326 ], [ -668401.076656230492517, 4867498.476883354596794 ], [ -668406.589269997319207, 4867514.48763757571578 ], [ -668404.105043079936877, 4867554.685743240639567 ], [ -668479.585532671073452, 4867533.246310750022531 ], [ -668482.931225521955639, 4867544.364390911534429 ], [ -668502.016657734755427, 4867560.486777586862445 ], [ -668525.594570321030915, 4867563.849346971139312 ], [ -668631.153784113237634, 4867525.840059202164412 ], [ -668659.160907456185669, 4867508.155018125660717 ], [ -668703.354813456535339, 4867466.9593222476542 ], [ -668721.516631733858958, 4867458.090079735964537 ], [ -668771.349948375253007, 4867466.788929061964154 ], [ -668793.622045294614509, 4867464.657051892019808 ], [ -668815.671308463672176, 4867459.476568654179573 ], [ -668869.361683229915798, 4867424.45347417704761 ], [ -668908.266742885112762, 4867422.215715378522873 ], [ -668956.572264990070835, 4867405.064691507257521 ], [ -668975.148594803875312, 4867406.802969621494412 ], [ -669276.25097141508013, 4867507.53855665307492 ], [ -669288.367433506064117, 4867420.86013734061271 ], [ -669242.069841065444052, 4867413.527622874826193 ], [ -669280.652749540284276, 4867080.127976738847792 ], [ -668517.772769476752728, 4866937.932765679433942 ], [ -668362.622262427583337, 4866913.871483897790313 ], [ -668374.798257714137435, 4866973.937872235663235 ], [ -668385.007942678872496, 4867227.047123671509326 ] ] ] } },
{ "type": "Feature", "properties": { "OBJECTID": 255, "Block_Groups_TOTPOP10": 1321, "Block_Groups_PopOver65": 38, "Block_Groups_Over65Density": 28766.086298258895, "Shape_Length": 2328.1012093952972, "Shape_Area": 264920.26607580547 }, "geometry": { "type": "Polygon", "coordinates": [ [ [ -670904.712852624710649, 4871640.495759648270905 ], [ -670970.105772967450321, 4871736.942425306886435 ], [ -671060.982910763472319, 4871873.204275269061327 ], [ -671091.695057987468317, 4871853.00960202049464 ], [ -671140.95927190897055, 4871804.473012829199433 ], [ -671215.34385444666259, 4871715.956945632584393 ], [ -671393.61310960049741, 4871534.30952453892678 ], [ -671416.201743085635826, 4871521.71762912441045 ], [ -671510.427398772910237, 4871444.947755744680762 ], [ -671342.92096672183834, 4871194.448602662421763 ], [ -671224.951372943585739, 4871018.824708454310894 ], [ -671117.924804226029664, 4871091.105728510767221 ], [ -670885.08157370146364, 4871248.173220805823803 ], [ -671073.76054693502374, 4871528.686834060586989 ], [ -670904.712852624710649, 4871640.495759648270905 ] ] ] } },
{ "type": "Feature", "properties": { "OBJECTID": 256, "Block_Groups_TOTPOP10": 1189, "Block_Groups_PopOver65": 57, "Block_Groups_Over65Density": 47939.444911690494, "Shape_Length": 3524.4844384615062, "Shape_Area": 383273.85328757047 }, "geometry": { "type": "Polygon", "coordinates": [ [ [ -668668.587684030411765, 4872225.476478014141321 ], [ -668555.474127355730161, 4872768.919065956026316 ], [ -668448.463200028985739, 4872897.587718832306564 ], [ -668403.202605452388525, 4872970.881204625591636 ], [ -668584.938494582660496, 4872833.472205626778305 ], [ -668726.680642973864451, 4872734.937122011557221 ], [ -669242.964358476223424, 4872358.996293280273676 ], [ -669630.521635405253619, 4872093.637395289726555 ], [ -669589.2681491272524, 4872053.330058133229613 ], [ -669505.684403078863397, 4871952.97415831591934 ], [ -669360.718346836511046, 4871806.53666006680578 ], [ -669046.272123860195279, 4872184.724558887071908 ], [ -669021.594962645554915, 4872183.417675268836319 ], [ -668725.585206527030095, 4872218.896571197547019 ], [ -668668.587684030411765, 4872225.476478014141321 ] ] ] } },
{ "type": "Feature", "properties": { "OBJECTID": 257, "Block_Groups_TOTPOP10": 1120, "Block_Groups_PopOver65": 60, "Block_Groups_Over65Density": 53571.428571428572, "Shape_Length": 2333.8801132253348, "Shape_Area": 327948.01934599655 }, "geometry": { "type": "Polygon", "coordinates": [ [ [ -668669.350108997663483, 4871720.256959199905396 ], [ -668650.259147191187367, 4871924.479763920418918 ], [ -668741.358111227862537, 4871934.387266558595002 ], [ -668698.569263973273337, 4872153.262298284098506 ], [ -668701.461034985492006, 4872175.57562378142029 ], [ -668725.585206527030095, 4872218.896571197547019 ], [ -669021.594962645554915, 4872183.417675268836319 ], [ -669046.272123860195279, 4872184.724558887071908 ], [ -669360.718346836511046, 4871806.53666006680578 ], [ -669334.103414638899267, 4871786.088694525882602 ], [ -669231.0265979222022, 4871676.310652759857476 ], [ -669106.282817536732182, 4871487.537679528817534 ], [ -669072.157724369782954, 4871440.958911819383502 ], [ -669057.032304738881066, 4871436.810521140694618 ], [ -668941.511528580682352, 4871506.11350417137146 ], [ -668727.121032196795568, 4871692.00022947229445 ], [ -668669.350108997663483, 4871720.256959199905396 ] ] ] } },
{ "type": "Feature", "properties": { "OBJECTID": 258, "Block_Groups_TOTPOP10": 1391, "Block_Groups_PopOver65": 73, "Block_Groups_Over65Density": 52480.230050323509, "Shape_Length": 3826.9823309152016, "Shape_Area": 659465.04603069555 }, "geometry": { "type": "Polygon", "coordinates": [ [ [ -670074.61014697724022, 4871138.671918896958232 ], [ -670241.769316439516842, 4871391.314975327812135 ], [ -670374.353942730696872, 4871591.275136041454971 ], [ -670598.313456972362474, 4871441.68249689321965 ], [ -670885.08157370146364, 4871248.173220805823803 ], [ -671117.924804226029664, 4871091.105728510767221 ], [ -671224.951372943585739, 4871018.824708454310894 ], [ -671029.858957931166515, 4870727.390321390703321 ], [ -671026.588658696739003, 4870707.258704737760127 ], [ -671000.788108586333692, 4870708.007749925367534 ], [ -670987.399648529244587, 4870603.353873575106263 ], [ -670970.193309754831716, 4870615.38748462498188 ], [ -670957.484590153908357, 4870614.667284443043172 ], [ -670834.929727009031922, 4870654.901202878914773 ], [ -670779.598314286908135, 4870664.775167071260512 ], [ -670719.003609931329265, 4870691.782589214853942 ], [ -670624.697665056912228, 4870747.493761352263391 ], [ -670497.44602835830301, 4870762.836486078798771 ], [ -670404.315531338797882, 4870760.08002636115998 ], [ -670338.953254032880068, 4870771.210058930329978 ], [ -670257.818588841939345, 4870799.138838526792824 ], [ -670181.180900898994878, 4870814.314895083196461 ], [ -670065.546868730569258, 4870862.536532361991704 ], [ -670021.234582159901038, 4870887.129424118436873 ], [ -669982.379153193440288, 4870884.845635186880827 ], [ -669969.510235058143735, 4870889.364350281655788 ], [ -669941.824054157128558, 4870913.856921168975532 ], [ -669895.409568628529087, 4870941.843288591131568 ], [ -669746.552285084268078, 4871020.359752338379622 ], [ -669789.332859832094982, 4871086.511380486190319 ], [ -669958.14100671838969, 4870971.621105178259313 ], [ -670074.61014697724022, 4871138.671918896958232 ] ] ] } },
{ "type": "Feature", "properties": { "OBJECTID": 259, "Block_Groups_TOTPOP10": 1234, "Block_Groups_PopOver65": 35, "Block_Groups_Over65Density": 28363.047001620747, "Shape_Length": 2913.8546053628015, "Shape_Area": 490919.0228925331 }, "geometry": { "type": "Polygon", "coordinates": [ [ [ -669360.718346836511046, 4871806.53666006680578 ], [ -669505.684403078863397, 4871952.97415831591934 ], [ -669589.2681491272524, 4872053.330058133229613 ], [ -669630.521635405253619, 4872093.637395289726555 ], [ -669903.944747948553413, 4871911.339656217955053 ], [ -670374.353942730696872, 4871591.275136041454971 ], [ -670241.769316439516842, 4871391.314975327812135 ], [ -670074.61014697724022, 4871138.671918896958232 ], [ -669293.096344852354378, 4871662.345845504663885 ], [ -669386.712675138376653, 4871778.743658817373216 ], [ -669360.718346836511046, 4871806.53666006680578 ] ] ] } },
{ "type": "Feature", "properties": { "OBJECTID": 260, "Block_Groups_TOTPOP10": 1180, "Block_Groups_PopOver65": 54, "Block_Groups_Over65Density": 45762.711864406781, "Shape_Length": 2869.6385914225266, "Shape_Area": 303776.14273287862 }, "geometry": { "type": "Polygon", "coordinates": [ [ [ -669057.032304738881066, 4871436.810521140694618 ], [ -669072.157724369782954, 4871440.958911819383502 ], [ -669106.282817536732182, 4871487.537679528817534 ], [ -669231.0265979222022, 4871676.310652759857476 ], [ -669334.103414638899267, 4871786.088694525882602 ], [ -669360.718346836511046, 4871806.53666006680578 ], [ -669386.712675138376653, 4871778.743658817373216 ], [ -669293.096344852354378, 4871662.345845504663885 ], [ -670074.61014697724022, 4871138.671918896958232 ], [ -669958.14100671838969, 4870971.621105178259313 ], [ -669789.332859832094982, 4871086.511380486190319 ], [ -669746.552285084268078, 4871020.359752338379622 ], [ -669670.707427151734009, 4871061.250772465020418 ], [ -669628.568322055274621, 4871073.437365174293518 ], [ -669577.800933568738401, 4871078.850036458112299 ], [ -669514.54305919772014, 4871103.891128725372255 ], [ -669360.28025666042231, 4871187.481171187013388 ], [ -669188.400784528115764, 4871307.101152569055557 ], [ -669094.139647946693003, 4871410.205664977431297 ], [ -669057.032304738881066, 4871436.810521140694618 ] ] ] } },
{ "type": "Feature", "properties": { "OBJECTID": 261, "Block_Groups_TOTPOP10": 1790, "Block_Groups_PopOver65": 110, "Block_Groups_Over65Density": 61452.513966480445, "Shape_Length": 3526.492753070564, "Shape_Area": 693004.14745217492 }, "geometry": { "type": "Polygon", "coordinates": [ [ [ -667511.649865945102647, 4872739.904205995611846 ], [ -667548.003315946552902, 4873002.637737247161567 ], [ -667608.724693969590589, 4873138.802786665968597 ], [ -667696.880066790618002, 4873299.307978605851531 ], [ -667713.769309812225401, 4873379.696616933681071 ], [ -667725.774777578888461, 4873358.487951033748686 ], [ -667810.144696138799191, 4873316.091817634180188 ], [ -668139.887343620182946, 4873203.801741288974881 ], [ -668199.586188599700108, 4873177.395075727254152 ], [ -668272.091403308091685, 4873120.896511816419661 ], [ -668369.700344075448811, 4873007.13085916172713 ], [ -668396.196994493715465, 4872976.423643377609551 ], [ -668403.202605452388525, 4872970.881204625591636 ], [ -668448.463200028985739, 4872897.587718832306564 ], [ -668555.474127355730161, 4872768.919065956026316 ], [ -668668.587684030411765, 4872225.476478014141321 ], [ -668604.139754907228053, 4872231.506480415351689 ], [ -668559.402901967987418, 4872232.710459228605032 ], [ -668498.740473984740674, 4872255.946336833760142 ], [ -667797.823626032099128, 4872604.930601414293051 ], [ -667511.649865945102647, 4872739.904205995611846 ] ] ] } },
{ "type": "Feature", "properties": { "OBJECTID": 262, "Block_Groups_TOTPOP10": 2735, "Block_Groups_PopOver65": 459, "Block_Groups_Over65Density": 167824.49725776966, "Shape_Length": 5602.4550336318107, "Shape_Area": 1701111.3307580096 }, "geometry": { "type": "Polygon", "coordinates": [ [ [ -662082.194019530666992, 4852082.703565050847828 ], [ -662536.075217594392598, 4852134.750045337714255 ], [ -662600.450086130993441, 4852147.38271723035723 ], [ -662674.425330899655819, 4852174.486901216208935 ], [ -662725.60929355211556, 4852202.174303913488984 ], [ -662776.262445507338271, 4852237.306597260758281 ], [ -662872.201619567815214, 4852325.485145919956267 ], [ -662899.602508293231949, 4852333.23663036338985 ], [ -662929.129472523462027, 4852333.06600605417043 ], [ -663021.833071677247062, 4852295.586244756355882 ], [ -663053.335120545467362, 4852292.742952633649111 ], [ -663226.09782127966173, 4852334.674239927902818 ], [ -663328.685489941388369, 4852349.400807773694396 ], [ -663668.055514752166346, 4852438.247862559743226 ], [ -663737.501906293211505, 4852001.823844850994647 ], [ -663836.294993765186518, 4851465.675273043103516 ], [ -663855.686735219554976, 4851327.321283295750618 ], [ -663708.630592642584816, 4851307.163790085352957 ], [ -663601.288592827739194, 4851284.831870259717107 ], [ -663560.812833246774971, 4851269.541238145902753 ], [ -663501.514519318239763, 4851223.107184847816825 ], [ -663463.07455929974094, 4851283.545223126187921 ], [ -662717.03643848374486, 4851179.466956446878612 ], [ -662670.834572140360251, 4851157.916837532073259 ], [ -662441.8807559593115, 4850985.706893799826503 ], [ -662402.667340104700997, 4850963.105041432194412 ], [ -662348.233372992835939, 4850945.411676145158708 ], [ -662260.697387236403301, 4850931.046390262432396 ], [ -662215.119372511515394, 4851208.074962455779314 ], [ -662148.72069406369701, 4851645.037933082319796 ], [ -662105.320782808819786, 4851926.934407697990537 ], [ -662082.194019530666992, 4852082.703565050847828 ] ] ] } },
{ "type": "Feature", "properties": { "OBJECTID": 263, "Block_Groups_TOTPOP10": 992, "Block_Groups_PopOver65": 80, "Block_Groups_Over65Density": 80645.161290322576, "Shape_Length": 10759.604165131444, "Shape_Area": 7181183.7212249422 }, "geometry": { "type": "Polygon", "coordinates": [ [ [ -670994.015404938487336, 4857485.404594177380204 ], [ -672500.968833126360551, 4857721.924645945429802 ], [ -672586.559038552688435, 4857742.896145516075194 ], [ -672694.071445586392656, 4857798.596082199364901 ], [ -672944.235464666970074, 4857843.034212369471788 ], [ -673061.131040038075298, 4857870.986971265636384 ], [ -673376.420197315048426, 4857343.448769287206233 ], [ -673504.530154139269143, 4857142.71771658398211 ], [ -673498.088579294504598, 4857101.642925866879523 ], [ -673521.864951779833063, 4857117.102859128266573 ], [ -673913.765034883050248, 4856523.725472522899508 ], [ -674018.465452076168731, 4856344.507080930285156 ], [ -674229.950560200959444, 4856004.511390569619834 ], [ -674256.49685094342567, 4855908.878030612133443 ], [ -674382.750901087885723, 4855242.567334112711251 ], [ -674195.789728432195261, 4855203.874120991677046 ], [ -673979.104909384390339, 4855157.733346926979721 ], [ -673261.107774832518771, 4855009.758957775309682 ], [ -672784.825614142697304, 4854920.617618822492659 ], [ -672303.970366602065042, 4854783.971120027825236 ], [ -672164.736138505395502, 4854753.661365145817399 ], [ -671881.830404589418322, 4854696.800912592560053 ], [ -671533.635745313717052, 4854636.868280257098377 ], [ -671318.087598878890276, 4855864.978611478582025 ], [ -670994.015404938487336, 4857485.404594177380204 ] ] ] } },
{ "type": "Feature", "properties": { "OBJECTID": 264, "Block_Groups_TOTPOP10": 2783, "Block_Groups_PopOver65": 162, "Block_Groups_Over65Density": 58210.564139417897, "Shape_Length": 20476.070214431929, "Shape_Area": 23375243.008571789 }, "geometry": { "type": "Polygon", "coordinates": [ [ [ -681346.706817372469231, 4877710.434065520763397 ], [ -681380.980331556871533, 4877717.251670184545219 ], [ -681745.152166186831892, 4877715.515545438043773 ], [ -681965.993042342597619, 4877726.02919027581811 ], [ -682027.953138831537217, 4877738.504476476460695 ], [ -682171.034516233718023, 4877804.461871913634241 ], [ -683722.529708955204114, 4878609.006982370279729 ], [ -683806.99676771229133, 4878643.54752616584301 ], [ -684570.393038114299998, 4878766.214700061827898 ], [ -685840.238991615129635, 4878983.459675 ], [ -686748.816383584635332, 4879143.469740323722363 ], [ -687426.958292912924662, 4879274.638469787314534 ], [ -687452.264346187934279, 4879238.511865181848407 ], [ -687541.644407779211178, 4879152.089028785936534 ], [ -687560.083217937499285, 4879141.826809987425804 ], [ -687636.616081908810884, 4879127.607084391638637 ], [ -687665.349338250001892, 4879114.662369068711996 ], [ -687701.719517623540014, 4879084.266127496957779 ], [ -687779.360973345814273, 4879034.127235149033368 ], [ -687836.566494354279712, 4878963.044390932656825 ], [ -687867.331136027118191, 4878942.93666466884315 ], [ -687895.842070301761851, 4878939.734280737116933 ], [ -688395.944257473340258, 4879036.293987081386149 ], [ -688445.553239973261952, 4879037.603434515185654 ], [ -688466.899367098230869, 4879006.790348208509386 ], [ -688652.232976904604584, 4878025.365859345532954 ], [ -688661.360369640402496, 4877982.587681852281094 ], [ -688669.637705858564004, 4877974.277667022310197 ], [ -688951.939314220100641, 4876464.973359414376318 ], [ -689051.803554070880637, 4875823.294113199226558 ], [ -688667.639027850003913, 4875629.9592016171664 ], [ -688384.4512162017636, 4875497.521992720663548 ], [ -688287.927598010748625, 4875454.004757528193295 ], [ -688193.887991964118555, 4875430.504467914812267 ], [ -688127.02020198921673, 4875428.399584681726992 ], [ -688069.237875049933791, 4875434.68629499245435 ], [ -687004.087533083278686, 4875625.506176409311593 ], [ -686874.964704406214878, 4875637.943343173712492 ], [ -686735.208594113588333, 4875637.955453941598535 ], [ -685748.719427034026012, 4875518.489218890666962 ], [ -684256.055676441174001, 4875327.487012742087245 ], [ -683601.682833140017465, 4875256.68054660782218 ], [ -682937.540579334599897, 4875160.12639972101897 ], [ -682714.237968977773562, 4875141.663631728850305 ], [ -682253.974814147222787, 4875049.667337655089796 ], [ -682118.718113220063969, 4875028.744942057877779 ], [ -681843.62262230925262, 4875332.988492236472666 ], [ -681751.59405641281046, 4875409.259848908521235 ], [ -681651.779192252550274, 4875521.022120129317045 ], [ -681600.927523574559018, 4875586.516813179478049 ], [ -681543.924240009626374, 4875682.523885452188551 ], [ -681485.9403788857162, 4875818.23235070053488 ], [ -681465.282012295210734, 4875883.79764050245285 ], [ -681450.655026215361431, 4875957.952694643288851 ], [ -681268.985968176042661, 4876472.770090221427381 ], [ -681248.550820263801143, 4876566.95499911531806 ], [ -681262.178681274410337, 4876664.907215955667198 ], [ -681376.481168573023751, 4877260.612310925498605 ], [ -681360.984276863513514, 4877582.830225217156112 ], [ -681346.706817372469231, 4877710.434065520763397 ] ] ] } },
{ "type": "Feature", "properties": { "OBJECTID": 265, "Block_Groups_TOTPOP10": 1823, "Block_Groups_PopOver65": 340, "Block_Groups_Over65Density": 186505.75973669774, "Shape_Length": 6332.3264030000764, "Shape_Area": 2301603.2008005744 }, "geometry": { "type": "Polygon", "coordinates": [ [ [ -678003.13827134296298, 4876879.69860901683569 ], [ -678071.132179256528616, 4876832.280738445930183 ], [ -678264.941934263100848, 4876940.183949175290763 ], [ -678769.100729296915233, 4877008.867050095461309 ], [ -679011.309083194239065, 4877060.659088620916009 ], [ -679201.105946977389976, 4877084.400169735774398 ], [ -679616.018107503186911, 4877158.446563292294741 ], [ -679658.064937822986394, 4876903.372048887424171 ], [ -679768.572620738996193, 4876337.680698401294649 ], [ -679781.610278407111764, 4876315.160214480012655 ], [ -679886.895669407909736, 4876214.905607321299613 ], [ -679951.113831389462575, 4876141.998071736656129 ], [ -680097.40868153446354, 4875954.95073379855603 ], [ -680123.095347914611921, 4875899.305572027340531 ], [ -680134.041268837405369, 4875811.715368860401213 ], [ -680145.523501521674916, 4875772.367024785839021 ], [ -680164.843079766491428, 4875731.393857332877815 ], [ -680224.669347962597385, 4875644.914534278213978 ], [ -680202.183299188502133, 4875631.161190158687532 ], [ -680058.262394585413858, 4875544.043530661612749 ], [ -680050.249458234291524, 4875538.113964970223606 ], [ -680011.43811274250038, 4875518.4682553159073 ], [ -679931.794061831664294, 4875486.343785409815609 ], [ -679826.874484857777134, 4875464.802790420129895 ], [ -679689.656990146497265, 4875446.587479713372886 ], [ -679624.715740586398169, 4875450.917910355143249 ], [ -679496.135409468086436, 4875477.865569740533829 ], [ -679246.458738755201921, 4875583.489404418505728 ], [ -678220.229242927860469, 4876034.251736288890243 ], [ -678146.394176636589691, 4876050.56101043894887 ], [ -678072.965001919306815, 4876475.355022676289082 ], [ -678005.969379383139312, 4876863.65249237138778 ], [ -678003.13827134296298, 4876879.69860901683569 ] ] ] } },
{ "type": "Feature", "properties": { "OBJECTID": 266, "Block_Groups_TOTPOP10": 1602, "Block_Groups_PopOver65": 232, "Block_Groups_Over65Density": 144818.97627965044, "Shape_Length": 7462.3812580908716, "Shape_Area": 2331436.4673996894 }, "geometry": { "type": "Polygon", "coordinates": [ [ [ -679616.018107503186911, 4877158.446563292294741 ], [ -679524.021120531717315, 4877717.558952923864126 ], [ -679345.807320797117427, 4878764.472198420204222 ], [ -680124.193859790218994, 4878890.80532630905509 ], [ -680143.865864484803751, 4878890.524370681494474 ], [ -680168.783375721657649, 4878864.851016429252923 ], [ -680433.69161330233328, 4877272.880219958722591 ], [ -680608.257737495237961, 4876276.940137876197696 ], [ -680625.201142807258293, 4876202.449038523249328 ], [ -680658.608842703979462, 4876171.492043171077967 ], [ -680367.261180632282048, 4875756.628465929068625 ], [ -680311.297532275319099, 4875701.599467507563531 ], [ -680224.669347962597385, 4875644.914534278213978 ], [ -680164.843079766491428, 4875731.393857332877815 ], [ -680145.523501521674916, 4875772.367024785839021 ], [ -680134.041268837405369, 4875811.715368860401213 ], [ -680123.095347914611921, 4875899.305572027340531 ], [ -680097.40868153446354, 4875954.95073379855603 ], [ -679951.113831389462575, 4876141.998071736656129 ], [ -679886.895669407909736, 4876214.905607321299613 ], [ -679781.610278407111764, 4876315.160214480012655 ], [ -679768.572620738996193, 4876337.680698401294649 ], [ -679658.064937822986394, 4876903.372048887424171 ], [ -679616.018107503186911, 4877158.446563292294741 ] ] ] } },
{ "type": "Feature", "properties": { "OBJECTID": 267, "Block_Groups_TOTPOP10": 751, "Block_Groups_PopOver65": 97, "Block_Groups_Over65Density": 129161.11850865513, "Shape_Length": 3217.9916879041025, "Shape_Area": 325469.55885892693 }, "geometry": { "type": "Polygon", "coordinates": [ [ [ -677950.807387652806938, 4876029.600127287209034 ], [ -678064.409255384933203, 4876048.885692000389099 ], [ -678146.394176636589691, 4876050.56101043894887 ], [ -678220.229242927860469, 4876034.251736288890243 ], [ -679246.458738755201921, 4875583.489404418505728 ], [ -679227.055630397517234, 4875539.440870696678758 ], [ -679184.318141073454171, 4875507.823353697545826 ], [ -679156.08770449901931, 4875466.730383904650807 ], [ -679158.534580444684252, 4875452.868912083096802 ], [ -679197.189421703806147, 4875422.077953439205885 ], [ -679106.752576017519459, 4875421.159875354729593 ], [ -679069.065605046926066, 4875412.250999841839075 ], [ -678999.402677035657689, 4875439.074061800725758 ], [ -678894.388697184389457, 4875400.98113870061934 ], [ -678851.021402059355751, 4875398.593683991581202 ], [ -678834.44669890566729, 4875406.952800250612199 ], [ -678806.197626545326784, 4875408.738223358988762 ], [ -678699.381197479786351, 4875517.773558793589473 ], [ -678637.180385467130691, 4875557.9508301531896 ], [ -678474.621233453741297, 4875627.811792965047061 ], [ -678402.79972842335701, 4875636.955269365571439 ], [ -678333.183737790212035, 4875659.275983625091612 ], [ -678250.904911886435002, 4875676.354478397406638 ], [ -678203.453840186819434, 4875680.019587223418057 ], [ -678196.349058967782184, 4875805.888281249441206 ], [ -678173.142610878683627, 4875873.252696217037737 ], [ -678136.812214761041105, 4875890.914049215614796 ], [ -678049.90028018434532, 4875865.805348590016365 ], [ -678041.891957526793703, 4875928.32787601929158 ], [ -677970.749685371061787, 4875916.532035076059401 ], [ -677950.807387652806938, 4876029.600127287209034 ] ] ] } },
{ "type": "Feature", "properties": { "OBJECTID": 268, "Block_Groups_TOTPOP10": 4234, "Block_Groups_PopOver65": 334, "Block_Groups_Over65Density": 78885.214926783185, "Shape_Length": 11799.784221244952, "Shape_Area": 7238408.5557710314 }, "geometry": { "type": "Polygon", "coordinates": [ [ [ -656453.814045635750517, 4869420.983338332735002 ], [ -656173.399414397776127, 4870994.922365666367114 ], [ -655988.146293743979186, 4871944.124020241200924 ], [ -656644.950185105204582, 4871969.840214982628822 ], [ -657021.171557696303353, 4872004.897244391031563 ], [ -657282.707484113518149, 4872040.404772684909403 ], [ -658304.163473501801491, 4872207.564385780133307 ], [ -658416.706955075263977, 4872219.554167266003788 ], [ -658649.954173204721883, 4872226.920175748877227 ], [ -658849.606970556080341, 4872214.943821651861072 ], [ -659003.618344475282356, 4872196.561200755648315 ], [ -659913.043830186128616, 4872331.7688232306391 ], [ -659915.603062071604654, 4872312.674741162918508 ], [ -659920.974774249363691, 4872273.027517529204488 ], [ -659722.487943305866793, 4871908.68683444429189 ], [ -659705.630462722154334, 4871888.477981630712748 ], [ -659667.160388263175264, 4871866.774378930218518 ], [ -659649.588321699760854, 4871863.726216089911759 ], [ -659398.194108535768464, 4871843.418181498534977 ], [ -659470.682013572892174, 4871386.295657958835363 ], [ -659466.603670177515596, 4871353.27235455904156 ], [ -659259.48891129065305, 4870598.863209289498627 ], [ -659262.817040159134194, 4870531.795755189843476 ], [ -659309.82807711022906, 4870225.765659444965422 ], [ -659265.028860796941444, 4870218.752356958575547 ], [ -659047.903269401052967, 4870178.868394086137414 ], [ -658379.206086256541312, 4870032.961354394443333 ], [ -658159.253139631124213, 4869974.579926740378141 ], [ -658046.47424000967294, 4869933.257197101600468 ], [ -657866.017462476622313, 4869847.151370932348073 ], [ -657494.185015146620572, 4869615.946364038623869 ], [ -657383.167181411758065, 4869564.419368440285325 ], [ -657265.001666282769293, 4869523.68350949510932 ], [ -657113.07124366867356, 4869490.638208745978773 ], [ -656641.574956420809031, 4869425.636035955511034 ], [ -656543.892383668571711, 4869414.76039276458323 ], [ -656453.814045635750517, 4869420.983338332735002 ] ] ] } },
{ "type": "Feature", "properties": { "OBJECTID": 269, "Block_Groups_TOTPOP10": 1712, "Block_Groups_PopOver65": 132, "Block_Groups_Over65Density": 77102.803738317758, "Shape_Length": 8667.9661652067753, "Shape_Area": 3272660.3413124308 }, "geometry": { "type": "Polygon", "coordinates": [ [ [ -657255.357616366818547, 4881065.166333664208651 ], [ -657393.732146157417446, 4881096.696812079288065 ], [ -657558.889306578086689, 4881117.121932455338538 ], [ -658389.065037596970797, 4881259.097739124670625 ], [ -659814.331998714013025, 4881452.922090403735638 ], [ -660064.37310682144016, 4880232.378564222715795 ], [ -660298.090813973220065, 4879027.530040959827602 ], [ -660218.243043123511598, 4879014.391562639735639 ], [ -660194.263308129506186, 4879004.964754842221737 ], [ -660161.584158969344571, 4878963.241243570111692 ], [ -659655.933692195219919, 4879353.55933652818203 ], [ -658795.857401246204972, 4880019.307095457799733 ], [ -658423.430131108732894, 4880281.108926420100033 ], [ -657766.965932548977435, 4880690.959531177766621 ], [ -657255.357616366818547, 4881065.166333664208651 ] ] ] } }
]
}
